   Compiling proc_A_dine01 v0.1.1 (C:\dev\github\Rust_engine_template_01)
    Finished `release` profile [optimized] target(s) in 1m 18s
     Running `target\release\proc_A_dine01.exe --test visual`
2026-05-23T04:28:03.810211Z  INFO bevy_diagnostic::system_information_diagnostics_plugin::internal: SystemInfo { os: "Windows 10 Pro", kernel: "19045", cpu: "AMD Ryzen 7 7800X3D 8-Core Processor", core_count: "8", memory: "31.1 GiB" }
2026-05-23T04:28:04.065188Z  INFO bevy_render::renderer: AdapterInfo { name: "AMD Radeon RX 7800 XT", vendor: 4098, device: 29822, device_type: DiscreteGpu, driver: "AMD proprietary driver", driver_info: "26.5.2 (LLPC)", backend: Vulkan }
2026-05-23T04:28:04.332398Z  INFO proc_A_dine01::terrain::generation::world_generation_plugin: World Generation Tools initialized. Default key for UI is F8; change under Options ÔåÆ key bindings when KeybindingsOptionsPlugin is loaded.
2026-05-23T04:28:04.332889Z  INFO proc_A_dine01::engine::engine_with_worldgen: Engine initialized. Optional: `--test weather` / `--test fire` / `--test atmosphere` / `--test visual` for sample worlds. Keys: F1 options ┬À F2 pressure composer ┬À F3 diagnostics ┬À F7 agent perms ┬À F11/F12 capture; RON under user config ┬À captures under APPDATA/proc_A_dine01/captures.
2026-05-23T04:28:04.345030Z  INFO bevy_render::batching::gpu_preprocessing: GPU preprocessing is fully supported on this device.
2026-05-23T04:28:04.346374Z  INFO bevy_egui::render: Using bindless_mode_array_size 16 (Device maximum 4294967295)
2026-05-23T04:28:04.346520Z  INFO bevy_winit::system: Creating new window proc_A_dine01 (0v0)
2026-05-23T04:28:04.400419Z  INFO visual_diag: VISUAL_DIAG active ÔÇö RUST_LOG=visual_diag=info,visual_diag::anomaly=warn
2026-05-23T04:28:04.400449Z  INFO worldgen_chrome: WORLDGEN_CHROME_DEBUG active ÔÇö filter RUST_LOG=worldgen_chrome=info,worldgen_chrome::anomaly=warn,worldgen_chrome::preview_egui=warn
2026-05-23T04:28:04.400465Z  INFO sim_view_sync: SIM_VIEW_SYNC_DEBUG active ÔÇö filter RUST_LOG=sim_view_sync=info,sim_view_sync::anomaly=warn
2026-05-23T04:28:04.402544Z  INFO stage5_live_todos: STAGE5_ACTIVE_TODO subsystem=First(render_frame_start) spine_gate_seq=["TODO-01", "TODO-04", "TODO-06"] idx=0 id=TODO-01 status=InProgress file=src/render/stage5_readiness.rs system=Stage5ReadinessProfile, evaluate_app_stage5_readiness goal=Running-app readiness fence is proven: FULL_APP report fully populated each PostUpdate, not UNKNOWN. runtime_check=RUST_LOG=stage5_readiness::live=info shows READINESS_EVAL_BEGIN/END/FLAGS, READINESS_VIOLATION_SUMMARY, READINESS_FRAME_FENCE / READINESS_FRAME_FENCE_OK; inv increases. failure_mode=FULL_APP false-positive green or all gates UNKNOWN in windowed app.
2026-05-23T04:28:04.431124Z  INFO proc_A_dine01::render::viewport_pipeline: resolved viewport=primary_window revision=1 logical=(1280.0,720.0) physical=1280x720
2026-05-23T04:28:04.431152Z  INFO worldgen_chrome::open: CHROME_OPEN reason="ux_begin_world_gen_from_menu" world_gen_visible=true preview_window_open=true
2026-05-23T04:28:04.431329Z  INFO proc_A_dine01::gui::editor::world_preview::preview_readiness: PREVIEW STATE: world=true cam=true tex=true proj=false state=Degraded world_ready=true camera_ready=true texture_ready=true projection_ready=false missing=Some("viewport_projection") contract_valid=false wp_half_x=0.0 wp_half_y=0.0 wp_logical_w=0.0 wp_logical_h=0.0 viewport_rev=1
2026-05-23T04:28:04.431357Z  INFO stage5_live_todos: STAGE5_ACTIVE_TODO subsystem=map_camera_mirror_chain spine_gate_seq=["TODO-01", "TODO-04", "TODO-06"] idx=0 id=TODO-01 status=InProgress file=src/render/stage5_readiness.rs system=Stage5ReadinessProfile, evaluate_app_stage5_readiness goal=Running-app readiness fence is proven: FULL_APP report fully populated each PostUpdate, not UNKNOWN. runtime_check=RUST_LOG=stage5_readiness::live=info shows READINESS_EVAL_BEGIN/END/FLAGS, READINESS_VIOLATION_SUMMARY, READINESS_FRAME_FENCE / READINESS_FRAME_FENCE_OK; inv increases. failure_mode=FULL_APP false-positive green or all gates UNKNOWN in windowed app.
2026-05-23T04:28:04.431376Z  INFO stage5_live_todos: STAGE5_MAP_CAMERA_HOOK post_mirror desired_xy=(0.00,0.00) zoom=1.0000 world_main_xy=(0.00,0.00) zoom=-1.0000 bridge_drift=2.0000
2026-05-23T04:28:04.431770Z  INFO stage5_readiness::live: READINESS_PROJECTION_GRAPH_BUILD dom=3 tick=1 order=fire+logistics+ecology fire_inst=0 fire_heat=0 log_rows=0 eco_rows=0 fire_snap=1 log_snap=1 eco_snap=1
2026-05-23T04:28:04.432031Z  INFO stage5_live_todos: STAGE5_ACTIVE_TODO subsystem=fire_extract_post spine_gate_seq=["TODO-01", "TODO-04", "TODO-06"] idx=0 id=TODO-01 status=InProgress file=src/render/stage5_readiness.rs system=Stage5ReadinessProfile, evaluate_app_stage5_readiness goal=Running-app readiness fence is proven: FULL_APP report fully populated each PostUpdate, not UNKNOWN. runtime_check=RUST_LOG=stage5_readiness::live=info shows READINESS_EVAL_BEGIN/END/FLAGS, READINESS_VIOLATION_SUMMARY, READINESS_FRAME_FENCE / READINESS_FRAME_FENCE_OK; inv increases. failure_mode=FULL_APP false-positive green or all gates UNKNOWN in windowed app.
2026-05-23T04:28:04.432042Z  INFO stage5_live_todos: STAGE5_FIRE_HOOK fire_visual_producer_count=1 (expect 1 for FIRE-01)
2026-05-23T04:28:04.432066Z  INFO stall: STALL after_tile_storage_apply: 27.41ms
2026-05-23T04:28:04.432438Z  WARN proc_A_dine01::io::streaming::task_pool: stream hydrate skipped: missing save manifest at saves/incremental
2026-05-23T04:28:04.432513Z  INFO stage5_live_todos: STAGE5_ACTIVE_TODO subsystem=representation_spine_post_merge spine_gate_seq=["TODO-01", "TODO-04", "TODO-06"] idx=0 id=TODO-01 status=InProgress file=src/render/stage5_readiness.rs system=Stage5ReadinessProfile, evaluate_app_stage5_readiness goal=Running-app readiness fence is proven: FULL_APP report fully populated each PostUpdate, not UNKNOWN. runtime_check=RUST_LOG=stage5_readiness::live=info shows READINESS_EVAL_BEGIN/END/FLAGS, READINESS_VIOLATION_SUMMARY, READINESS_FRAME_FENCE / READINESS_FRAME_FENCE_OK; inv increases. failure_mode=FULL_APP false-positive green or all gates UNKNOWN in windowed app.
2026-05-23T04:28:04.432525Z  INFO stage5_live_todos: STAGE5_SPINE_HOOK policy_present=true graph_present=true fence_committed=true fence_fire_tick=1 world_frame_present=true overlay_rev=0 overlay_chunk_cells=0 atm_partial_dispatch=0 atm_gpu_tex_uploads=0 atm_full_field_fallback=false
2026-05-23T04:28:04.433548Z  INFO industrial_activation_todos: INDUSTRIAL_ACTIVATION_GREEN
2026-05-23T04:28:04.439273Z  INFO stall: STALL pre_egui: 7.21ms
2026-05-23T04:28:04.439356Z  INFO stage5_live_todos: STAGE5_ACTIVE_TODO subsystem=evaluate_app_stage5_readiness spine_gate_seq=["TODO-01", "TODO-04", "TODO-06"] idx=0 id=TODO-01 status=InProgress file=src/render/stage5_readiness.rs system=Stage5ReadinessProfile, evaluate_app_stage5_readiness goal=Running-app readiness fence is proven: FULL_APP report fully populated each PostUpdate, not UNKNOWN. runtime_check=RUST_LOG=stage5_readiness::live=info shows READINESS_EVAL_BEGIN/END/FLAGS, READINESS_VIOLATION_SUMMARY, READINESS_FRAME_FENCE / READINESS_FRAME_FENCE_OK; inv increases. failure_mode=FULL_APP false-positive green or all gates UNKNOWN in windowed app.
2026-05-23T04:28:04.439371Z  INFO stage5_live_todos: STAGE5_READINESS_HOOK passes=true violations_first=(none) producer_count=1
2026-05-23T04:28:04.439375Z  INFO stage5_live_todos: STAGE5_TODO_BOARD_RECONCILE marked_done=10 reopened=0 done_count=10/13 inv=1
2026-05-23T04:28:04.439397Z  INFO stage5_readiness::truth: 
========== STAGE5_FULL_APP_TRUTH (post_update_invocation=1 sim_tick=0) ==========
FULL_APP_PROFILE_ACTIVE: true
stage5_readiness_passes: true
--- AppStage5ReadinessReport (hard gates) ---
vt4_ok: true  [src: evaluate_app_stage5_readiness / VtCiMatrixLiveReport OR VisualAgreementFrame]
vt5_ok: true  [src: evaluate_app_stage5_readiness / VtCiMatrixLiveReport]
single_fire_extract: true  [src: fire_visual_producer_count / REGISTERED_VISUAL_PRODUCERS]
gpu_field_authoritative: true  [src: P2H_GPU_PARTIAL_WRITES_AUTHORITATIVE]
preview_render_target_active: true  [src: preview_authoritative_surface]
phase_d_ok: true  [derived: !require_preview || preview_render_target_active]
overlay_from_shared_buffers_only: true  [src: SharedOverlayFieldBuffers resource exists]
particle_lod_scales: true  [src: GpuRepresentationMetrics vs RepresentationResult band]
phase_f_lod_proof_ok: true  [src: PhaseFLodProofReport]
instanced_dispatch_ok: true  [src: GpuIndirectDrawSpine vs WorldFireParticleDrawDispatch]
phase_f_ok: true  [derived: particle_lod_scales && phase_f_lod_proof_ok && instanced_dispatch_ok]
projection_domains (report): 3  [src: RenderProjectionGraph via evaluate_stage5_spine_checklist]
registered_producers: 2
duplicate_visual_scan_count: 0
--- violations (first = primary suspect) ---
first: (none)
all: []
--- input wiring (MISSING = UNKNOWNÔåÆoperator FAIL) ---
RepresentationResult: true
WorldRepresentationFrame: true
RenderProjectionGraph: true
CommittedVisualSnapshotFence: true
SharedOverlayFieldBuffers: true
GpuRepresentationMetrics: true
VisualAgreementFrame: true
VtCiMatrixLiveReport: true
AtmospherePartialWriteMetrics: true
PreviewCameraState: true
WorldPreviewGpuRuntime: true
PhaseFLodProofReport: true
GpuIndirectDrawSpine: true
WorldFireParticleDrawDispatch: true
FireSimulationSnapshot: true
MISSING_WIRING_FULL_APP: none
================================================================

2026-05-23T04:28:04.440881Z  INFO worldgen_chrome::egui: WORLD_GEN_EGUI_DRAW preview_window_open=true flow=Idle
2026-05-23T04:28:04.444220Z  INFO stage5_live_todos: STAGE5_ACTIVE_TODO subsystem=gpu_indirect_sync_post spine_gate_seq=["TODO-01", "TODO-04", "TODO-06"] idx=3 id=TODO-04 status=InProgress file=src/gui/map_camera.rs, src/gui/view_authority.rs system=ViewManager, MapCameraDesired, mirror + trace goal=ViewManager sole authority for WorldMain camera pose after bridge; MapCameraDesired only mirrored. runtime_check=FULL_APP + RUST_LOG=map_camera_desired::write=debug: MAP_CAMERA_DESIRED_WRITE lines from map_camera_apply_input_to_desired, tile_world_fallback::focus_main_camera_on_world_params, view_representation::apply_minimap_camera_intent when pose changes. failure_mode=minimap/world drift, dual-write inconsistency.
2026-05-23T04:28:04.444233Z  INFO stage5_live_todos: STAGE5_GPU_HOOK indirect_instances=0 dispatch_count=0 draw_instances=0 (PHF-01 alignment)
2026-05-23T04:28:04.444982Z  INFO worldgen_chrome::trace: CHROME_STATE app=Res(State(Setup)) worldgen=Res(State(Idle)) base=Res(State(MainMenu)) flow=Res(State(Idle)) latch_dismissed=false world_gen_visible=true preview_window_open=true lifecycle=Uninitialized last_dismiss="never"
2026-05-23T04:28:04.445004Z  INFO worldgen_chrome::hud: HUD_SHELL_STATE (Editor/Simulation = HUD egui may run; MainMenu = player shell off) base=Res(State(MainMenu)) minimap_visible=true overlay_tray=false command_shell=false transmission=false
2026-05-23T04:28:04.444992Z  INFO sim_view_sync: SIM_VIEW_SYNC frame=0 win_logical=(1280, 720) win_physical=(1280, 720) sim_valid=false sim_adequate=false sim_min=Vec2(0.0, 0.0) sim_max=Vec2(0.0, 0.0) measured_valid=false measured_wh=Vec2(0.0, 0.0) committed_wh=Vec2(0.0, 0.0) sim_wh=Vec2(0.0, 0.0) settle_streak=0 layout_settled=false sim_held=false last_commit="" frozen=false pending_wh=Vec2(0.0, 0.0) cam_hole=false render_hole=false cam_invalid_streak=0 cam_valid_streak=0 cam_scissor=None ortho_fixed_wh=(0, 0) map_view_px=(0, 0) raster_rev=2 resolved_rev=1 app=0 base=0 flow=0 worldgen=0 cmd_shell=false overlay_tray=false transmission=false rect_sanity_issues=0 left_stack_collapsed=true map_cam_scale=Vec3(1.0, 1.0, 1.0) minimap_visible=true
2026-05-23T04:28:04.445011Z  INFO visual_diag: VISUAL_DIAG window frame=0 periodic=false win_logical=(1280, 720) win_physical=(1280, 720) scale=1.0 app=0 base=0 flow=0 worldgen=0 readiness_profile=Stage5ReadinessProfile { require_vt4: true, require_vt5: true, require_preview: true, require_partial_metrics: true, require_world_frame: true, require_phase_f_proof: true, require_instanced_draw: true }
2026-05-23T04:28:04.445025Z  INFO visual_diag: VISUAL_DIAG sim_viewport frame=0 sim_valid=false sim_adequate=false sim_min=Vec2(0.0, 0.0) sim_max=Vec2(0.0, 0.0) sim_wh=(0, 0) measured_valid=false measured_wh=(0, 0) committed_wh=(0, 0) sim_held=false settle_streak=0 layout_settled=false frozen=false last_commit="" pending_wh=(0, 0) pending_min=Vec2(0.0, 0.0) pending_max=Vec2(0.0, 0.0)
2026-05-23T04:28:04.445031Z  INFO visual_diag: VISUAL_DIAG camera frame=0 cam_desired_x=0.0 cam_desired_y=0.0 cam_zoom=1.0 latch_hole=false render_hole=false latch_invalid_streak=0 latch_valid_streak=0 cam_scissor=None ortho_fixed_w=0 ortho_fixed_h=0 map_view_px_w=0 map_view_px_h=0 world_w=320 world_h=320
2026-05-23T04:28:04.445035Z  INFO visual_diag: VISUAL_DIAG resolved_viewports frame=0 resolved_rev=1 primary_valid=true primary_wh=(1280, 720) sim_resolved_valid=false sim_resolved_wh=(0, 0) preview_valid=false preview_wh=(0, 0) minimap_valid=false minimap_wh=(0, 0) mismatch_preview=false mismatch_minimap=false mismatch_sim_map=false mismatch_stale_tex=false
2026-05-23T04:28:04.445038Z  INFO visual_diag: VISUAL_DIAG map_view_frames frame=0 world_preview_proj_rev=4294967297 minimap_proj_rev=4294967297 sim_map_proj_rev=3092376454400
2026-05-23T04:28:04.445041Z  INFO visual_diag: VISUAL_DIAG map_presentation frame=0 wp_fit=Contain wp_viewport=UVec2(1, 1) wp_fit_scale=0.984375 wp_expected_fit_scale=0.984375 wp_zoom=0.0 mm_fit=Contain mm_viewport=UVec2(1, 1) mm_fit_scale=1.0
2026-05-23T04:28:04.445045Z  INFO visual_diag: VISUAL_DIAG render_spine frame=0 raster_rev=2 repr_band=0 repr_lod="LocalTactical" particle_rows_cap=262144 visual_intent="Strategic" visual_zoom_alpha=0.5 fire_particle_rows=0 fire_particle_stamp=1 overlay_rev=0 overlay_chunk_cells=0 graph_fire_inst=0 graph_fire_heat=0 gpu_instance_rows=0 gpu_dispatch=0 gpu_draw=0
2026-05-23T04:28:04.445049Z  INFO visual_diag: VISUAL_DIAG perf frame=0 tile_raster_ms=0.0 tile_raster_ran=false world_repr_ms=0.0 projection_graph_ms=0.0004000000189989805 domain_merge_ms=0.0 readiness_ms=0.04820000007748604 cpu_pre_egui_ms=0.0 cpu_egui_ms=0.0 cpu_post_egui_ms=0.0 gpu_gap_ms=0.0
2026-05-23T04:28:04.445052Z  INFO visual_diag: VISUAL_DIAG hud_shell frame=0 cmd_shell=false overlay_tray=false transmission=false
2026-05-23T04:28:04.445077Z  INFO perf: PERF wall=42.55 instr=0.05 gap=42.50 | cpu_pre_egui=36.78 cpu_egui=4.32 cpu_post_egui=1.45 gpu_gap=0.00 | spine=0.00 world_repr=0.00 graph=0.00 merge=0.00 atm=0.00 readiness=0.05 raster=0.00 (idle) | upd_attrib sum=2.17 pv_cpu=0.00 pv_gpu=0.00 fire=0.10 stream=0.75 map_fit=0.00 hud=0.00 wgen=1.32 | budget_sum=0.00 hud=0.00 overlay=0.00 raster_b=0.00 particles=0.00 residency=0.00 tex_reg=0.00 render_x=0.00 | egui_unbudgeted=4.32 | stall first+preupd=2.13 update=0.02 post_dom=0.00 post_vt=0.02 postÔåÆready=0.01 ready=0.08 postÔåÆegui=7.21 egui=4.22 post_egui=1.37 | stall_hits=[after_tile_storage_apply:27.4,pre_egui:7.2]
2026-05-23T04:28:04.445088Z  INFO perf: PERF frame=42.6ms update=36.8ms egui=4.3ms preview=0.0ms streaming=0.7ms tile_apply=0.0ms viewport=0.0ms map_fit=0.0ms repr=0.0ms raster=0.0ms
2026-05-23T04:28:04.445093Z  INFO stall: STALL culprit=after_tile_storage_apply duration=27.4ms frame=42.6ms
2026-05-23T04:28:04.451230Z  INFO stage5_live_todos: STAGE5_ACTIVE_TODO subsystem=First(render_frame_start) spine_gate_seq=["TODO-01", "TODO-04", "TODO-06"] idx=3 id=TODO-04 status=InProgress file=src/gui/map_camera.rs, src/gui/view_authority.rs system=ViewManager, MapCameraDesired, mirror + trace goal=ViewManager sole authority for WorldMain camera pose after bridge; MapCameraDesired only mirrored. runtime_check=FULL_APP + RUST_LOG=map_camera_desired::write=debug: MAP_CAMERA_DESIRED_WRITE lines from map_camera_apply_input_to_desired, tile_world_fallback::focus_main_camera_on_world_params, view_representation::apply_minimap_camera_intent when pose changes. failure_mode=minimap/world drift, dual-write inconsistency.
2026-05-23T04:28:04.453048Z  INFO proc_A_dine01::render::viewport_pipeline: resolved viewport=world_preview revision=2 logical=(512.0,512.0) physical=512x512
2026-05-23T04:28:04.453078Z  INFO proc_A_dine01::gui::editor::world_preview::preview_readiness: PREVIEW STATE: world=true cam=true tex=true proj=true state=Ready world_ready=true camera_ready=true texture_ready=true projection_ready=true missing=None contract_valid=true wp_half_x=256.0 wp_half_y=256.0 wp_logical_w=512.0 wp_logical_h=512.0 viewport_rev=2
2026-05-23T04:28:04.453094Z  INFO stage5_live_todos: STAGE5_ACTIVE_TODO subsystem=map_camera_mirror_chain spine_gate_seq=["TODO-01", "TODO-04", "TODO-06"] idx=3 id=TODO-04 status=InProgress file=src/gui/map_camera.rs, src/gui/view_authority.rs system=ViewManager, MapCameraDesired, mirror + trace goal=ViewManager sole authority for WorldMain camera pose after bridge; MapCameraDesired only mirrored. runtime_check=FULL_APP + RUST_LOG=map_camera_desired::write=debug: MAP_CAMERA_DESIRED_WRITE lines from map_camera_apply_input_to_desired, tile_world_fallback::focus_main_camera_on_world_params, view_representation::apply_minimap_camera_intent when pose changes. failure_mode=minimap/world drift, dual-write inconsistency.
2026-05-23T04:28:04.453105Z  INFO stage5_live_todos: STAGE5_MAP_CAMERA_HOOK post_mirror desired_xy=(0.00,0.00) zoom=1.0000 world_main_xy=(0.00,0.00) zoom=1.0000 bridge_drift=0.0000
2026-05-23T04:28:04.453420Z  INFO stage5_live_todos: STAGE5_ACTIVE_TODO subsystem=fire_extract_post spine_gate_seq=["TODO-01", "TODO-04", "TODO-06"] idx=3 id=TODO-04 status=InProgress file=src/gui/map_camera.rs, src/gui/view_authority.rs system=ViewManager, MapCameraDesired, mirror + trace goal=ViewManager sole authority for WorldMain camera pose after bridge; MapCameraDesired only mirrored. runtime_check=FULL_APP + RUST_LOG=map_camera_desired::write=debug: MAP_CAMERA_DESIRED_WRITE lines from map_camera_apply_input_to_desired, tile_world_fallback::focus_main_camera_on_world_params, view_representation::apply_minimap_camera_intent when pose changes. failure_mode=minimap/world drift, dual-write inconsistency.
2026-05-23T04:28:04.453429Z  INFO stage5_live_todos: STAGE5_FIRE_HOOK fire_visual_producer_count=1 (expect 1 for FIRE-01)
2026-05-23T04:28:04.454085Z  INFO stage5_live_todos: STAGE5_ACTIVE_TODO subsystem=representation_spine_post_merge spine_gate_seq=["TODO-01", "TODO-04", "TODO-06"] idx=3 id=TODO-04 status=InProgress file=src/gui/map_camera.rs, src/gui/view_authority.rs system=ViewManager, MapCameraDesired, mirror + trace goal=ViewManager sole authority for WorldMain camera pose after bridge; MapCameraDesired only mirrored. runtime_check=FULL_APP + RUST_LOG=map_camera_desired::write=debug: MAP_CAMERA_DESIRED_WRITE lines from map_camera_apply_input_to_desired, tile_world_fallback::focus_main_camera_on_world_params, view_representation::apply_minimap_camera_intent when pose changes. failure_mode=minimap/world drift, dual-write inconsistency.
2026-05-23T04:28:04.454097Z  INFO stage5_live_todos: STAGE5_SPINE_HOOK policy_present=true graph_present=true fence_committed=true fence_fire_tick=2 world_frame_present=true overlay_rev=0 overlay_chunk_cells=0 atm_partial_dispatch=0 atm_gpu_tex_uploads=0 atm_full_field_fallback=false
2026-05-23T04:28:04.457764Z  INFO industrial_activation_todos: INDUSTRIAL_ACTIVATION_GREEN
2026-05-23T04:28:04.457874Z  INFO stage5_live_todos: STAGE5_ACTIVE_TODO subsystem=evaluate_app_stage5_readiness spine_gate_seq=["TODO-01", "TODO-04", "TODO-06"] idx=3 id=TODO-04 status=InProgress file=src/gui/map_camera.rs, src/gui/view_authority.rs system=ViewManager, MapCameraDesired, mirror + trace goal=ViewManager sole authority for WorldMain camera pose after bridge; MapCameraDesired only mirrored. runtime_check=FULL_APP + RUST_LOG=map_camera_desired::write=debug: MAP_CAMERA_DESIRED_WRITE lines from map_camera_apply_input_to_desired, tile_world_fallback::focus_main_camera_on_world_params, view_representation::apply_minimap_camera_intent when pose changes. failure_mode=minimap/world drift, dual-write inconsistency.
2026-05-23T04:28:04.457888Z  INFO stage5_live_todos: STAGE5_READINESS_HOOK passes=true violations_first=(none) producer_count=1
2026-05-23T04:28:04.457893Z  INFO stage5_live_todos: STAGE5_TODO_BOARD_RECONCILE marked_done=1 reopened=0 done_count=11/13 inv=2
2026-05-23T04:28:04.457907Z  INFO stage5_readiness::truth: 
========== STAGE5_FULL_APP_TRUTH (post_update_invocation=2 sim_tick=0) ==========
FULL_APP_PROFILE_ACTIVE: true
stage5_readiness_passes: true
--- AppStage5ReadinessReport (hard gates) ---
vt4_ok: true  [src: evaluate_app_stage5_readiness / VtCiMatrixLiveReport OR VisualAgreementFrame]
vt5_ok: true  [src: evaluate_app_stage5_readiness / VtCiMatrixLiveReport]
single_fire_extract: true  [src: fire_visual_producer_count / REGISTERED_VISUAL_PRODUCERS]
gpu_field_authoritative: true  [src: P2H_GPU_PARTIAL_WRITES_AUTHORITATIVE]
preview_render_target_active: true  [src: preview_authoritative_surface]
phase_d_ok: true  [derived: !require_preview || preview_render_target_active]
overlay_from_shared_buffers_only: true  [src: SharedOverlayFieldBuffers resource exists]
particle_lod_scales: true  [src: GpuRepresentationMetrics vs RepresentationResult band]
phase_f_lod_proof_ok: true  [src: PhaseFLodProofReport]
instanced_dispatch_ok: true  [src: GpuIndirectDrawSpine vs WorldFireParticleDrawDispatch]
phase_f_ok: true  [derived: particle_lod_scales && phase_f_lod_proof_ok && instanced_dispatch_ok]
projection_domains (report): 3  [src: RenderProjectionGraph via evaluate_stage5_spine_checklist]
registered_producers: 2
duplicate_visual_scan_count: 0
--- violations (first = primary suspect) ---
first: (none)
all: []
--- input wiring (MISSING = UNKNOWNÔåÆoperator FAIL) ---
RepresentationResult: true
WorldRepresentationFrame: true
RenderProjectionGraph: true
CommittedVisualSnapshotFence: true
SharedOverlayFieldBuffers: true
GpuRepresentationMetrics: true
VisualAgreementFrame: true
VtCiMatrixLiveReport: true
AtmospherePartialWriteMetrics: true
PreviewCameraState: true
WorldPreviewGpuRuntime: true
PhaseFLodProofReport: true
GpuIndirectDrawSpine: true
WorldFireParticleDrawDispatch: true
FireSimulationSnapshot: true
MISSING_WIRING_FULL_APP: none
================================================================

2026-05-23T04:28:04.457967Z  INFO worldgen_chrome::egui: WORLD_GEN_EGUI_DRAW preview_window_open=true flow=Idle
2026-05-23T04:28:04.471959Z  INFO stage5_live_todos: STAGE5_ACTIVE_TODO subsystem=gpu_indirect_sync_post spine_gate_seq=["TODO-01", "TODO-04", "TODO-06"] idx=4 id=TODO-05 status=InProgress file=src/gui/map_camera.rs system=map_camera_apply_input_to_desired, mirror_world_main_camera_from_map_desired goal=No hidden second writer path for world main camera (VM-09B closed). runtime_check=RUST_LOG=stage5_live_todos=info: STAGE5_MAP_CAMERA_HOOK post_mirror bridge_drift + desired vs WorldMain; no unexplained spikes. failure_mode=Jitter + desync minimap vs world.
2026-05-23T04:28:04.471971Z  INFO stage5_live_todos: STAGE5_GPU_HOOK indirect_instances=0 dispatch_count=0 draw_instances=0 (PHF-01 alignment)
2026-05-23T04:28:04.472444Z  INFO stall: STALL last: 11.43ms
2026-05-23T04:28:04.472449Z  INFO worldgen_chrome::trace: CHROME_STATE app=Res(State(WorldGen)) worldgen=Res(State(Preview)) base=Res(State(MainMenu)) flow=Res(State(Idle)) latch_dismissed=false world_gen_visible=true preview_window_open=true lifecycle=ReadyToRender last_dismiss="never"
2026-05-23T04:28:04.472461Z  INFO visual_diag: VISUAL_DIAG window frame=1 periodic=false win_logical=(1280, 720) win_physical=(1280, 720) scale=1.0 app=1 base=0 flow=0 worldgen=1 readiness_profile=Stage5ReadinessProfile { require_vt4: true, require_vt5: true, require_preview: true, require_partial_metrics: true, require_world_frame: true, require_phase_f_proof: true, require_instanced_draw: true }
2026-05-23T04:28:04.472470Z  INFO visual_diag: VISUAL_DIAG sim_viewport frame=1 sim_valid=false sim_adequate=false sim_min=Vec2(0.0, 0.0) sim_max=Vec2(0.0, 0.0) sim_wh=(0, 0) measured_valid=false measured_wh=(0, 0) committed_wh=(0, 0) sim_held=false settle_streak=0 layout_settled=false frozen=false last_commit="" pending_wh=(0, 0) pending_min=Vec2(0.0, 0.0) pending_max=Vec2(0.0, 0.0)
2026-05-23T04:28:04.472472Z  INFO sim_view_sync: SIM_VIEW_SYNC frame=1 win_logical=(1280, 720) win_physical=(1280, 720) sim_valid=false sim_adequate=false sim_min=Vec2(0.0, 0.0) sim_max=Vec2(0.0, 0.0) measured_valid=false measured_wh=Vec2(0.0, 0.0) committed_wh=Vec2(0.0, 0.0) sim_wh=Vec2(0.0, 0.0) settle_streak=0 layout_settled=false sim_held=false last_commit="" frozen=false pending_wh=Vec2(0.0, 0.0) cam_hole=false render_hole=false cam_invalid_streak=0 cam_valid_streak=0 cam_scissor=None ortho_fixed_wh=(0, 0) map_view_px=(0, 0) raster_rev=2 resolved_rev=2 app=1 base=0 flow=0 worldgen=1 cmd_shell=false overlay_tray=false transmission=false rect_sanity_issues=0 left_stack_collapsed=true map_cam_scale=Vec3(1.0, 1.0, 1.0) minimap_visible=true
2026-05-23T04:28:04.472476Z  INFO visual_diag: VISUAL_DIAG camera frame=1 cam_desired_x=0.0 cam_desired_y=0.0 cam_zoom=1.0 latch_hole=false render_hole=false latch_invalid_streak=0 latch_valid_streak=0 cam_scissor=None ortho_fixed_w=0 ortho_fixed_h=0 map_view_px_w=0 map_view_px_h=0 world_w=320 world_h=320
2026-05-23T04:28:04.472487Z  INFO visual_diag: VISUAL_DIAG resolved_viewports frame=1 resolved_rev=2 primary_valid=true primary_wh=(1280, 720) sim_resolved_valid=false sim_resolved_wh=(0, 0) preview_valid=true preview_wh=(512, 512) minimap_valid=false minimap_wh=(0, 0) mismatch_preview=false mismatch_minimap=false mismatch_sim_map=false mismatch_stale_tex=false
2026-05-23T04:28:04.472491Z  INFO visual_diag: VISUAL_DIAG map_view_frames frame=1 world_preview_proj_rev=2199024256067 minimap_proj_rev=4296967304 sim_map_proj_rev=3092378454407
2026-05-23T04:28:04.472494Z  INFO visual_diag: VISUAL_DIAG map_presentation frame=1 wp_fit=Contain wp_viewport=UVec2(512, 512) wp_fit_scale=1.10595703125 wp_expected_fit_scale=1.10595703125 wp_zoom=0.49794650077819824 mm_fit=Contain mm_viewport=UVec2(1, 1) mm_fit_scale=1.0
2026-05-23T04:28:04.472499Z  INFO visual_diag: VISUAL_DIAG render_spine frame=1 raster_rev=2 repr_band=0 repr_lod="LocalTactical" particle_rows_cap=262144 visual_intent="Strategic" visual_zoom_alpha=0.5 fire_particle_rows=0 fire_particle_stamp=2 overlay_rev=0 overlay_chunk_cells=0 graph_fire_inst=0 graph_fire_heat=0 gpu_instance_rows=0 gpu_dispatch=0 gpu_draw=0
2026-05-23T04:28:04.472504Z  INFO visual_diag: VISUAL_DIAG perf frame=1 tile_raster_ms=0.0 tile_raster_ran=false world_repr_ms=0.0 projection_graph_ms=0.00010000000474974513 domain_merge_ms=0.0 readiness_ms=0.033299997448921204 cpu_pre_egui_ms=0.0 cpu_egui_ms=0.0 cpu_post_egui_ms=0.0 gpu_gap_ms=0.0
2026-05-23T04:28:04.472510Z  INFO visual_diag: VISUAL_DIAG hud_shell frame=1 cmd_shell=false overlay_tray=false transmission=false
2026-05-23T04:28:04.472528Z  INFO perf: PERF wall=21.30 instr=0.03 gap=21.27 | cpu_pre_egui=6.61 cpu_egui=3.18 cpu_post_egui=11.51 gpu_gap=0.00 | spine=0.00 world_repr=0.00 graph=0.00 merge=0.00 atm=0.00 readiness=0.03 raster=0.00 (idle) | upd_attrib sum=1.91 pv_cpu=0.00 pv_gpu=0.00 fire=0.07 stream=0.64 map_fit=0.00 hud=0.00 wgen=1.20 | budget_sum=0.01 hud=0.00 overlay=0.00 raster_b=0.00 particles=0.00 residency=0.01 tex_reg=0.00 render_x=0.00 | egui_unbudgeted=3.18 | stall first+preupd=0.86 update=0.00 post_dom=0.00 post_vt=0.02 postÔåÆready=0.00 ready=0.07 postÔåÆegui=4.14 egui=3.10 post_egui=11.43 | stall_hits=[last:11.4]
2026-05-23T04:28:04.472536Z  INFO perf: PERF frame=21.3ms update=6.6ms egui=3.2ms preview=0.0ms streaming=0.6ms tile_apply=0.0ms viewport=0.0ms map_fit=0.0ms repr=0.0ms raster=0.0ms
2026-05-23T04:28:04.472539Z  INFO stall: STALL culprit=last duration=11.4ms frame=21.3ms
2026-05-23T04:28:04.601212Z  INFO stage5_live_todos: STAGE5_ACTIVE_TODO subsystem=First(render_frame_start) spine_gate_seq=["TODO-01", "TODO-04", "TODO-06"] idx=4 id=TODO-05 status=InProgress file=src/gui/map_camera.rs system=map_camera_apply_input_to_desired, mirror_world_main_camera_from_map_desired goal=No hidden second writer path for world main camera (VM-09B closed). runtime_check=RUST_LOG=stage5_live_todos=info: STAGE5_MAP_CAMERA_HOOK post_mirror bridge_drift + desired vs WorldMain; no unexplained spikes. failure_mode=Jitter + desync minimap vs world.
2026-05-23T04:28:04.602372Z  INFO proc_A_dine01::render::viewport_pipeline: resolved viewport=world_preview revision=3 logical=(373.2,361.9) physical=373x362
2026-05-23T04:28:04.602598Z  INFO proc_A_dine01::gui::editor::world_preview::preview_readiness: PREVIEW STATE: world=false cam=true tex=true proj=true state=Loading world_ready=false camera_ready=true texture_ready=true projection_ready=true missing=Some("world_generation") contract_valid=true wp_half_x=186.59375 wp_half_y=180.953125 wp_logical_w=373.1875 wp_logical_h=361.90625 viewport_rev=4
2026-05-23T04:28:04.603583Z  INFO stage5_live_todos: STAGE5_ACTIVE_TODO subsystem=map_camera_mirror_chain spine_gate_seq=["TODO-01", "TODO-04", "TODO-06"] idx=4 id=TODO-05 status=InProgress file=src/gui/map_camera.rs system=map_camera_apply_input_to_desired, mirror_world_main_camera_from_map_desired goal=No hidden second writer path for world main camera (VM-09B closed). runtime_check=RUST_LOG=stage5_live_todos=info: STAGE5_MAP_CAMERA_HOOK post_mirror bridge_drift + desired vs WorldMain; no unexplained spikes. failure_mode=Jitter + desync minimap vs world.
2026-05-23T04:28:04.603594Z  INFO stage5_live_todos: STAGE5_MAP_CAMERA_HOOK post_mirror desired_xy=(160.00,160.00) zoom=1.0000 world_main_xy=(160.00,160.00) zoom=1.0000 bridge_drift=0.0000
2026-05-23T04:28:04.603618Z  INFO construction_finish_todos: CONSTRUCTION_FINISH_COMPLETE done=8/8
2026-05-23T04:28:04.603630Z  INFO construction_round2_todos: CONSTRUCTION_ROUND2_COMPLETE done=15/15
2026-05-23T04:28:04.603638Z  INFO construction_round3_todos: CONSTRUCTION_ROUND3_COMPLETE done=27/27
2026-05-23T04:28:04.603643Z  INFO construction_operational_todos: CONSTRUCTION_OPERATIONAL_GREEN
2026-05-23T04:28:04.604013Z  INFO stage5_live_todos: STAGE5_ACTIVE_TODO subsystem=fire_extract_post spine_gate_seq=["TODO-01", "TODO-04", "TODO-06"] idx=4 id=TODO-05 status=InProgress file=src/gui/map_camera.rs system=map_camera_apply_input_to_desired, mirror_world_main_camera_from_map_desired goal=No hidden second writer path for world main camera (VM-09B closed). runtime_check=RUST_LOG=stage5_live_todos=info: STAGE5_MAP_CAMERA_HOOK post_mirror bridge_drift + desired vs WorldMain; no unexplained spikes. failure_mode=Jitter + desync minimap vs world.
2026-05-23T04:28:04.604023Z  INFO stage5_live_todos: STAGE5_FIRE_HOOK fire_visual_producer_count=1 (expect 1 for FIRE-01)
2026-05-23T04:28:04.604084Z  INFO world_representation::lod: WorldRepresentation: zoom=1.000 zoom_╬▒=0.157 ÔåÆ LOD band LocalTactical (LT)
2026-05-23T04:28:04.605379Z  INFO stage5_live_todos: STAGE5_ACTIVE_TODO subsystem=representation_spine_post_merge spine_gate_seq=["TODO-01", "TODO-04", "TODO-06"] idx=4 id=TODO-05 status=InProgress file=src/gui/map_camera.rs system=map_camera_apply_input_to_desired, mirror_world_main_camera_from_map_desired goal=No hidden second writer path for world main camera (VM-09B closed). runtime_check=RUST_LOG=stage5_live_todos=info: STAGE5_MAP_CAMERA_HOOK post_mirror bridge_drift + desired vs WorldMain; no unexplained spikes. failure_mode=Jitter + desync minimap vs world.
2026-05-23T04:28:04.605392Z  INFO stage5_live_todos: STAGE5_SPINE_HOOK policy_present=true graph_present=true fence_committed=true fence_fire_tick=3 world_frame_present=true overlay_rev=0 overlay_chunk_cells=0 atm_partial_dispatch=0 atm_gpu_tex_uploads=0 atm_full_field_fallback=false
2026-05-23T04:28:04.606627Z  INFO industrial_activation_todos: INDUSTRIAL_ACTIVATION_GREEN
2026-05-23T04:28:04.606752Z  INFO viewport_authority: VIEWPORT_AUTHORITY source=UiMeasured valid=true min=Vec2(0.0, 0.0) max=Vec2(1280.0, 720.0) w=1280.0 h=720.0
2026-05-23T04:28:04.606764Z  INFO viewport_authority::solver: VIEWPORT_SOLVER_TARGET node=SimMapFill valid=true rect.source=SimMapFill w=1280.0 h=720.0
2026-05-23T04:28:04.606767Z  INFO viewport_authority: VIEWPORT_AUTHORITY source=LayoutSolver valid=true min=Vec2(0.0, 0.0) max=Vec2(1280.0, 720.0) w=1280.0 h=720.0
2026-05-23T04:28:04.606771Z  INFO viewport_authority: VIEWPORT_AUTHORITY source=LayoutSolver valid=true min=Vec2(0.0, 0.0) max=Vec2(1280.0, 720.0) w=1280.0 h=720.0
2026-05-23T04:28:04.606774Z  INFO viewport_authority: VIEWPORT_AUTHORITY source=UiCommitted valid=true min=Vec2(0.0, 0.0) max=Vec2(1280.0, 720.0) w=1280.0 h=720.0
2026-05-23T04:28:04.606791Z  INFO viewport_authority: VIEWPORT_AUTHORITY source=CameraLatch valid=true min=Vec2(0.0, 0.0) max=Vec2(1280.0, 720.0) w=1280.0 h=720.0
2026-05-23T04:28:04.606800Z  INFO viewport_authority: VIEWPORT_AUTHORITY source=CameraApplied valid=true min=Vec2(0.0, 0.0) max=Vec2(1280.0, 720.0) w=1280.0 h=720.0
2026-05-23T04:28:04.606820Z  INFO stage5_live_todos: STAGE5_ACTIVE_TODO subsystem=evaluate_app_stage5_readiness spine_gate_seq=["TODO-01", "TODO-04", "TODO-06"] idx=4 id=TODO-05 status=InProgress file=src/gui/map_camera.rs system=map_camera_apply_input_to_desired, mirror_world_main_camera_from_map_desired goal=No hidden second writer path for world main camera (VM-09B closed). runtime_check=RUST_LOG=stage5_live_todos=info: STAGE5_MAP_CAMERA_HOOK post_mirror bridge_drift + desired vs WorldMain; no unexplained spikes. failure_mode=Jitter + desync minimap vs world.
2026-05-23T04:28:04.606827Z  INFO stage5_live_todos: STAGE5_READINESS_HOOK passes=true violations_first=(none) producer_count=1
2026-05-23T04:28:04.606830Z  INFO stage5_live_todos: STAGE5_TODO_BOARD_RECONCILE marked_done=1 reopened=0 done_count=12/13 inv=3
2026-05-23T04:28:04.606834Z  INFO visual_aidv2_live_todos: VISUAL_AID_V2_BOARD done=2/6 footprint_ok=false readability=false icons=0
2026-05-23T04:28:04.606844Z  INFO stage5_readiness::truth: 
========== STAGE5_FULL_APP_TRUTH (post_update_invocation=3 sim_tick=3) ==========
FULL_APP_PROFILE_ACTIVE: true
stage5_readiness_passes: true
--- AppStage5ReadinessReport (hard gates) ---
vt4_ok: true  [src: evaluate_app_stage5_readiness / VtCiMatrixLiveReport OR VisualAgreementFrame]
vt5_ok: true  [src: evaluate_app_stage5_readiness / VtCiMatrixLiveReport]
single_fire_extract: true  [src: fire_visual_producer_count / REGISTERED_VISUAL_PRODUCERS]
gpu_field_authoritative: true  [src: P2H_GPU_PARTIAL_WRITES_AUTHORITATIVE]
preview_render_target_active: true  [src: preview_authoritative_surface]
phase_d_ok: true  [derived: !require_preview || preview_render_target_active]
overlay_from_shared_buffers_only: true  [src: SharedOverlayFieldBuffers resource exists]
particle_lod_scales: true  [src: GpuRepresentationMetrics vs RepresentationResult band]
phase_f_lod_proof_ok: true  [src: PhaseFLodProofReport]
instanced_dispatch_ok: true  [src: GpuIndirectDrawSpine vs WorldFireParticleDrawDispatch]
phase_f_ok: true  [derived: particle_lod_scales && phase_f_lod_proof_ok && instanced_dispatch_ok]
projection_domains (report): 3  [src: RenderProjectionGraph via evaluate_stage5_spine_checklist]
registered_producers: 2
duplicate_visual_scan_count: 0
--- violations (first = primary suspect) ---
first: (none)
all: []
--- input wiring (MISSING = UNKNOWNÔåÆoperator FAIL) ---
RepresentationResult: true
WorldRepresentationFrame: true
RenderProjectionGraph: true
CommittedVisualSnapshotFence: true
SharedOverlayFieldBuffers: true
GpuRepresentationMetrics: true
VisualAgreementFrame: true
VtCiMatrixLiveReport: true
AtmospherePartialWriteMetrics: true
PreviewCameraState: true
WorldPreviewGpuRuntime: true
PhaseFLodProofReport: true
GpuIndirectDrawSpine: true
WorldFireParticleDrawDispatch: true
FireSimulationSnapshot: true
MISSING_WIRING_FULL_APP: none
================================================================

2026-05-23T04:28:04.607377Z  INFO worldgen_chrome::egui: WORLD_GEN_EGUI_DRAW preview_window_open=true flow=NewWorldSetup
2026-05-23T04:28:04.608247Z  WARN worldgen_chrome::preview_egui: PREVIEW_EGUI_REBIND (egui texture id churn ÔÇö flicker) rebinds_frame=1 rebinds_total=1 projection_revision=1554779161528 window_open=true preview_ready=false texture_bound=true lifecycle=ReadyToRender
2026-05-23T04:28:04.615930Z  INFO stage5_live_todos: STAGE5_ACTIVE_TODO subsystem=gpu_indirect_sync_post spine_gate_seq=["TODO-01", "TODO-04", "TODO-06"] idx=4 id=TODO-05 status=InProgress file=src/gui/map_camera.rs system=map_camera_apply_input_to_desired, mirror_world_main_camera_from_map_desired goal=No hidden second writer path for world main camera (VM-09B closed). runtime_check=RUST_LOG=stage5_live_todos=info: STAGE5_MAP_CAMERA_HOOK post_mirror bridge_drift + desired vs WorldMain; no unexplained spikes. failure_mode=Jitter + desync minimap vs world.
2026-05-23T04:28:04.615940Z  INFO stage5_live_todos: STAGE5_GPU_HOOK indirect_instances=0 dispatch_count=0 draw_instances=0 (PHF-01 alignment)
2026-05-23T04:28:04.616051Z  INFO stall: STALL last: 6.66ms
2026-05-23T04:28:04.616053Z  INFO worldgen_chrome::trace: CHROME_STATE app=Res(State(WorldGen)) worldgen=Res(State(Idle)) base=Res(State(Editor)) flow=Res(State(NewWorldSetup)) latch_dismissed=false world_gen_visible=true preview_window_open=true lifecycle=ReadyToRender last_dismiss="never"
2026-05-23T04:28:04.616061Z  INFO worldgen_chrome::hud: HUD_SHELL_STATE (Editor/Simulation = HUD egui may run; MainMenu = player shell off) base=Res(State(Editor)) minimap_visible=true overlay_tray=false command_shell=false transmission=false
2026-05-23T04:28:04.616067Z  WARN visual_diag::anomaly: RENDER_HOLE_FLIP frame=2 was=false now=true
2026-05-23T04:28:04.616074Z  WARN visual_diag::anomaly: CAMERA_SCISSOR_CHANGED frame=2 was=None now=Some((0, 0, 1280, 720))
2026-05-23T04:28:04.616068Z  INFO sim_view_sync: SIM_VIEW_SYNC frame=2 win_logical=(1280, 720) win_physical=(1280, 720) sim_valid=true sim_adequate=true sim_min=Vec2(0.0, 0.0) sim_max=Vec2(1280.0, 720.0) measured_valid=true measured_wh=Vec2(1280.0, 720.0) committed_wh=Vec2(1280.0, 720.0) sim_wh=Vec2(1280.0, 720.0) settle_streak=1 layout_settled=false sim_held=false last_commit="hole_settling" frozen=false pending_wh=Vec2(1280.0, 720.0) cam_hole=true render_hole=true cam_invalid_streak=0 cam_valid_streak=1 cam_scissor=Some((0, 0, 1280, 720)) ortho_fixed_wh=(1280, 720) map_view_px=(1280, 720) raster_rev=2 resolved_rev=4 app=1 base=1 flow=1 worldgen=0 cmd_shell=false overlay_tray=false transmission=false rect_sanity_issues=0 left_stack_collapsed=true map_cam_scale=Vec3(1.0, 1.0, 1.0) minimap_visible=true
2026-05-23T04:28:04.616085Z  WARN sim_view_sync::anomaly: CAMERA_VIEWPORT_MODE_FLIP (full-window vs map-hole scissor) frame=2 was_hole=false now_hole=true
2026-05-23T04:28:04.616077Z  WARN visual_diag::anomaly: SIM_VIEWPORT_VALIDITY_CHANGED frame=2 was_valid=false now_valid=true
2026-05-23T04:28:04.616103Z  WARN visual_diag::anomaly: SIM_COMMIT_BRANCH_CHANGED frame=2 was=0 now=2
2026-05-23T04:28:04.616088Z  WARN sim_view_sync::anomaly: CAMERA_SCISSOR_CHANGED frame=2 was=None now=Some((0, 0, 1280, 720))
2026-05-23T04:28:04.616108Z  INFO visual_diag: VISUAL_DIAG window frame=2 periodic=false win_logical=(1280, 720) win_physical=(1280, 720) scale=1.0 app=1 base=1 flow=1 worldgen=0 readiness_profile=Stage5ReadinessProfile { require_vt4: true, require_vt5: true, require_preview: true, require_partial_metrics: true, require_world_frame: true, require_phase_f_proof: true, require_instanced_draw: true }
2026-05-23T04:28:04.616118Z  WARN sim_view_sync::anomaly: SIM_MAP_VIEWPORT_VALIDITY_CHANGED frame=2 was_valid=false now_valid=true was_adequate=false now_adequate=true
2026-05-23T04:28:04.616128Z  WARN sim_view_sync::anomaly: RENDER_MODE_FLIP (map-hole scissor vs full-window ÔÇö primary blink source) frame=2 was_render_hole=false now_render_hole=true was_scissor=None now_scissor=Some((0, 0, 1280, 720))
2026-05-23T04:28:04.616126Z  INFO visual_diag: VISUAL_DIAG sim_viewport frame=2 sim_valid=true sim_adequate=true sim_min=Vec2(0.0, 0.0) sim_max=Vec2(1280.0, 720.0) sim_wh=(1280, 720) measured_valid=true measured_wh=(1280, 720) committed_wh=(1280, 720) sim_held=false settle_streak=1 layout_settled=false frozen=false last_commit="hole_settling" pending_wh=(1280, 720) pending_min=Vec2(0.0, 0.0) pending_max=Vec2(1280.0, 720.0)
2026-05-23T04:28:04.616137Z  INFO visual_diag: VISUAL_DIAG camera frame=2 cam_desired_x=160.0 cam_desired_y=160.0 cam_zoom=1.0 latch_hole=true render_hole=true latch_invalid_streak=0 latch_valid_streak=1 cam_scissor=Some((0, 0, 1280, 720)) ortho_fixed_w=1280 ortho_fixed_h=720 map_view_px_w=1280 map_view_px_h=720 world_w=320 world_h=320
2026-05-23T04:28:04.616143Z  INFO visual_diag: VISUAL_DIAG resolved_viewports frame=2 resolved_rev=4 primary_valid=true primary_wh=(1280, 720) sim_resolved_valid=false sim_resolved_wh=(0, 0) preview_valid=true preview_wh=(373, 362) minimap_valid=false minimap_wh=(0, 0) mismatch_preview=true mismatch_minimap=false mismatch_sim_map=false mismatch_stale_tex=false
2026-05-23T04:28:04.616149Z  INFO visual_diag: VISUAL_DIAG map_view_frames frame=2 world_preview_proj_rev=1554779161528 minimap_proj_rev=4296967304 sim_map_proj_rev=3092378454407
2026-05-23T04:28:04.616152Z  INFO visual_diag: VISUAL_DIAG map_presentation frame=2 wp_fit=Contain wp_viewport=UVec2(373, 362) wp_fit_scale=1.10595703125 wp_expected_fit_scale=1.10595703125 wp_zoom=1.3379846811294556 mm_fit=Contain mm_viewport=UVec2(1, 1) mm_fit_scale=1.0
2026-05-23T04:28:04.616159Z  INFO visual_diag: VISUAL_DIAG render_spine frame=2 raster_rev=2 repr_band=0 repr_lod="LocalTactical" particle_rows_cap=262144 visual_intent="Strategic" visual_zoom_alpha=0.00700009148567915 fire_particle_rows=0 fire_particle_stamp=3 overlay_rev=0 overlay_chunk_cells=0 graph_fire_inst=0 graph_fire_heat=0 gpu_instance_rows=0 gpu_dispatch=0 gpu_draw=0
2026-05-23T04:28:04.616164Z  INFO visual_diag: VISUAL_DIAG perf frame=2 tile_raster_ms=0.0 tile_raster_ran=false world_repr_ms=0.006899999920278788 projection_graph_ms=0.0004000000189989805 domain_merge_ms=0.0 readiness_ms=0.024700000882148743 cpu_pre_egui_ms=0.0 cpu_egui_ms=0.0 cpu_post_egui_ms=0.0 gpu_gap_ms=0.0
2026-05-23T04:28:04.616169Z  INFO visual_diag: VISUAL_DIAG hud_shell frame=2 cmd_shell=false overlay_tray=false transmission=false
2026-05-23T04:28:04.616181Z  WARN proc_A_dine01::gui::hud::frame_budget: frame budget anomaly FrameSpike: frame 124.0 ms (avg 124.0 ms)
2026-05-23T04:28:04.616197Z  INFO perf: PERF wall=15.00 instr=0.03 gap=14.97 | cpu_pre_egui=5.53 cpu_egui=2.68 cpu_post_egui=6.79 gpu_gap=0.00 | spine=0.00 world_repr=0.01 graph=0.00 merge=0.00 atm=0.00 readiness=0.02 raster=0.00 (idle) | upd_attrib sum=1.85 pv_cpu=0.00 pv_gpu=0.02 fire=0.14 stream=1.27 map_fit=0.00 hud=0.05 wgen=0.37 | budget_sum=0.07 hud=0.05 overlay=0.00 raster_b=0.00 particles=0.00 residency=0.01 tex_reg=0.00 render_x=0.00 | egui_unbudgeted=2.63 | stall first+preupd=0.25 update=0.01 post_dom=0.01 post_vt=0.02 postÔåÆready=0.00 ready=0.12 postÔåÆegui=2.11 egui=2.54 post_egui=6.66 | stall_hits=[last:6.7]
2026-05-23T04:28:04.616205Z  INFO perf: PERF frame=15.0ms update=5.5ms egui=2.7ms preview=0.0ms streaming=1.3ms tile_apply=0.0ms viewport=0.0ms map_fit=0.0ms repr=0.0ms raster=0.0ms
2026-05-23T04:28:04.616208Z  INFO stall: STALL culprit=last duration=6.7ms frame=15.0ms
2026-05-23T04:28:04.617066Z  INFO stage5_live_todos: STAGE5_ACTIVE_TODO subsystem=First(render_frame_start) spine_gate_seq=["TODO-01", "TODO-04", "TODO-06"] idx=4 id=TODO-05 status=InProgress file=src/gui/map_camera.rs system=map_camera_apply_input_to_desired, mirror_world_main_camera_from_map_desired goal=No hidden second writer path for world main camera (VM-09B closed). runtime_check=RUST_LOG=stage5_live_todos=info: STAGE5_MAP_CAMERA_HOOK post_mirror bridge_drift + desired vs WorldMain; no unexplained spikes. failure_mode=Jitter + desync minimap vs world.
2026-05-23T04:28:04.617345Z  INFO proc_A_dine01::render::viewport_pipeline: resolved viewport=world_preview revision=5 logical=(372.4,361.9) physical=372x362
2026-05-23T04:28:04.617361Z  INFO viewport_authority: VIEWPORT_AUTHORITY source=ResolvedViewport valid=true min=Vec2(0.0, 0.0) max=Vec2(1280.0, 720.0) w=1280.0 h=720.0
2026-05-23T04:28:04.617369Z  INFO proc_A_dine01::render::viewport_pipeline: resolved viewport=simulation_map revision=6 logical=(1280.0,720.0) physical=1280x720
2026-05-23T04:28:04.617387Z  INFO proc_A_dine01::gui::editor::world_preview::preview_readiness: PREVIEW STATE: world=true cam=true tex=true proj=true state=Ready world_ready=true camera_ready=true texture_ready=true projection_ready=true missing=None contract_valid=true wp_half_x=186.21875 wp_half_y=180.953125 wp_logical_w=372.4375 wp_logical_h=361.90625 viewport_rev=7
2026-05-23T04:28:04.618500Z  INFO stage5_live_todos: STAGE5_ACTIVE_TODO subsystem=map_camera_mirror_chain spine_gate_seq=["TODO-01", "TODO-04", "TODO-06"] idx=4 id=TODO-05 status=InProgress file=src/gui/map_camera.rs system=map_camera_apply_input_to_desired, mirror_world_main_camera_from_map_desired goal=No hidden second writer path for world main camera (VM-09B closed). runtime_check=RUST_LOG=stage5_live_todos=info: STAGE5_MAP_CAMERA_HOOK post_mirror bridge_drift + desired vs WorldMain; no unexplained spikes. failure_mode=Jitter + desync minimap vs world.
2026-05-23T04:28:04.618513Z  INFO stage5_live_todos: STAGE5_MAP_CAMERA_HOOK post_mirror desired_xy=(160.00,160.00) zoom=1.0000 world_main_xy=(160.00,160.00) zoom=1.0000 bridge_drift=0.0000
2026-05-23T04:28:04.618528Z  INFO construction_finish_todos: CONSTRUCTION_FINISH_COMPLETE done=8/8
2026-05-23T04:28:04.618537Z  INFO construction_round2_todos: CONSTRUCTION_ROUND2_COMPLETE done=15/15
2026-05-23T04:28:04.618542Z  INFO construction_round3_todos: CONSTRUCTION_ROUND3_COMPLETE done=27/27
2026-05-23T04:28:04.618546Z  INFO construction_operational_todos: CONSTRUCTION_OPERATIONAL_GREEN
2026-05-23T04:28:04.618575Z  INFO proc_A_dine01::terrain::generation::world_generator_enhanced: Generating Preview world with seed: 16535959400916658830 (320├ù320)
2026-05-23T04:28:04.631829Z  INFO stage5_live_todos: STAGE5_ACTIVE_TODO subsystem=fire_extract_post spine_gate_seq=["TODO-01", "TODO-04", "TODO-06"] idx=4 id=TODO-05 status=InProgress file=src/gui/map_camera.rs system=map_camera_apply_input_to_desired, mirror_world_main_camera_from_map_desired goal=No hidden second writer path for world main camera (VM-09B closed). runtime_check=RUST_LOG=stage5_live_todos=info: STAGE5_MAP_CAMERA_HOOK post_mirror bridge_drift + desired vs WorldMain; no unexplained spikes. failure_mode=Jitter + desync minimap vs world.
2026-05-23T04:28:04.631843Z  INFO stage5_live_todos: STAGE5_FIRE_HOOK fire_visual_producer_count=1 (expect 1 for FIRE-01)
2026-05-23T04:28:04.632399Z  INFO stall: STALL after_tile_storage_apply: 15.27ms
2026-05-23T04:28:04.633260Z  INFO stage5_live_todos: STAGE5_ACTIVE_TODO subsystem=representation_spine_post_merge spine_gate_seq=["TODO-01", "TODO-04", "TODO-06"] idx=4 id=TODO-05 status=InProgress file=src/gui/map_camera.rs system=map_camera_apply_input_to_desired, mirror_world_main_camera_from_map_desired goal=No hidden second writer path for world main camera (VM-09B closed). runtime_check=RUST_LOG=stage5_live_todos=info: STAGE5_MAP_CAMERA_HOOK post_mirror bridge_drift + desired vs WorldMain; no unexplained spikes. failure_mode=Jitter + desync minimap vs world.
2026-05-23T04:28:04.633269Z  INFO stage5_live_todos: STAGE5_SPINE_HOOK policy_present=true graph_present=true fence_committed=true fence_fire_tick=4 world_frame_present=true overlay_rev=0 overlay_chunk_cells=0 atm_partial_dispatch=0 atm_gpu_tex_uploads=0 atm_full_field_fallback=false
2026-05-23T04:28:04.634267Z  INFO industrial_activation_todos: INDUSTRIAL_ACTIVATION_GREEN
2026-05-23T04:28:04.634548Z  INFO viewport_authority: VIEWPORT_AUTHORITY source=UiMeasured valid=true min=Vec2(0.0, 0.0) max=Vec2(1280.0, 720.0) w=1280.0 h=720.0
2026-05-23T04:28:04.641503Z  INFO viewport_authority::solver: VIEWPORT_SOLVER_TARGET node=SimMapFill valid=true rect.source=SimMapFill w=1280.0 h=720.0
2026-05-23T04:28:04.641509Z  INFO viewport_authority: VIEWPORT_AUTHORITY source=LayoutSolver valid=true min=Vec2(0.0, 0.0) max=Vec2(1280.0, 720.0) w=1280.0 h=720.0
2026-05-23T04:28:04.641513Z  INFO viewport_authority: VIEWPORT_AUTHORITY source=LayoutSolver valid=true min=Vec2(0.0, 0.0) max=Vec2(1280.0, 720.0) w=1280.0 h=720.0
2026-05-23T04:28:04.641516Z  INFO viewport_authority: VIEWPORT_AUTHORITY source=UiCommitted valid=true min=Vec2(0.0, 0.0) max=Vec2(1280.0, 720.0) w=1280.0 h=720.0
2026-05-23T04:28:04.641548Z  INFO viewport_authority: VIEWPORT_AUTHORITY source=CameraApplied valid=true min=Vec2(0.0, 0.0) max=Vec2(1280.0, 720.0) w=1280.0 h=720.0
2026-05-23T04:28:04.641601Z  INFO stage5_live_todos: STAGE5_ACTIVE_TODO subsystem=evaluate_app_stage5_readiness spine_gate_seq=["TODO-01", "TODO-04", "TODO-06"] idx=4 id=TODO-05 status=InProgress file=src/gui/map_camera.rs system=map_camera_apply_input_to_desired, mirror_world_main_camera_from_map_desired goal=No hidden second writer path for world main camera (VM-09B closed). runtime_check=RUST_LOG=stage5_live_todos=info: STAGE5_MAP_CAMERA_HOOK post_mirror bridge_drift + desired vs WorldMain; no unexplained spikes. failure_mode=Jitter + desync minimap vs world.
2026-05-23T04:28:04.641607Z  INFO stage5_live_todos: STAGE5_READINESS_HOOK passes=true violations_first=(none) producer_count=1
2026-05-23T04:28:04.641612Z  INFO visual_aidv2_live_todos: VISUAL_AID_V2_BOARD done=3/6 footprint_ok=false readability=true icons=0
2026-05-23T04:28:04.641629Z  INFO stage5_readiness::truth: 
========== STAGE5_FULL_APP_TRUTH (post_update_invocation=4 sim_tick=4) ==========
FULL_APP_PROFILE_ACTIVE: true
stage5_readiness_passes: true
--- AppStage5ReadinessReport (hard gates) ---
vt4_ok: true  [src: evaluate_app_stage5_readiness / VtCiMatrixLiveReport OR VisualAgreementFrame]
vt5_ok: true  [src: evaluate_app_stage5_readiness / VtCiMatrixLiveReport]
single_fire_extract: true  [src: fire_visual_producer_count / REGISTERED_VISUAL_PRODUCERS]
gpu_field_authoritative: true  [src: P2H_GPU_PARTIAL_WRITES_AUTHORITATIVE]
preview_render_target_active: true  [src: preview_authoritative_surface]
phase_d_ok: true  [derived: !require_preview || preview_render_target_active]
overlay_from_shared_buffers_only: true  [src: SharedOverlayFieldBuffers resource exists]
particle_lod_scales: true  [src: GpuRepresentationMetrics vs RepresentationResult band]
phase_f_lod_proof_ok: true  [src: PhaseFLodProofReport]
instanced_dispatch_ok: true  [src: GpuIndirectDrawSpine vs WorldFireParticleDrawDispatch]
phase_f_ok: true  [derived: particle_lod_scales && phase_f_lod_proof_ok && instanced_dispatch_ok]
projection_domains (report): 3  [src: RenderProjectionGraph via evaluate_stage5_spine_checklist]
registered_producers: 2
duplicate_visual_scan_count: 0
--- violations (first = primary suspect) ---
first: (none)
all: []
--- input wiring (MISSING = UNKNOWNÔåÆoperator FAIL) ---
RepresentationResult: true
WorldRepresentationFrame: true
RenderProjectionGraph: true
CommittedVisualSnapshotFence: true
SharedOverlayFieldBuffers: true
GpuRepresentationMetrics: true
VisualAgreementFrame: true
VtCiMatrixLiveReport: true
AtmospherePartialWriteMetrics: true
PreviewCameraState: true
WorldPreviewGpuRuntime: true
PhaseFLodProofReport: true
GpuIndirectDrawSpine: true
WorldFireParticleDrawDispatch: true
FireSimulationSnapshot: true
MISSING_WIRING_FULL_APP: none
================================================================

2026-05-23T04:28:04.641653Z  INFO stall: STALL after_readiness: 7.10ms
2026-05-23T04:28:04.641764Z  INFO worldgen_chrome::egui: WORLD_GEN_EGUI_DRAW preview_window_open=true flow=Idle
2026-05-23T04:28:04.642262Z  WARN worldgen_chrome::preview_egui: PREVIEW_EGUI_REBIND (egui texture id churn ÔÇö flicker) rebinds_frame=1 rebinds_total=2 projection_revision=1554779161527 window_open=true preview_ready=true texture_bound=true lifecycle=Rendering
2026-05-23T04:28:04.644295Z  INFO stage5_live_todos: STAGE5_ACTIVE_TODO subsystem=gpu_indirect_sync_post spine_gate_seq=["TODO-01", "TODO-04", "TODO-06"] idx=4 id=TODO-05 status=InProgress file=src/gui/map_camera.rs system=map_camera_apply_input_to_desired, mirror_world_main_camera_from_map_desired goal=No hidden second writer path for world main camera (VM-09B closed). runtime_check=RUST_LOG=stage5_live_todos=info: STAGE5_MAP_CAMERA_HOOK post_mirror bridge_drift + desired vs WorldMain; no unexplained spikes. failure_mode=Jitter + desync minimap vs world.
2026-05-23T04:28:04.726541Z  INFO stage5_live_todos: STAGE5_GPU_HOOK indirect_instances=0 dispatch_count=0 draw_instances=0 (PHF-01 alignment)
2026-05-23T04:28:04.726617Z  INFO stall: STALL last: 83.78ms
2026-05-23T04:28:04.726616Z  INFO worldgen_chrome::trace: CHROME_STATE app=Res(State(WorldGen)) worldgen=Res(State(Preview)) base=Res(State(Editor)) flow=Res(State(Idle)) latch_dismissed=false world_gen_visible=true preview_window_open=true lifecycle=Rendering last_dismiss="never"
2026-05-23T04:28:04.726630Z  WARN visual_diag::anomaly: RESOLVED_SIM_MAP_VALIDITY_CHANGED frame=3 was=false now=true
2026-05-23T04:28:04.726617Z  INFO sim_view_sync: SIM_VIEW_SYNC frame=3 win_logical=(1280, 720) win_physical=(1280, 720) sim_valid=true sim_adequate=true sim_min=Vec2(0.0, 0.0) sim_max=Vec2(1280.0, 720.0) measured_valid=true measured_wh=Vec2(1280.0, 720.0) committed_wh=Vec2(1280.0, 720.0) sim_wh=Vec2(1280.0, 720.0) settle_streak=2 layout_settled=false sim_held=false last_commit="hole_settling" frozen=false pending_wh=Vec2(1280.0, 720.0) cam_hole=true render_hole=true cam_invalid_streak=0 cam_valid_streak=2 cam_scissor=Some((0, 0, 1280, 720)) ortho_fixed_wh=(1280, 720) map_view_px=(1280, 720) raster_rev=2 resolved_rev=7 app=1 base=1 flow=0 worldgen=1 cmd_shell=false overlay_tray=false transmission=false rect_sanity_issues=0 left_stack_collapsed=true map_cam_scale=Vec3(1.0, 1.0, 1.0) minimap_visible=true
2026-05-23T04:28:04.726634Z  INFO visual_diag: VISUAL_DIAG window frame=3 periodic=false win_logical=(1280, 720) win_physical=(1280, 720) scale=1.0 app=1 base=1 flow=0 worldgen=1 readiness_profile=Stage5ReadinessProfile { require_vt4: true, require_vt5: true, require_preview: true, require_partial_metrics: true, require_world_frame: true, require_phase_f_proof: true, require_instanced_draw: true }
2026-05-23T04:28:04.726645Z  INFO visual_diag: VISUAL_DIAG sim_viewport frame=3 sim_valid=true sim_adequate=true sim_min=Vec2(0.0, 0.0) sim_max=Vec2(1280.0, 720.0) sim_wh=(1280, 720) measured_valid=true measured_wh=(1280, 720) committed_wh=(1280, 720) sim_held=false settle_streak=2 layout_settled=false frozen=false last_commit="hole_settling" pending_wh=(1280, 720) pending_min=Vec2(0.0, 0.0) pending_max=Vec2(1280.0, 720.0)
2026-05-23T04:28:04.726650Z  INFO visual_diag: VISUAL_DIAG camera frame=3 cam_desired_x=160.0 cam_desired_y=160.0 cam_zoom=1.0 latch_hole=true render_hole=true latch_invalid_streak=0 latch_valid_streak=2 cam_scissor=Some((0, 0, 1280, 720)) ortho_fixed_w=1280 ortho_fixed_h=720 map_view_px_w=1280 map_view_px_h=720 world_w=320 world_h=320
2026-05-23T04:28:04.726663Z  INFO visual_diag: VISUAL_DIAG resolved_viewports frame=3 resolved_rev=7 primary_valid=true primary_wh=(1280, 720) sim_resolved_valid=true sim_resolved_wh=(1280, 720) preview_valid=true preview_wh=(372, 362) minimap_valid=false minimap_wh=(0, 0) mismatch_preview=true mismatch_minimap=false mismatch_sim_map=false mismatch_stale_tex=false
2026-05-23T04:28:04.726669Z  INFO visual_diag: VISUAL_DIAG map_view_frames frame=3 world_preview_proj_rev=1554779161527 minimap_proj_rev=4296967304 sim_map_proj_rev=3092378454407
2026-05-23T04:28:04.726672Z  INFO visual_diag: VISUAL_DIAG map_presentation frame=3 wp_fit=Contain wp_viewport=UVec2(372, 362) wp_fit_scale=1.10595703125 wp_expected_fit_scale=1.10595703125 wp_zoom=1.3913441896438599 mm_fit=Contain mm_viewport=UVec2(1, 1) mm_fit_scale=1.0
2026-05-23T04:28:04.726677Z  INFO visual_diag: VISUAL_DIAG render_spine frame=3 raster_rev=2 repr_band=0 repr_lod="LocalTactical" particle_rows_cap=262144 visual_intent="Strategic" visual_zoom_alpha=0.00700009148567915 fire_particle_rows=0 fire_particle_stamp=4 overlay_rev=0 overlay_chunk_cells=0 graph_fire_inst=0 graph_fire_heat=0 gpu_instance_rows=0 gpu_dispatch=0 gpu_draw=0
2026-05-23T04:28:04.726681Z  INFO visual_diag: VISUAL_DIAG perf frame=3 tile_raster_ms=0.0 tile_raster_ran=false world_repr_ms=0.009600000455975533 projection_graph_ms=0.00020000000949949026 domain_merge_ms=0.00010000000474974513 readiness_ms=0.021900000050663948 cpu_pre_egui_ms=0.0 cpu_egui_ms=0.0 cpu_post_egui_ms=0.0 gpu_gap_ms=0.0
2026-05-23T04:28:04.726684Z  INFO visual_diag: VISUAL_DIAG hud_shell frame=3 cmd_shell=false overlay_tray=false transmission=false
2026-05-23T04:28:04.726700Z  INFO perf: PERF wall=109.63 instr=0.03 gap=109.60 | cpu_pre_egui=17.48 cpu_egui=8.28 cpu_post_egui=83.87 gpu_gap=0.00 | spine=0.00 world_repr=0.01 graph=0.00 merge=0.00 atm=0.00 readiness=0.02 raster=0.00 (idle) | upd_attrib sum=1.74 pv_cpu=0.00 pv_gpu=0.00 fire=0.12 stream=1.36 map_fit=0.00 hud=0.01 wgen=0.24 | budget_sum=0.03 hud=0.01 overlay=0.00 raster_b=0.00 particles=0.00 residency=0.02 tex_reg=0.00 render_x=0.00 | egui_unbudgeted=8.27 | stall first+preupd=0.06 update=0.00 post_dom=0.00 post_vt=0.01 postÔåÆready=0.00 ready=7.10 postÔåÆegui=2.13 egui=1.18 post_egui=83.78 | stall_hits=[after_tile_storage_apply:15.3,after_readiness:7.1,last:83.8]
2026-05-23T04:28:04.726707Z  INFO perf: PERF frame=109.6ms update=17.5ms egui=8.3ms preview=0.0ms streaming=1.4ms tile_apply=0.0ms viewport=0.0ms map_fit=0.0ms repr=0.0ms raster=0.0ms
2026-05-23T04:28:04.726710Z  INFO stall: STALL culprit=last duration=83.8ms frame=109.6ms
2026-05-23T04:28:04.737124Z  INFO stage5_live_todos: STAGE5_ACTIVE_TODO subsystem=First(render_frame_start) spine_gate_seq=["TODO-01", "TODO-04", "TODO-06"] idx=4 id=TODO-05 status=InProgress file=src/gui/map_camera.rs system=map_camera_apply_input_to_desired, mirror_world_main_camera_from_map_desired goal=No hidden second writer path for world main camera (VM-09B closed). runtime_check=RUST_LOG=stage5_live_todos=info: STAGE5_MAP_CAMERA_HOOK post_mirror bridge_drift + desired vs WorldMain; no unexplained spikes. failure_mode=Jitter + desync minimap vs world.
2026-05-23T04:28:04.737317Z  INFO viewport_authority: VIEWPORT_AUTHORITY source=ResolvedViewport valid=true min=Vec2(0.0, 0.0) max=Vec2(1280.0, 720.0) w=1280.0 h=720.0
2026-05-23T04:28:04.737347Z  INFO proc_A_dine01::gui::editor::world_preview::preview_readiness: PREVIEW STATE: world=false cam=true tex=true proj=true state=Loading world_ready=false camera_ready=true texture_ready=true projection_ready=true missing=Some("world_generation") contract_valid=true wp_half_x=186.21875 wp_half_y=180.953125 wp_logical_w=372.4375 wp_logical_h=361.90625 viewport_rev=9
2026-05-23T04:28:04.738252Z  INFO stage5_live_todos: STAGE5_ACTIVE_TODO subsystem=map_camera_mirror_chain spine_gate_seq=["TODO-01", "TODO-04", "TODO-06"] idx=4 id=TODO-05 status=InProgress file=src/gui/map_camera.rs system=map_camera_apply_input_to_desired, mirror_world_main_camera_from_map_desired goal=No hidden second writer path for world main camera (VM-09B closed). runtime_check=RUST_LOG=stage5_live_todos=info: STAGE5_MAP_CAMERA_HOOK post_mirror bridge_drift + desired vs WorldMain; no unexplained spikes. failure_mode=Jitter + desync minimap vs world.
2026-05-23T04:28:04.738261Z  INFO stage5_live_todos: STAGE5_MAP_CAMERA_HOOK post_mirror desired_xy=(160.00,160.00) zoom=1.0000 world_main_xy=(160.00,160.00) zoom=1.0000 bridge_drift=0.0000
2026-05-23T04:28:04.738279Z  INFO construction_finish_todos: CONSTRUCTION_FINISH_COMPLETE done=8/8
2026-05-23T04:28:04.738290Z  INFO construction_round2_todos: CONSTRUCTION_ROUND2_COMPLETE done=15/15
2026-05-23T04:28:04.738295Z  INFO construction_round3_todos: CONSTRUCTION_ROUND3_COMPLETE done=27/27
2026-05-23T04:28:04.738301Z  INFO construction_operational_todos: CONSTRUCTION_OPERATIONAL_GREEN
2026-05-23T04:28:04.738480Z  INFO stage5_live_todos: STAGE5_ACTIVE_TODO subsystem=fire_extract_post spine_gate_seq=["TODO-01", "TODO-04", "TODO-06"] idx=4 id=TODO-05 status=InProgress file=src/gui/map_camera.rs system=map_camera_apply_input_to_desired, mirror_world_main_camera_from_map_desired goal=No hidden second writer path for world main camera (VM-09B closed). runtime_check=RUST_LOG=stage5_live_todos=info: STAGE5_MAP_CAMERA_HOOK post_mirror bridge_drift + desired vs WorldMain; no unexplained spikes. failure_mode=Jitter + desync minimap vs world.
2026-05-23T04:28:04.738493Z  INFO stage5_live_todos: STAGE5_FIRE_HOOK fire_visual_producer_count=1 (expect 1 for FIRE-01)
2026-05-23T04:28:04.739622Z  INFO stage5_live_todos: STAGE5_ACTIVE_TODO subsystem=representation_spine_post_merge spine_gate_seq=["TODO-01", "TODO-04", "TODO-06"] idx=4 id=TODO-05 status=InProgress file=src/gui/map_camera.rs system=map_camera_apply_input_to_desired, mirror_world_main_camera_from_map_desired goal=No hidden second writer path for world main camera (VM-09B closed). runtime_check=RUST_LOG=stage5_live_todos=info: STAGE5_MAP_CAMERA_HOOK post_mirror bridge_drift + desired vs WorldMain; no unexplained spikes. failure_mode=Jitter + desync minimap vs world.
2026-05-23T04:28:04.739630Z  INFO stage5_live_todos: STAGE5_SPINE_HOOK policy_present=true graph_present=true fence_committed=true fence_fire_tick=5 world_frame_present=true overlay_rev=0 overlay_chunk_cells=0 atm_partial_dispatch=0 atm_gpu_tex_uploads=0 atm_full_field_fallback=false
2026-05-23T04:28:04.836098Z  INFO industrial_activation_todos: INDUSTRIAL_ACTIVATION_GREEN
2026-05-23T04:28:04.836147Z  INFO stall: STALL pre_egui: 97.21ms
2026-05-23T04:28:04.836157Z  INFO viewport_authority: VIEWPORT_AUTHORITY source=UiMeasured valid=true min=Vec2(0.0, 0.0) max=Vec2(1280.0, 720.0) w=1280.0 h=720.0
2026-05-23T04:28:04.836167Z  INFO viewport_authority::solver: VIEWPORT_SOLVER_TARGET node=SimMapFill valid=true rect.source=SimMapFill w=1280.0 h=720.0
2026-05-23T04:28:04.836172Z  INFO viewport_authority: VIEWPORT_AUTHORITY source=LayoutSolver valid=true min=Vec2(0.0, 0.0) max=Vec2(1280.0, 720.0) w=1280.0 h=720.0
2026-05-23T04:28:04.836175Z  INFO viewport_authority: VIEWPORT_AUTHORITY source=LayoutSolver valid=true min=Vec2(0.0, 0.0) max=Vec2(1280.0, 720.0) w=1280.0 h=720.0
2026-05-23T04:28:04.836180Z  INFO viewport_authority: VIEWPORT_AUTHORITY source=UiCommitted valid=true min=Vec2(0.0, 0.0) max=Vec2(1280.0, 720.0) w=1280.0 h=720.0
2026-05-23T04:28:04.836194Z  INFO viewport_authority: VIEWPORT_AUTHORITY source=CameraApplied valid=true min=Vec2(0.0, 0.0) max=Vec2(1280.0, 720.0) w=1280.0 h=720.0
2026-05-23T04:28:04.836217Z  INFO stage5_live_todos: STAGE5_ACTIVE_TODO subsystem=evaluate_app_stage5_readiness spine_gate_seq=["TODO-01", "TODO-04", "TODO-06"] idx=4 id=TODO-05 status=InProgress file=src/gui/map_camera.rs system=map_camera_apply_input_to_desired, mirror_world_main_camera_from_map_desired goal=No hidden second writer path for world main camera (VM-09B closed). runtime_check=RUST_LOG=stage5_live_todos=info: STAGE5_MAP_CAMERA_HOOK post_mirror bridge_drift + desired vs WorldMain; no unexplained spikes. failure_mode=Jitter + desync minimap vs world.
2026-05-23T04:28:04.836227Z  INFO stage5_live_todos: STAGE5_READINESS_HOOK passes=true violations_first=(none) producer_count=1
2026-05-23T04:28:04.836233Z  INFO visual_aidv2_live_todos: VISUAL_AID_V2_BOARD done=3/6 footprint_ok=false readability=true icons=0
2026-05-23T04:28:04.836249Z  INFO stage5_readiness::truth: 
========== STAGE5_FULL_APP_TRUTH (post_update_invocation=5 sim_tick=5) ==========
FULL_APP_PROFILE_ACTIVE: true
stage5_readiness_passes: true
--- AppStage5ReadinessReport (hard gates) ---
vt4_ok: true  [src: evaluate_app_stage5_readiness / VtCiMatrixLiveReport OR VisualAgreementFrame]
vt5_ok: true  [src: evaluate_app_stage5_readiness / VtCiMatrixLiveReport]
single_fire_extract: true  [src: fire_visual_producer_count / REGISTERED_VISUAL_PRODUCERS]
gpu_field_authoritative: true  [src: P2H_GPU_PARTIAL_WRITES_AUTHORITATIVE]
preview_render_target_active: true  [src: preview_authoritative_surface]
phase_d_ok: true  [derived: !require_preview || preview_render_target_active]
overlay_from_shared_buffers_only: true  [src: SharedOverlayFieldBuffers resource exists]
particle_lod_scales: true  [src: GpuRepresentationMetrics vs RepresentationResult band]
phase_f_lod_proof_ok: true  [src: PhaseFLodProofReport]
instanced_dispatch_ok: true  [src: GpuIndirectDrawSpine vs WorldFireParticleDrawDispatch]
phase_f_ok: true  [derived: particle_lod_scales && phase_f_lod_proof_ok && instanced_dispatch_ok]
projection_domains (report): 3  [src: RenderProjectionGraph via evaluate_stage5_spine_checklist]
registered_producers: 2
duplicate_visual_scan_count: 0
--- violations (first = primary suspect) ---
first: (none)
all: []
--- input wiring (MISSING = UNKNOWNÔåÆoperator FAIL) ---
RepresentationResult: true
WorldRepresentationFrame: true
RenderProjectionGraph: true
CommittedVisualSnapshotFence: true
SharedOverlayFieldBuffers: true
GpuRepresentationMetrics: true
VisualAgreementFrame: true
VtCiMatrixLiveReport: true
AtmospherePartialWriteMetrics: true
PreviewCameraState: true
WorldPreviewGpuRuntime: true
PhaseFLodProofReport: true
GpuIndirectDrawSpine: true
WorldFireParticleDrawDispatch: true
FireSimulationSnapshot: true
MISSING_WIRING_FULL_APP: none
================================================================

2026-05-23T04:28:04.836335Z  INFO worldgen_chrome::egui: WORLD_GEN_EGUI_DRAW preview_window_open=true flow=NewWorldSetup
2026-05-23T04:28:04.838085Z  INFO stage5_live_todos: STAGE5_ACTIVE_TODO subsystem=gpu_indirect_sync_post spine_gate_seq=["TODO-01", "TODO-04", "TODO-06"] idx=4 id=TODO-05 status=InProgress file=src/gui/map_camera.rs system=map_camera_apply_input_to_desired, mirror_world_main_camera_from_map_desired goal=No hidden second writer path for world main camera (VM-09B closed). runtime_check=RUST_LOG=stage5_live_todos=info: STAGE5_MAP_CAMERA_HOOK post_mirror bridge_drift + desired vs WorldMain; no unexplained spikes. failure_mode=Jitter + desync minimap vs world.
2026-05-23T04:28:04.838096Z  INFO stage5_live_todos: STAGE5_GPU_HOOK indirect_instances=0 dispatch_count=0 draw_instances=0 (PHF-01 alignment)
2026-05-23T04:28:04.838190Z  INFO worldgen_chrome::trace: CHROME_STATE app=Res(State(WorldGen)) worldgen=Res(State(Idle)) base=Res(State(Editor)) flow=Res(State(NewWorldSetup)) latch_dismissed=false world_gen_visible=true preview_window_open=true lifecycle=Rendering last_dismiss="never"
2026-05-23T04:28:04.838192Z  INFO sim_view_sync: SIM_VIEW_SYNC frame=4 win_logical=(1280, 720) win_physical=(1280, 720) sim_valid=true sim_adequate=true sim_min=Vec2(0.0, 0.0) sim_max=Vec2(1280.0, 720.0) measured_valid=true measured_wh=Vec2(1280.0, 720.0) committed_wh=Vec2(1280.0, 720.0) sim_wh=Vec2(1280.0, 720.0) settle_streak=3 layout_settled=false sim_held=false last_commit="hole_settling" frozen=false pending_wh=Vec2(1280.0, 720.0) cam_hole=true render_hole=true cam_invalid_streak=0 cam_valid_streak=3 cam_scissor=Some((0, 0, 1280, 720)) ortho_fixed_wh=(1280, 720) map_view_px=(1280, 720) raster_rev=2 resolved_rev=9 app=1 base=1 flow=1 worldgen=0 cmd_shell=false overlay_tray=false transmission=false rect_sanity_issues=0 left_stack_collapsed=true map_cam_scale=Vec3(1.0, 1.0, 1.0) minimap_visible=true
2026-05-23T04:28:04.838204Z  INFO visual_diag: VISUAL_DIAG window frame=4 periodic=false win_logical=(1280, 720) win_physical=(1280, 720) scale=1.0 app=1 base=1 flow=1 worldgen=0 readiness_profile=Stage5ReadinessProfile { require_vt4: true, require_vt5: true, require_preview: true, require_partial_metrics: true, require_world_frame: true, require_phase_f_proof: true, require_instanced_draw: true }
2026-05-23T04:28:04.838210Z  INFO visual_diag: VISUAL_DIAG sim_viewport frame=4 sim_valid=true sim_adequate=true sim_min=Vec2(0.0, 0.0) sim_max=Vec2(1280.0, 720.0) sim_wh=(1280, 720) measured_valid=true measured_wh=(1280, 720) committed_wh=(1280, 720) sim_held=false settle_streak=3 layout_settled=false frozen=false last_commit="hole_settling" pending_wh=(1280, 720) pending_min=Vec2(0.0, 0.0) pending_max=Vec2(1280.0, 720.0)
2026-05-23T04:28:04.838216Z  INFO visual_diag: VISUAL_DIAG camera frame=4 cam_desired_x=160.0 cam_desired_y=160.0 cam_zoom=1.0 latch_hole=true render_hole=true latch_invalid_streak=0 latch_valid_streak=3 cam_scissor=Some((0, 0, 1280, 720)) ortho_fixed_w=1280 ortho_fixed_h=720 map_view_px_w=1280 map_view_px_h=720 world_w=320 world_h=320
2026-05-23T04:28:04.838220Z  INFO visual_diag: VISUAL_DIAG resolved_viewports frame=4 resolved_rev=9 primary_valid=true primary_wh=(1280, 720) sim_resolved_valid=true sim_resolved_wh=(1280, 720) preview_valid=true preview_wh=(372, 362) minimap_valid=false minimap_wh=(0, 0) mismatch_preview=true mismatch_minimap=false mismatch_sim_map=false mismatch_stale_tex=false
2026-05-23T04:28:04.838225Z  INFO visual_diag: VISUAL_DIAG map_view_frames frame=4 world_preview_proj_rev=1554779161528 minimap_proj_rev=4296967304 sim_map_proj_rev=3092378454407
2026-05-23T04:28:04.838230Z  INFO visual_diag: VISUAL_DIAG map_presentation frame=4 wp_fit=Contain wp_viewport=UVec2(372, 362) wp_fit_scale=1.10595703125 wp_expected_fit_scale=1.10595703125 wp_zoom=1.406909704208374 mm_fit=Contain mm_viewport=UVec2(1, 1) mm_fit_scale=1.0
2026-05-23T04:28:04.838236Z  INFO visual_diag: VISUAL_DIAG render_spine frame=4 raster_rev=2 repr_band=0 repr_lod="LocalTactical" particle_rows_cap=262144 visual_intent="Strategic" visual_zoom_alpha=0.00700009148567915 fire_particle_rows=0 fire_particle_stamp=5 overlay_rev=0 overlay_chunk_cells=0 graph_fire_inst=0 graph_fire_heat=0 gpu_instance_rows=0 gpu_dispatch=0 gpu_draw=0
2026-05-23T04:28:04.838241Z  INFO visual_diag: VISUAL_DIAG perf frame=4 tile_raster_ms=0.0 tile_raster_ran=false world_repr_ms=0.0052999998442828655 projection_graph_ms=0.00020000000949949026 domain_merge_ms=0.0 readiness_ms=0.03060000017285347 cpu_pre_egui_ms=0.0 cpu_egui_ms=0.0 cpu_post_egui_ms=0.0 gpu_gap_ms=0.0
2026-05-23T04:28:04.838244Z  INFO visual_diag: VISUAL_DIAG hud_shell frame=4 cmd_shell=false overlay_tray=false transmission=false
2026-05-23T04:28:04.838263Z  INFO perf: PERF wall=101.13 instr=0.04 gap=101.10 | cpu_pre_egui=99.04 cpu_egui=1.17 cpu_post_egui=0.93 gpu_gap=0.00 | spine=0.00 world_repr=0.01 graph=0.00 merge=0.00 atm=0.00 readiness=0.03 raster=0.00 (idle) | upd_attrib sum=1.43 pv_cpu=0.00 pv_gpu=0.00 fire=0.08 stream=1.09 map_fit=0.00 hud=0.02 wgen=0.24 | budget_sum=0.03 hud=0.02 overlay=0.00 raster_b=0.00 particles=0.00 residency=0.01 tex_reg=0.00 render_x=0.00 | egui_unbudgeted=1.15 | stall first+preupd=0.04 update=0.00 post_dom=0.00 post_vt=0.01 postÔåÆready=0.00 ready=0.09 postÔåÆegui=97.21 egui=1.06 post_egui=0.87 | stall_hits=[pre_egui:97.2]
2026-05-23T04:28:04.838273Z  INFO perf: PERF frame=101.1ms update=99.0ms egui=1.2ms preview=0.0ms streaming=1.1ms tile_apply=0.0ms viewport=0.0ms map_fit=0.0ms repr=0.0ms raster=0.0ms
2026-05-23T04:28:04.838277Z  INFO stall: STALL culprit=pre_egui duration=97.2ms frame=101.1ms
2026-05-23T04:28:04.942635Z  INFO stage5_live_todos: STAGE5_ACTIVE_TODO subsystem=First(render_frame_start) spine_gate_seq=["TODO-01", "TODO-04", "TODO-06"] idx=4 id=TODO-05 status=InProgress file=src/gui/map_camera.rs system=map_camera_apply_input_to_desired, mirror_world_main_camera_from_map_desired goal=No hidden second writer path for world main camera (VM-09B closed). runtime_check=RUST_LOG=stage5_live_todos=info: STAGE5_MAP_CAMERA_HOOK post_mirror bridge_drift + desired vs WorldMain; no unexplained spikes. failure_mode=Jitter + desync minimap vs world.
2026-05-23T04:28:04.943038Z  INFO viewport_authority: VIEWPORT_AUTHORITY source=ResolvedViewport valid=true min=Vec2(0.0, 0.0) max=Vec2(1280.0, 720.0) w=1280.0 h=720.0
2026-05-23T04:28:04.943930Z  INFO stage5_live_todos: STAGE5_ACTIVE_TODO subsystem=map_camera_mirror_chain spine_gate_seq=["TODO-01", "TODO-04", "TODO-06"] idx=4 id=TODO-05 status=InProgress file=src/gui/map_camera.rs system=map_camera_apply_input_to_desired, mirror_world_main_camera_from_map_desired goal=No hidden second writer path for world main camera (VM-09B closed). runtime_check=RUST_LOG=stage5_live_todos=info: STAGE5_MAP_CAMERA_HOOK post_mirror bridge_drift + desired vs WorldMain; no unexplained spikes. failure_mode=Jitter + desync minimap vs world.
2026-05-23T04:28:04.943941Z  INFO stage5_live_todos: STAGE5_MAP_CAMERA_HOOK post_mirror desired_xy=(160.00,160.00) zoom=1.0000 world_main_xy=(160.00,160.00) zoom=1.0000 bridge_drift=0.0000
2026-05-23T04:28:04.943958Z  INFO construction_finish_todos: CONSTRUCTION_FINISH_COMPLETE done=8/8
2026-05-23T04:28:04.943967Z  INFO construction_round2_todos: CONSTRUCTION_ROUND2_COMPLETE done=15/15
2026-05-23T04:28:04.943971Z  INFO construction_round3_todos: CONSTRUCTION_ROUND3_COMPLETE done=27/27
2026-05-23T04:28:04.943974Z  INFO construction_operational_todos: CONSTRUCTION_OPERATIONAL_GREEN
2026-05-23T04:28:04.944491Z  INFO stage5_live_todos: STAGE5_ACTIVE_TODO subsystem=fire_extract_post spine_gate_seq=["TODO-01", "TODO-04", "TODO-06"] idx=4 id=TODO-05 status=InProgress file=src/gui/map_camera.rs system=map_camera_apply_input_to_desired, mirror_world_main_camera_from_map_desired goal=No hidden second writer path for world main camera (VM-09B closed). runtime_check=RUST_LOG=stage5_live_todos=info: STAGE5_MAP_CAMERA_HOOK post_mirror bridge_drift + desired vs WorldMain; no unexplained spikes. failure_mode=Jitter + desync minimap vs world.
2026-05-23T04:28:04.944500Z  INFO stage5_live_todos: STAGE5_FIRE_HOOK fire_visual_producer_count=1 (expect 1 for FIRE-01)
2026-05-23T04:28:04.945585Z  INFO stage5_live_todos: STAGE5_ACTIVE_TODO subsystem=representation_spine_post_merge spine_gate_seq=["TODO-01", "TODO-04", "TODO-06"] idx=4 id=TODO-05 status=InProgress file=src/gui/map_camera.rs system=map_camera_apply_input_to_desired, mirror_world_main_camera_from_map_desired goal=No hidden second writer path for world main camera (VM-09B closed). runtime_check=RUST_LOG=stage5_live_todos=info: STAGE5_MAP_CAMERA_HOOK post_mirror bridge_drift + desired vs WorldMain; no unexplained spikes. failure_mode=Jitter + desync minimap vs world.
2026-05-23T04:28:04.945596Z  INFO stage5_live_todos: STAGE5_SPINE_HOOK policy_present=true graph_present=true fence_committed=true fence_fire_tick=6 world_frame_present=true overlay_rev=0 overlay_chunk_cells=0 atm_partial_dispatch=0 atm_gpu_tex_uploads=0 atm_full_field_fallback=false
2026-05-23T04:28:04.946577Z  INFO industrial_activation_todos: INDUSTRIAL_ACTIVATION_GREEN
2026-05-23T04:28:04.946624Z  INFO viewport_authority: VIEWPORT_AUTHORITY source=UiMeasured valid=true min=Vec2(0.0, 0.0) max=Vec2(1280.0, 720.0) w=1280.0 h=720.0
2026-05-23T04:28:04.946633Z  INFO viewport_authority::solver: VIEWPORT_SOLVER_TARGET node=SimMapFill valid=true rect.source=SimMapFill w=1280.0 h=720.0
2026-05-23T04:28:04.946636Z  INFO viewport_authority: VIEWPORT_AUTHORITY source=LayoutSolver valid=true min=Vec2(0.0, 0.0) max=Vec2(1280.0, 720.0) w=1280.0 h=720.0
2026-05-23T04:28:04.946639Z  INFO viewport_authority: VIEWPORT_AUTHORITY source=LayoutSolver valid=true min=Vec2(0.0, 0.0) max=Vec2(1280.0, 720.0) w=1280.0 h=720.0
2026-05-23T04:28:04.946643Z  INFO viewport_authority: VIEWPORT_AUTHORITY source=UiCommitted valid=true min=Vec2(0.0, 0.0) max=Vec2(1280.0, 720.0) w=1280.0 h=720.0
2026-05-23T04:28:04.946651Z  INFO viewport_authority: VIEWPORT_AUTHORITY source=CameraApplied valid=true min=Vec2(0.0, 0.0) max=Vec2(1280.0, 720.0) w=1280.0 h=720.0
2026-05-23T04:28:04.946666Z  INFO stage5_live_todos: STAGE5_ACTIVE_TODO subsystem=evaluate_app_stage5_readiness spine_gate_seq=["TODO-01", "TODO-04", "TODO-06"] idx=4 id=TODO-05 status=InProgress file=src/gui/map_camera.rs system=map_camera_apply_input_to_desired, mirror_world_main_camera_from_map_desired goal=No hidden second writer path for world main camera (VM-09B closed). runtime_check=RUST_LOG=stage5_live_todos=info: STAGE5_MAP_CAMERA_HOOK post_mirror bridge_drift + desired vs WorldMain; no unexplained spikes. failure_mode=Jitter + desync minimap vs world.
2026-05-23T04:28:04.946676Z  INFO stage5_live_todos: STAGE5_READINESS_HOOK passes=true violations_first=(none) producer_count=1
2026-05-23T04:28:04.946681Z  INFO visual_aidv2_live_todos: VISUAL_AID_V2_BOARD done=3/6 footprint_ok=false readability=true icons=0
2026-05-23T04:28:04.946693Z  INFO stage5_readiness::truth: 
========== STAGE5_FULL_APP_TRUTH (post_update_invocation=6 sim_tick=6) ==========
FULL_APP_PROFILE_ACTIVE: true
stage5_readiness_passes: true
--- AppStage5ReadinessReport (hard gates) ---
vt4_ok: true  [src: evaluate_app_stage5_readiness / VtCiMatrixLiveReport OR VisualAgreementFrame]
vt5_ok: true  [src: evaluate_app_stage5_readiness / VtCiMatrixLiveReport]
single_fire_extract: true  [src: fire_visual_producer_count / REGISTERED_VISUAL_PRODUCERS]
gpu_field_authoritative: true  [src: P2H_GPU_PARTIAL_WRITES_AUTHORITATIVE]
preview_render_target_active: true  [src: preview_authoritative_surface]
phase_d_ok: true  [derived: !require_preview || preview_render_target_active]
overlay_from_shared_buffers_only: true  [src: SharedOverlayFieldBuffers resource exists]
particle_lod_scales: true  [src: GpuRepresentationMetrics vs RepresentationResult band]
phase_f_lod_proof_ok: true  [src: PhaseFLodProofReport]
instanced_dispatch_ok: true  [src: GpuIndirectDrawSpine vs WorldFireParticleDrawDispatch]
phase_f_ok: true  [derived: particle_lod_scales && phase_f_lod_proof_ok && instanced_dispatch_ok]
projection_domains (report): 3  [src: RenderProjectionGraph via evaluate_stage5_spine_checklist]
registered_producers: 2
duplicate_visual_scan_count: 0
--- violations (first = primary suspect) ---
first: (none)
all: []
--- input wiring (MISSING = UNKNOWNÔåÆoperator FAIL) ---
RepresentationResult: true
WorldRepresentationFrame: true
RenderProjectionGraph: true
CommittedVisualSnapshotFence: true
SharedOverlayFieldBuffers: true
GpuRepresentationMetrics: true
VisualAgreementFrame: true
VtCiMatrixLiveReport: true
AtmospherePartialWriteMetrics: true
PreviewCameraState: true
WorldPreviewGpuRuntime: true
PhaseFLodProofReport: true
GpuIndirectDrawSpine: true
WorldFireParticleDrawDispatch: true
FireSimulationSnapshot: true
MISSING_WIRING_FULL_APP: none
================================================================

2026-05-23T04:28:04.946755Z  INFO worldgen_chrome::egui: WORLD_GEN_EGUI_DRAW preview_window_open=true flow=Idle
2026-05-23T04:28:04.948445Z  INFO stage5_live_todos: STAGE5_ACTIVE_TODO subsystem=gpu_indirect_sync_post spine_gate_seq=["TODO-01", "TODO-04", "TODO-06"] idx=4 id=TODO-05 status=InProgress file=src/gui/map_camera.rs system=map_camera_apply_input_to_desired, mirror_world_main_camera_from_map_desired goal=No hidden second writer path for world main camera (VM-09B closed). runtime_check=RUST_LOG=stage5_live_todos=info: STAGE5_MAP_CAMERA_HOOK post_mirror bridge_drift + desired vs WorldMain; no unexplained spikes. failure_mode=Jitter + desync minimap vs world.
2026-05-23T04:28:04.948455Z  INFO stage5_live_todos: STAGE5_GPU_HOOK indirect_instances=0 dispatch_count=0 draw_instances=0 (PHF-01 alignment)
2026-05-23T04:28:04.948520Z  INFO worldgen_chrome::trace: CHROME_STATE app=Res(State(WorldGen)) worldgen=Res(State(Generating)) base=Res(State(Editor)) flow=Res(State(Idle)) latch_dismissed=false world_gen_visible=true preview_window_open=true lifecycle=GeneratingWorld last_dismiss="never"
2026-05-23T04:28:04.948522Z  INFO sim_view_sync: SIM_VIEW_SYNC frame=5 win_logical=(1280, 720) win_physical=(1280, 720) sim_valid=true sim_adequate=true sim_min=Vec2(0.0, 0.0) sim_max=Vec2(1280.0, 720.0) measured_valid=true measured_wh=Vec2(1280.0, 720.0) committed_wh=Vec2(1280.0, 720.0) sim_wh=Vec2(1280.0, 720.0) settle_streak=4 layout_settled=true sim_held=true last_commit="hole_settled" frozen=true pending_wh=Vec2(1280.0, 720.0) cam_hole=true render_hole=true cam_invalid_streak=0 cam_valid_streak=4 cam_scissor=Some((0, 0, 1280, 720)) ortho_fixed_wh=(1280, 720) map_view_px=(1280, 720) raster_rev=2 resolved_rev=11 app=1 base=1 flow=0 worldgen=2 cmd_shell=false overlay_tray=false transmission=false rect_sanity_issues=0 left_stack_collapsed=true map_cam_scale=Vec3(1.0, 1.0, 1.0) minimap_visible=true
2026-05-23T04:28:04.948534Z  WARN visual_diag::anomaly: SIM_COMMIT_BRANCH_CHANGED frame=5 was=2 now=3
2026-05-23T04:28:04.948541Z  INFO visual_diag: VISUAL_DIAG window frame=5 periodic=false win_logical=(1280, 720) win_physical=(1280, 720) scale=1.0 app=1 base=1 flow=0 worldgen=2 readiness_profile=Stage5ReadinessProfile { require_vt4: true, require_vt5: true, require_preview: true, require_partial_metrics: true, require_world_frame: true, require_phase_f_proof: true, require_instanced_draw: true }
2026-05-23T04:28:04.948546Z  INFO visual_diag: VISUAL_DIAG sim_viewport frame=5 sim_valid=true sim_adequate=true sim_min=Vec2(0.0, 0.0) sim_max=Vec2(1280.0, 720.0) sim_wh=(1280, 720) measured_valid=true measured_wh=(1280, 720) committed_wh=(1280, 720) sim_held=true settle_streak=4 layout_settled=true frozen=true last_commit="hole_settled" pending_wh=(1280, 720) pending_min=Vec2(0.0, 0.0) pending_max=Vec2(1280.0, 720.0)
2026-05-23T04:28:04.948551Z  INFO visual_diag: VISUAL_DIAG camera frame=5 cam_desired_x=160.0 cam_desired_y=160.0 cam_zoom=1.0 latch_hole=true render_hole=true latch_invalid_streak=0 latch_valid_streak=4 cam_scissor=Some((0, 0, 1280, 720)) ortho_fixed_w=1280 ortho_fixed_h=720 map_view_px_w=1280 map_view_px_h=720 world_w=320 world_h=320
2026-05-23T04:28:04.948558Z  INFO visual_diag: VISUAL_DIAG resolved_viewports frame=5 resolved_rev=11 primary_valid=true primary_wh=(1280, 720) sim_resolved_valid=true sim_resolved_wh=(1280, 720) preview_valid=true preview_wh=(372, 362) minimap_valid=false minimap_wh=(0, 0) mismatch_preview=true mismatch_minimap=false mismatch_sim_map=false mismatch_stale_tex=false
2026-05-23T04:28:04.948564Z  INFO visual_diag: VISUAL_DIAG map_view_frames frame=5 world_preview_proj_rev=1554779161528 minimap_proj_rev=4296967304 sim_map_proj_rev=3092378454407
2026-05-23T04:28:04.948567Z  INFO visual_diag: VISUAL_DIAG map_presentation frame=5 wp_fit=Contain wp_viewport=UVec2(372, 362) wp_fit_scale=0.9779005646705627 wp_expected_fit_scale=0.9779005646705627 wp_zoom=1.4708077907562256 mm_fit=Contain mm_viewport=UVec2(1, 1) mm_fit_scale=1.0
2026-05-23T04:28:04.948572Z  INFO visual_diag: VISUAL_DIAG render_spine frame=5 raster_rev=2 repr_band=0 repr_lod="LocalTactical" particle_rows_cap=262144 visual_intent="Strategic" visual_zoom_alpha=0.00700009148567915 fire_particle_rows=0 fire_particle_stamp=6 overlay_rev=0 overlay_chunk_cells=0 graph_fire_inst=0 graph_fire_heat=0 gpu_instance_rows=0 gpu_dispatch=0 gpu_draw=0
2026-05-23T04:28:04.948576Z  INFO visual_diag: VISUAL_DIAG perf frame=5 tile_raster_ms=0.0 tile_raster_ran=false world_repr_ms=0.004399999976158142 projection_graph_ms=0.00010000000474974513 domain_merge_ms=0.00010000000474974513 readiness_ms=0.02590000070631504 cpu_pre_egui_ms=0.0 cpu_egui_ms=0.0 cpu_post_egui_ms=0.0 gpu_gap_ms=0.0
2026-05-23T04:28:04.948580Z  INFO visual_diag: VISUAL_DIAG hud_shell frame=5 cmd_shell=false overlay_tray=false transmission=false
2026-05-23T04:28:04.948595Z  INFO perf: PERF wall=5.96 instr=0.03 gap=5.93 | cpu_pre_egui=4.00 cpu_egui=1.13 cpu_post_egui=0.83 gpu_gap=0.00 | spine=0.00 world_repr=0.00 graph=0.00 merge=0.00 atm=0.00 readiness=0.03 raster=0.00 (idle) | upd_attrib sum=1.37 pv_cpu=0.00 pv_gpu=0.01 fire=0.09 stream=1.05 map_fit=0.00 hud=0.01 wgen=0.21 | budget_sum=0.02 hud=0.01 overlay=0.00 raster_b=0.00 particles=0.00 residency=0.01 tex_reg=0.00 render_x=0.00 | egui_unbudgeted=1.12 | stall first+preupd=0.06 update=0.02 post_dom=0.00 post_vt=0.01 postÔåÆready=0.00 ready=0.05 postÔåÆegui=1.67 egui=1.06 post_egui=0.76
2026-05-23T04:28:04.948603Z  INFO perf: PERF frame=6.0ms update=4.0ms egui=1.1ms preview=0.0ms streaming=1.0ms tile_apply=0.0ms viewport=0.0ms map_fit=0.0ms repr=0.0ms raster=0.0ms
2026-05-23T04:28:05.051044Z  INFO stage5_live_todos: STAGE5_ACTIVE_TODO subsystem=First(render_frame_start) spine_gate_seq=["TODO-01", "TODO-04", "TODO-06"] idx=4 id=TODO-05 status=InProgress file=src/gui/map_camera.rs system=map_camera_apply_input_to_desired, mirror_world_main_camera_from_map_desired goal=No hidden second writer path for world main camera (VM-09B closed). runtime_check=RUST_LOG=stage5_live_todos=info: STAGE5_MAP_CAMERA_HOOK post_mirror bridge_drift + desired vs WorldMain; no unexplained spikes. failure_mode=Jitter + desync minimap vs world.
2026-05-23T04:28:05.051405Z  INFO proc_A_dine01::render::viewport_pipeline: resolved viewport=world_preview revision=12 logical=(372.4,362.0) physical=372x362
2026-05-23T04:28:05.051419Z  INFO viewport_authority: VIEWPORT_AUTHORITY source=ResolvedViewport valid=true min=Vec2(0.0, 0.0) max=Vec2(1280.0, 720.0) w=1280.0 h=720.0
2026-05-23T04:28:05.052453Z  INFO stage5_live_todos: STAGE5_ACTIVE_TODO subsystem=map_camera_mirror_chain spine_gate_seq=["TODO-01", "TODO-04", "TODO-06"] idx=4 id=TODO-05 status=InProgress file=src/gui/map_camera.rs system=map_camera_apply_input_to_desired, mirror_world_main_camera_from_map_desired goal=No hidden second writer path for world main camera (VM-09B closed). runtime_check=RUST_LOG=stage5_live_todos=info: STAGE5_MAP_CAMERA_HOOK post_mirror bridge_drift + desired vs WorldMain; no unexplained spikes. failure_mode=Jitter + desync minimap vs world.
2026-05-23T04:28:05.052464Z  INFO stage5_live_todos: STAGE5_MAP_CAMERA_HOOK post_mirror desired_xy=(160.00,160.00) zoom=1.0000 world_main_xy=(160.00,160.00) zoom=1.0000 bridge_drift=0.0000
2026-05-23T04:28:05.052480Z  INFO construction_finish_todos: CONSTRUCTION_FINISH_COMPLETE done=8/8
2026-05-23T04:28:05.052490Z  INFO construction_round2_todos: CONSTRUCTION_ROUND2_COMPLETE done=15/15
2026-05-23T04:28:05.052498Z  INFO construction_round3_todos: CONSTRUCTION_ROUND3_COMPLETE done=27/27
2026-05-23T04:28:05.052503Z  INFO construction_operational_todos: CONSTRUCTION_OPERATIONAL_GREEN
2026-05-23T04:28:05.052680Z  INFO stage5_live_todos: STAGE5_ACTIVE_TODO subsystem=fire_extract_post spine_gate_seq=["TODO-01", "TODO-04", "TODO-06"] idx=4 id=TODO-05 status=InProgress file=src/gui/map_camera.rs system=map_camera_apply_input_to_desired, mirror_world_main_camera_from_map_desired goal=No hidden second writer path for world main camera (VM-09B closed). runtime_check=RUST_LOG=stage5_live_todos=info: STAGE5_MAP_CAMERA_HOOK post_mirror bridge_drift + desired vs WorldMain; no unexplained spikes. failure_mode=Jitter + desync minimap vs world.
2026-05-23T04:28:05.052688Z  INFO stage5_live_todos: STAGE5_FIRE_HOOK fire_visual_producer_count=1 (expect 1 for FIRE-01)
2026-05-23T04:28:05.053809Z  INFO stage5_live_todos: STAGE5_ACTIVE_TODO subsystem=representation_spine_post_merge spine_gate_seq=["TODO-01", "TODO-04", "TODO-06"] idx=4 id=TODO-05 status=InProgress file=src/gui/map_camera.rs system=map_camera_apply_input_to_desired, mirror_world_main_camera_from_map_desired goal=No hidden second writer path for world main camera (VM-09B closed). runtime_check=RUST_LOG=stage5_live_todos=info: STAGE5_MAP_CAMERA_HOOK post_mirror bridge_drift + desired vs WorldMain; no unexplained spikes. failure_mode=Jitter + desync minimap vs world.
2026-05-23T04:28:05.053819Z  INFO stage5_live_todos: STAGE5_SPINE_HOOK policy_present=true graph_present=true fence_committed=true fence_fire_tick=7 world_frame_present=true overlay_rev=0 overlay_chunk_cells=0 atm_partial_dispatch=0 atm_gpu_tex_uploads=0 atm_full_field_fallback=false
2026-05-23T04:28:05.144364Z  INFO industrial_activation_todos: INDUSTRIAL_ACTIVATION_GREEN
2026-05-23T04:28:05.144529Z  INFO stall: STALL pre_egui: 91.35ms
2026-05-23T04:28:05.144539Z  INFO viewport_authority: VIEWPORT_AUTHORITY source=UiMeasured valid=true min=Vec2(0.0, 0.0) max=Vec2(1280.0, 720.0) w=1280.0 h=720.0
2026-05-23T04:28:05.144549Z  INFO viewport_authority::solver: VIEWPORT_SOLVER_TARGET node=SimMapFill valid=true rect.source=SimMapFill w=1280.0 h=720.0
2026-05-23T04:28:05.144552Z  INFO viewport_authority: VIEWPORT_AUTHORITY source=LayoutSolver valid=true min=Vec2(0.0, 0.0) max=Vec2(1280.0, 720.0) w=1280.0 h=720.0
2026-05-23T04:28:05.144556Z  INFO viewport_authority: VIEWPORT_AUTHORITY source=LayoutSolver valid=true min=Vec2(0.0, 0.0) max=Vec2(1280.0, 720.0) w=1280.0 h=720.0
2026-05-23T04:28:05.144559Z  INFO viewport_authority: VIEWPORT_AUTHORITY source=UiCommitted valid=true min=Vec2(0.0, 0.0) max=Vec2(1280.0, 720.0) w=1280.0 h=720.0
2026-05-23T04:28:05.144569Z  INFO viewport_authority: VIEWPORT_AUTHORITY source=CameraApplied valid=true min=Vec2(0.0, 0.0) max=Vec2(1280.0, 720.0) w=1280.0 h=720.0
2026-05-23T04:28:05.144591Z  INFO stage5_live_todos: STAGE5_ACTIVE_TODO subsystem=evaluate_app_stage5_readiness spine_gate_seq=["TODO-01", "TODO-04", "TODO-06"] idx=4 id=TODO-05 status=InProgress file=src/gui/map_camera.rs system=map_camera_apply_input_to_desired, mirror_world_main_camera_from_map_desired goal=No hidden second writer path for world main camera (VM-09B closed). runtime_check=RUST_LOG=stage5_live_todos=info: STAGE5_MAP_CAMERA_HOOK post_mirror bridge_drift + desired vs WorldMain; no unexplained spikes. failure_mode=Jitter + desync minimap vs world.
2026-05-23T04:28:05.144602Z  INFO stage5_live_todos: STAGE5_READINESS_HOOK passes=true violations_first=(none) producer_count=1
2026-05-23T04:28:05.144606Z  INFO stage5_live_todos: STAGE5_TODO_BOARD_RECONCILE marked_done=1 reopened=0 done_count=13/13 inv=7
2026-05-23T04:28:05.144610Z  INFO visual_aidv2_live_todos: VISUAL_AID_V2_BOARD done=3/6 footprint_ok=false readability=true icons=0
2026-05-23T04:28:05.144620Z  INFO stage5_readiness::truth: 
========== STAGE5_FULL_APP_TRUTH (post_update_invocation=7 sim_tick=7) ==========
FULL_APP_PROFILE_ACTIVE: true
stage5_readiness_passes: true
--- AppStage5ReadinessReport (hard gates) ---
vt4_ok: true  [src: evaluate_app_stage5_readiness / VtCiMatrixLiveReport OR VisualAgreementFrame]
vt5_ok: true  [src: evaluate_app_stage5_readiness / VtCiMatrixLiveReport]
single_fire_extract: true  [src: fire_visual_producer_count / REGISTERED_VISUAL_PRODUCERS]
gpu_field_authoritative: true  [src: P2H_GPU_PARTIAL_WRITES_AUTHORITATIVE]
preview_render_target_active: true  [src: preview_authoritative_surface]
phase_d_ok: true  [derived: !require_preview || preview_render_target_active]
overlay_from_shared_buffers_only: true  [src: SharedOverlayFieldBuffers resource exists]
particle_lod_scales: true  [src: GpuRepresentationMetrics vs RepresentationResult band]
phase_f_lod_proof_ok: true  [src: PhaseFLodProofReport]
instanced_dispatch_ok: true  [src: GpuIndirectDrawSpine vs WorldFireParticleDrawDispatch]
phase_f_ok: true  [derived: particle_lod_scales && phase_f_lod_proof_ok && instanced_dispatch_ok]
projection_domains (report): 3  [src: RenderProjectionGraph via evaluate_stage5_spine_checklist]
registered_producers: 2
duplicate_visual_scan_count: 0
--- violations (first = primary suspect) ---
first: (none)
all: []
--- input wiring (MISSING = UNKNOWNÔåÆoperator FAIL) ---
RepresentationResult: true
WorldRepresentationFrame: true
RenderProjectionGraph: true
CommittedVisualSnapshotFence: true
SharedOverlayFieldBuffers: true
GpuRepresentationMetrics: true
VisualAgreementFrame: true
VtCiMatrixLiveReport: true
AtmospherePartialWriteMetrics: true
PreviewCameraState: true
WorldPreviewGpuRuntime: true
PhaseFLodProofReport: true
GpuIndirectDrawSpine: true
WorldFireParticleDrawDispatch: true
FireSimulationSnapshot: true
MISSING_WIRING_FULL_APP: none
================================================================

2026-05-23T04:28:05.144679Z  INFO worldgen_chrome::egui: WORLD_GEN_EGUI_DRAW preview_window_open=true flow=NewWorldSetup
2026-05-23T04:28:05.146166Z  INFO stage5_live_todos: STAGE5_GPU_HOOK indirect_instances=0 dispatch_count=0 draw_instances=0 (PHF-01 alignment)
2026-05-23T04:28:05.146240Z  WARN visual_diag::anomaly: SIM_COMMIT_BRANCH_CHANGED frame=6 was=3 now=4
2026-05-23T04:28:05.146240Z  INFO worldgen_chrome::trace: CHROME_STATE app=Res(State(WorldGen)) worldgen=Res(State(Idle)) base=Res(State(Editor)) flow=Res(State(NewWorldSetup)) latch_dismissed=false world_gen_visible=true preview_window_open=true lifecycle=GeneratingWorld last_dismiss="never"
2026-05-23T04:28:05.146247Z  INFO visual_diag: VISUAL_DIAG window frame=6 periodic=false win_logical=(1280, 720) win_physical=(1280, 720) scale=1.0 app=1 base=1 flow=1 worldgen=0 readiness_profile=Stage5ReadinessProfile { require_vt4: true, require_vt5: true, require_preview: true, require_partial_metrics: true, require_world_frame: true, require_phase_f_proof: true, require_instanced_draw: true }
2026-05-23T04:28:05.146245Z  INFO sim_view_sync: SIM_VIEW_SYNC frame=6 win_logical=(1280, 720) win_physical=(1280, 720) sim_valid=true sim_adequate=true sim_min=Vec2(0.0, 0.0) sim_max=Vec2(1280.0, 720.0) measured_valid=true measured_wh=Vec2(1280.0, 720.0) committed_wh=Vec2(1280.0, 720.0) sim_wh=Vec2(1280.0, 720.0) settle_streak=4 layout_settled=true sim_held=true last_commit="hole_hold" frozen=true pending_wh=Vec2(1280.0, 720.0) cam_hole=true render_hole=true cam_invalid_streak=0 cam_valid_streak=5 cam_scissor=Some((0, 0, 1280, 720)) ortho_fixed_wh=(1280, 720) map_view_px=(1280, 720) raster_rev=2 resolved_rev=12 app=1 base=1 flow=1 worldgen=0 cmd_shell=false overlay_tray=false transmission=false rect_sanity_issues=0 left_stack_collapsed=true map_cam_scale=Vec3(1.0, 1.0, 1.0) minimap_visible=true
2026-05-23T04:28:05.146254Z  INFO visual_diag: VISUAL_DIAG sim_viewport frame=6 sim_valid=true sim_adequate=true sim_min=Vec2(0.0, 0.0) sim_max=Vec2(1280.0, 720.0) sim_wh=(1280, 720) measured_valid=true measured_wh=(1280, 720) committed_wh=(1280, 720) sim_held=true settle_streak=4 layout_settled=true frozen=true last_commit="hole_hold" pending_wh=(1280, 720) pending_min=Vec2(0.0, 0.0) pending_max=Vec2(1280.0, 720.0)
2026-05-23T04:28:05.146265Z  INFO visual_diag: VISUAL_DIAG camera frame=6 cam_desired_x=160.0 cam_desired_y=160.0 cam_zoom=1.0 latch_hole=true render_hole=true latch_invalid_streak=0 latch_valid_streak=5 cam_scissor=Some((0, 0, 1280, 720)) ortho_fixed_w=1280 ortho_fixed_h=720 map_view_px_w=1280 map_view_px_h=720 world_w=320 world_h=320
2026-05-23T04:28:05.146270Z  INFO visual_diag: VISUAL_DIAG resolved_viewports frame=6 resolved_rev=12 primary_valid=true primary_wh=(1280, 720) sim_resolved_valid=true sim_resolved_wh=(1280, 720) preview_valid=true preview_wh=(372, 362) minimap_valid=false minimap_wh=(0, 0) mismatch_preview=false mismatch_minimap=false mismatch_sim_map=false mismatch_stale_tex=false
2026-05-23T04:28:05.146274Z  INFO visual_diag: VISUAL_DIAG map_view_frames frame=6 world_preview_proj_rev=1554780161531 minimap_proj_rev=4296967305 sim_map_proj_rev=3092378454408
2026-05-23T04:28:05.146277Z  INFO visual_diag: VISUAL_DIAG map_presentation frame=6 wp_fit=Contain wp_viewport=UVec2(372, 362) wp_fit_scale=1.10595703125 wp_expected_fit_scale=1.10595703125 wp_zoom=0.9909266233444214 mm_fit=Contain mm_viewport=UVec2(1, 1) mm_fit_scale=1.0
2026-05-23T04:28:05.146281Z  INFO visual_diag: VISUAL_DIAG render_spine frame=6 raster_rev=2 repr_band=0 repr_lod="LocalTactical" particle_rows_cap=262144 visual_intent="Strategic" visual_zoom_alpha=0.00700009148567915 fire_particle_rows=0 fire_particle_stamp=7 overlay_rev=0 overlay_chunk_cells=0 graph_fire_inst=0 graph_fire_heat=0 gpu_instance_rows=0 gpu_dispatch=0 gpu_draw=0
2026-05-23T04:28:05.146284Z  INFO visual_diag: VISUAL_DIAG perf frame=6 tile_raster_ms=0.0 tile_raster_ran=false world_repr_ms=0.005400000140070915 projection_graph_ms=0.00010000000474974513 domain_merge_ms=0.00010000000474974513 readiness_ms=0.029400000348687172 cpu_pre_egui_ms=0.0 cpu_egui_ms=0.0 cpu_post_egui_ms=0.0 gpu_gap_ms=0.0
2026-05-23T04:28:05.146288Z  INFO visual_diag: VISUAL_DIAG hud_shell frame=6 cmd_shell=false overlay_tray=false transmission=false
2026-05-23T04:28:05.146305Z  INFO perf: PERF wall=95.26 instr=0.04 gap=95.22 | cpu_pre_egui=93.50 cpu_egui=1.03 cpu_post_egui=0.73 gpu_gap=0.00 | spine=0.00 world_repr=0.01 graph=0.00 merge=0.00 atm=0.00 readiness=0.03 raster=0.00 (idle) | upd_attrib sum=1.42 pv_cpu=0.00 pv_gpu=0.00 fire=0.10 stream=1.09 map_fit=0.00 hud=0.02 wgen=0.22 | budget_sum=0.03 hud=0.02 overlay=0.00 raster_b=0.00 particles=0.00 residency=0.02 tex_reg=0.00 render_x=0.00 | egui_unbudgeted=1.01 | stall first+preupd=0.06 update=0.01 post_dom=0.00 post_vt=0.02 postÔåÆready=0.00 ready=0.07 postÔåÆegui=91.35 egui=0.95 post_egui=0.67 | stall_hits=[pre_egui:91.4]
2026-05-23T04:28:05.146313Z  INFO perf: PERF frame=95.3ms update=93.5ms egui=1.0ms preview=0.0ms streaming=1.1ms tile_apply=0.0ms viewport=0.0ms map_fit=0.0ms repr=0.0ms raster=0.0ms
2026-05-23T04:28:05.146319Z  INFO stall: STALL culprit=pre_egui duration=91.4ms frame=95.3ms
2026-05-23T04:28:05.252864Z  INFO proc_A_dine01::render::viewport_pipeline: resolved viewport=world_preview revision=13 logical=(372.4,361.9) physical=372x362
2026-05-23T04:28:05.252878Z  INFO viewport_authority: VIEWPORT_AUTHORITY source=ResolvedViewport valid=true min=Vec2(0.0, 0.0) max=Vec2(1280.0, 720.0) w=1280.0 h=720.0
2026-05-23T04:28:05.253857Z  INFO stage5_live_todos: STAGE5_MAP_CAMERA_HOOK post_mirror desired_xy=(160.00,160.00) zoom=1.0000 world_main_xy=(160.00,160.00) zoom=1.0000 bridge_drift=0.0000
2026-05-23T04:28:05.253879Z  INFO construction_finish_todos: CONSTRUCTION_FINISH_COMPLETE done=8/8
2026-05-23T04:28:05.253889Z  INFO construction_round2_todos: CONSTRUCTION_ROUND2_COMPLETE done=15/15
2026-05-23T04:28:05.253893Z  INFO construction_round3_todos: CONSTRUCTION_ROUND3_COMPLETE done=27/27
2026-05-23T04:28:05.253906Z  INFO construction_operational_todos: CONSTRUCTION_OPERATIONAL_GREEN
2026-05-23T04:28:05.254055Z  INFO stage5_live_todos: STAGE5_FIRE_HOOK fire_visual_producer_count=1 (expect 1 for FIRE-01)
2026-05-23T04:28:05.255133Z  INFO stage5_live_todos: STAGE5_SPINE_HOOK policy_present=true graph_present=true fence_committed=true fence_fire_tick=8 world_frame_present=true overlay_rev=0 overlay_chunk_cells=0 atm_partial_dispatch=0 atm_gpu_tex_uploads=0 atm_full_field_fallback=false
2026-05-23T04:28:05.256116Z  INFO industrial_activation_todos: INDUSTRIAL_ACTIVATION_GREEN
2026-05-23T04:28:05.256162Z  INFO viewport_authority: VIEWPORT_AUTHORITY source=UiMeasured valid=true min=Vec2(0.0, 0.0) max=Vec2(1280.0, 720.0) w=1280.0 h=720.0
2026-05-23T04:28:05.256169Z  INFO viewport_authority::solver: VIEWPORT_SOLVER_TARGET node=SimMapFill valid=true rect.source=SimMapFill w=1280.0 h=720.0
2026-05-23T04:28:05.256172Z  INFO viewport_authority: VIEWPORT_AUTHORITY source=LayoutSolver valid=true min=Vec2(0.0, 0.0) max=Vec2(1280.0, 720.0) w=1280.0 h=720.0
2026-05-23T04:28:05.256175Z  INFO viewport_authority: VIEWPORT_AUTHORITY source=LayoutSolver valid=true min=Vec2(0.0, 0.0) max=Vec2(1280.0, 720.0) w=1280.0 h=720.0
2026-05-23T04:28:05.256177Z  INFO viewport_authority: VIEWPORT_AUTHORITY source=UiCommitted valid=true min=Vec2(0.0, 0.0) max=Vec2(1280.0, 720.0) w=1280.0 h=720.0
2026-05-23T04:28:05.256187Z  INFO viewport_authority: VIEWPORT_AUTHORITY source=CameraApplied valid=true min=Vec2(0.0, 0.0) max=Vec2(1280.0, 720.0) w=1280.0 h=720.0
2026-05-23T04:28:05.256201Z  INFO stage5_live_todos: STAGE5_READINESS_HOOK passes=true violations_first=(none) producer_count=1
2026-05-23T04:28:05.256209Z  INFO visual_aidv2_live_todos: VISUAL_AID_V2_BOARD done=3/6 footprint_ok=false readability=true icons=0
2026-05-23T04:28:05.256221Z  INFO stage5_readiness::truth: 
========== STAGE5_FULL_APP_TRUTH (post_update_invocation=8 sim_tick=8) ==========
FULL_APP_PROFILE_ACTIVE: true
stage5_readiness_passes: true
--- AppStage5ReadinessReport (hard gates) ---
vt4_ok: true  [src: evaluate_app_stage5_readiness / VtCiMatrixLiveReport OR VisualAgreementFrame]
vt5_ok: true  [src: evaluate_app_stage5_readiness / VtCiMatrixLiveReport]
single_fire_extract: true  [src: fire_visual_producer_count / REGISTERED_VISUAL_PRODUCERS]
gpu_field_authoritative: true  [src: P2H_GPU_PARTIAL_WRITES_AUTHORITATIVE]
preview_render_target_active: true  [src: preview_authoritative_surface]
phase_d_ok: true  [derived: !require_preview || preview_render_target_active]
overlay_from_shared_buffers_only: true  [src: SharedOverlayFieldBuffers resource exists]
particle_lod_scales: true  [src: GpuRepresentationMetrics vs RepresentationResult band]
phase_f_lod_proof_ok: true  [src: PhaseFLodProofReport]
instanced_dispatch_ok: true  [src: GpuIndirectDrawSpine vs WorldFireParticleDrawDispatch]
phase_f_ok: true  [derived: particle_lod_scales && phase_f_lod_proof_ok && instanced_dispatch_ok]
projection_domains (report): 3  [src: RenderProjectionGraph via evaluate_stage5_spine_checklist]
registered_producers: 2
duplicate_visual_scan_count: 0
--- violations (first = primary suspect) ---
first: (none)
all: []
--- input wiring (MISSING = UNKNOWNÔåÆoperator FAIL) ---
RepresentationResult: true
WorldRepresentationFrame: true
RenderProjectionGraph: true
CommittedVisualSnapshotFence: true
SharedOverlayFieldBuffers: true
GpuRepresentationMetrics: true
VisualAgreementFrame: true
VtCiMatrixLiveReport: true
AtmospherePartialWriteMetrics: true
PreviewCameraState: true
WorldPreviewGpuRuntime: true
PhaseFLodProofReport: true
GpuIndirectDrawSpine: true
WorldFireParticleDrawDispatch: true
FireSimulationSnapshot: true
MISSING_WIRING_FULL_APP: none
================================================================

2026-05-23T04:28:05.256277Z  INFO worldgen_chrome::egui: WORLD_GEN_EGUI_DRAW preview_window_open=true flow=Idle
2026-05-23T04:28:05.257755Z  INFO stage5_live_todos: STAGE5_GPU_HOOK indirect_instances=0 dispatch_count=0 draw_instances=0 (PHF-01 alignment)
2026-05-23T04:28:05.362144Z  INFO stall: STALL last: 104.97ms
2026-05-23T04:28:05.362145Z  INFO worldgen_chrome::trace: CHROME_STATE app=Res(State(WorldGen)) worldgen=Res(State(Generating)) base=Res(State(Editor)) flow=Res(State(Idle)) latch_dismissed=false world_gen_visible=true preview_window_open=true lifecycle=GeneratingWorld last_dismiss="never"
2026-05-23T04:28:05.362159Z  INFO visual_diag: VISUAL_DIAG window frame=7 periodic=false win_logical=(1280, 720) win_physical=(1280, 720) scale=1.0 app=1 base=1 flow=0 worldgen=2 readiness_profile=Stage5ReadinessProfile { require_vt4: true, require_vt5: true, require_preview: true, require_partial_metrics: true, require_world_frame: true, require_phase_f_proof: true, require_instanced_draw: true }
2026-05-23T04:28:05.362165Z  INFO visual_diag: VISUAL_DIAG sim_viewport frame=7 sim_valid=true sim_adequate=true sim_min=Vec2(0.0, 0.0) sim_max=Vec2(1280.0, 720.0) sim_wh=(1280, 720) measured_valid=true measured_wh=(1280, 720) committed_wh=(1280, 720) sim_held=true settle_streak=4 layout_settled=true frozen=true last_commit="hole_hold" pending_wh=(1280, 720) pending_min=Vec2(0.0, 0.0) pending_max=Vec2(1280.0, 720.0)
2026-05-23T04:28:05.362167Z  INFO sim_view_sync: SIM_VIEW_SYNC frame=7 win_logical=(1280, 720) win_physical=(1280, 720) sim_valid=true sim_adequate=true sim_min=Vec2(0.0, 0.0) sim_max=Vec2(1280.0, 720.0) measured_valid=true measured_wh=Vec2(1280.0, 720.0) committed_wh=Vec2(1280.0, 720.0) sim_wh=Vec2(1280.0, 720.0) settle_streak=4 layout_settled=true sim_held=true last_commit="hole_hold" frozen=true pending_wh=Vec2(1280.0, 720.0) cam_hole=true render_hole=true cam_invalid_streak=0 cam_valid_streak=6 cam_scissor=Some((0, 0, 1280, 720)) ortho_fixed_wh=(1280, 720) map_view_px=(1280, 720) raster_rev=2 resolved_rev=14 app=1 base=1 flow=0 worldgen=2 cmd_shell=false overlay_tray=false transmission=false rect_sanity_issues=0 left_stack_collapsed=true map_cam_scale=Vec3(1.0, 1.0, 1.0) minimap_visible=true
2026-05-23T04:28:05.362235Z  INFO visual_diag: VISUAL_DIAG camera frame=7 cam_desired_x=160.0 cam_desired_y=160.0 cam_zoom=1.0 latch_hole=true render_hole=true latch_invalid_streak=0 latch_valid_streak=6 cam_scissor=Some((0, 0, 1280, 720)) ortho_fixed_w=1280 ortho_fixed_h=720 map_view_px_w=1280 map_view_px_h=720 world_w=320 world_h=320
2026-05-23T04:28:05.362280Z  INFO visual_diag: VISUAL_DIAG resolved_viewports frame=7 resolved_rev=14 primary_valid=true primary_wh=(1280, 720) sim_resolved_valid=true sim_resolved_wh=(1280, 720) preview_valid=true preview_wh=(372, 362) minimap_valid=false minimap_wh=(0, 0) mismatch_preview=false mismatch_minimap=false mismatch_sim_map=false mismatch_stale_tex=false
2026-05-23T04:28:05.362287Z  INFO visual_diag: VISUAL_DIAG map_view_frames frame=7 world_preview_proj_rev=1554780161531 minimap_proj_rev=4296967305 sim_map_proj_rev=3092378454408
2026-05-23T04:28:05.362291Z  INFO visual_diag: VISUAL_DIAG map_presentation frame=7 wp_fit=Contain wp_viewport=UVec2(372, 362) wp_fit_scale=1.10595703125 wp_expected_fit_scale=1.10595703125 wp_zoom=1.030680775642395 mm_fit=Contain mm_viewport=UVec2(1, 1) mm_fit_scale=1.0
2026-05-23T04:28:05.362319Z  INFO visual_diag: VISUAL_DIAG render_spine frame=7 raster_rev=2 repr_band=0 repr_lod="LocalTactical" particle_rows_cap=262144 visual_intent="Strategic" visual_zoom_alpha=0.00700009148567915 fire_particle_rows=0 fire_particle_stamp=8 overlay_rev=0 overlay_chunk_cells=0 graph_fire_inst=0 graph_fire_heat=0 gpu_instance_rows=0 gpu_dispatch=0 gpu_draw=0
2026-05-23T04:28:05.362329Z  INFO visual_diag: VISUAL_DIAG perf frame=7 tile_raster_ms=0.0 tile_raster_ran=false world_repr_ms=0.004200000315904617 projection_graph_ms=0.00010000000474974513 domain_merge_ms=0.0 readiness_ms=0.01850000023841858 cpu_pre_egui_ms=0.0 cpu_egui_ms=0.0 cpu_post_egui_ms=0.0 gpu_gap_ms=0.0
2026-05-23T04:28:05.362333Z  INFO visual_diag: VISUAL_DIAG hud_shell frame=7 cmd_shell=false overlay_tray=false transmission=false
2026-05-23T04:28:05.362352Z  INFO perf: PERF wall=109.73 instr=0.02 gap=109.71 | cpu_pre_egui=3.55 cpu_egui=1.02 cpu_post_egui=105.17 gpu_gap=0.00 | spine=0.00 world_repr=0.00 graph=0.00 merge=0.00 atm=0.00 readiness=0.02 raster=0.00 (idle) | upd_attrib sum=1.33 pv_cpu=0.00 pv_gpu=0.00 fire=0.07 stream=1.04 map_fit=0.00 hud=0.01 wgen=0.21 | budget_sum=0.02 hud=0.01 overlay=0.00 raster_b=0.00 particles=0.00 residency=0.01 tex_reg=0.00 render_x=0.00 | egui_unbudgeted=1.01 | stall first+preupd=0.03 update=0.01 post_dom=0.00 post_vt=0.01 postÔåÆready=0.00 ready=0.05 postÔåÆegui=1.66 egui=0.96 post_egui=104.97 | stall_hits=[last:105.0]
2026-05-23T04:28:05.362402Z  INFO perf: PERF frame=109.7ms update=3.5ms egui=1.0ms preview=0.0ms streaming=1.0ms tile_apply=0.0ms viewport=0.0ms map_fit=0.0ms repr=0.0ms raster=0.0ms
2026-05-23T04:28:05.362409Z  INFO stall: STALL culprit=last duration=105.0ms frame=109.7ms
2026-05-23T04:28:05.364464Z  INFO construction_finish_todos: CONSTRUCTION_FINISH_COMPLETE done=8/8
2026-05-23T04:28:05.364472Z  INFO construction_round2_todos: CONSTRUCTION_ROUND2_COMPLETE done=15/15
2026-05-23T04:28:05.364476Z  INFO construction_round3_todos: CONSTRUCTION_ROUND3_COMPLETE done=27/27
2026-05-23T04:28:05.364479Z  INFO construction_operational_todos: CONSTRUCTION_OPERATIONAL_GREEN
2026-05-23T04:28:05.473622Z  INFO viewport_authority: VIEWPORT_AUTHORITY source=ResolvedViewport valid=true min=Vec2(0.0, 0.0) max=Vec2(1280.0, 720.0) w=1280.0 h=720.0
2026-05-23T04:28:05.473651Z  INFO stage5_live_todos: STAGE5_MAP_CAMERA_HOOK post_mirror desired_xy=(160.00,160.00) zoom=1.0000 world_main_xy=(160.00,160.00) zoom=1.0000 bridge_drift=0.0000
2026-05-23T04:28:05.473816Z  INFO stage5_live_todos: STAGE5_FIRE_HOOK fire_visual_producer_count=1 (expect 1 for FIRE-01)
2026-05-23T04:28:05.474264Z  INFO stall: STALL after_tile_storage_apply: 111.18ms
2026-05-23T04:28:05.474936Z  INFO stage5_live_todos: STAGE5_SPINE_HOOK policy_present=true graph_present=true fence_committed=true fence_fire_tick=9 world_frame_present=true overlay_rev=0 overlay_chunk_cells=0 atm_partial_dispatch=0 atm_gpu_tex_uploads=0 atm_full_field_fallback=false
2026-05-23T04:28:05.475825Z  INFO industrial_activation_todos: INDUSTRIAL_ACTIVATION_GREEN
2026-05-23T04:28:05.475859Z  INFO viewport_authority: VIEWPORT_AUTHORITY source=UiMeasured valid=true min=Vec2(0.0, 0.0) max=Vec2(1280.0, 720.0) w=1280.0 h=720.0
2026-05-23T04:28:05.475864Z  INFO viewport_authority::solver: VIEWPORT_SOLVER_TARGET node=SimMapFill valid=true rect.source=SimMapFill w=1280.0 h=720.0
2026-05-23T04:28:05.475866Z  INFO viewport_authority: VIEWPORT_AUTHORITY source=LayoutSolver valid=true min=Vec2(0.0, 0.0) max=Vec2(1280.0, 720.0) w=1280.0 h=720.0
2026-05-23T04:28:05.475869Z  INFO viewport_authority: VIEWPORT_AUTHORITY source=LayoutSolver valid=true min=Vec2(0.0, 0.0) max=Vec2(1280.0, 720.0) w=1280.0 h=720.0
2026-05-23T04:28:05.475871Z  INFO viewport_authority: VIEWPORT_AUTHORITY source=UiCommitted valid=true min=Vec2(0.0, 0.0) max=Vec2(1280.0, 720.0) w=1280.0 h=720.0
2026-05-23T04:28:05.475879Z  INFO viewport_authority: VIEWPORT_AUTHORITY source=CameraApplied valid=true min=Vec2(0.0, 0.0) max=Vec2(1280.0, 720.0) w=1280.0 h=720.0
2026-05-23T04:28:05.475894Z  INFO stage5_live_todos: STAGE5_READINESS_HOOK passes=true violations_first=(none) producer_count=1
2026-05-23T04:28:05.475903Z  INFO visual_aidv2_live_todos: VISUAL_AID_V2_BOARD done=3/6 footprint_ok=false readability=true icons=0
2026-05-23T04:28:05.475912Z  INFO stage5_readiness::truth: 
========== STAGE5_FULL_APP_TRUTH (post_update_invocation=9 sim_tick=9) ==========
FULL_APP_PROFILE_ACTIVE: true
stage5_readiness_passes: true
--- AppStage5ReadinessReport (hard gates) ---
vt4_ok: true  [src: evaluate_app_stage5_readiness / VtCiMatrixLiveReport OR VisualAgreementFrame]
vt5_ok: true  [src: evaluate_app_stage5_readiness / VtCiMatrixLiveReport]
single_fire_extract: true  [src: fire_visual_producer_count / REGISTERED_VISUAL_PRODUCERS]
gpu_field_authoritative: true  [src: P2H_GPU_PARTIAL_WRITES_AUTHORITATIVE]
preview_render_target_active: true  [src: preview_authoritative_surface]
phase_d_ok: true  [derived: !require_preview || preview_render_target_active]
overlay_from_shared_buffers_only: true  [src: SharedOverlayFieldBuffers resource exists]
particle_lod_scales: true  [src: GpuRepresentationMetrics vs RepresentationResult band]
phase_f_lod_proof_ok: true  [src: PhaseFLodProofReport]
instanced_dispatch_ok: true  [src: GpuIndirectDrawSpine vs WorldFireParticleDrawDispatch]
phase_f_ok: true  [derived: particle_lod_scales && phase_f_lod_proof_ok && instanced_dispatch_ok]
projection_domains (report): 3  [src: RenderProjectionGraph via evaluate_stage5_spine_checklist]
registered_producers: 2
duplicate_visual_scan_count: 0
--- violations (first = primary suspect) ---
first: (none)
all: []
--- input wiring (MISSING = UNKNOWNÔåÆoperator FAIL) ---
RepresentationResult: true
WorldRepresentationFrame: true
RenderProjectionGraph: true
CommittedVisualSnapshotFence: true
SharedOverlayFieldBuffers: true
GpuRepresentationMetrics: true
VisualAgreementFrame: true
VtCiMatrixLiveReport: true
AtmospherePartialWriteMetrics: true
PreviewCameraState: true
WorldPreviewGpuRuntime: true
PhaseFLodProofReport: true
GpuIndirectDrawSpine: true
WorldFireParticleDrawDispatch: true
FireSimulationSnapshot: true
MISSING_WIRING_FULL_APP: none
================================================================

2026-05-23T04:28:05.475963Z  INFO worldgen_chrome::egui: WORLD_GEN_EGUI_DRAW preview_window_open=true flow=NewWorldSetup
2026-05-23T04:28:05.477394Z  INFO stage5_live_todos: STAGE5_GPU_HOOK indirect_instances=0 dispatch_count=0 draw_instances=0 (PHF-01 alignment)
2026-05-23T04:28:05.477449Z  INFO worldgen_chrome::trace: CHROME_STATE app=Res(State(WorldGen)) worldgen=Res(State(Idle)) base=Res(State(Editor)) flow=Res(State(NewWorldSetup)) latch_dismissed=false world_gen_visible=true preview_window_open=true lifecycle=GeneratingWorld last_dismiss="never"
2026-05-23T04:28:05.477449Z  INFO visual_diag: VISUAL_DIAG window frame=8 periodic=false win_logical=(1280, 720) win_physical=(1280, 720) scale=1.0 app=1 base=1 flow=1 worldgen=0 readiness_profile=Stage5ReadinessProfile { require_vt4: true, require_vt5: true, require_preview: true, require_partial_metrics: true, require_world_frame: true, require_phase_f_proof: true, require_instanced_draw: true }
2026-05-23T04:28:05.477465Z  INFO sim_view_sync: SIM_VIEW_SYNC frame=8 win_logical=(1280, 720) win_physical=(1280, 720) sim_valid=true sim_adequate=true sim_min=Vec2(0.0, 0.0) sim_max=Vec2(1280.0, 720.0) measured_valid=true measured_wh=Vec2(1280.0, 720.0) committed_wh=Vec2(1280.0, 720.0) sim_wh=Vec2(1280.0, 720.0) settle_streak=4 layout_settled=true sim_held=true last_commit="hole_hold" frozen=true pending_wh=Vec2(1280.0, 720.0) cam_hole=true render_hole=true cam_invalid_streak=0 cam_valid_streak=7 cam_scissor=Some((0, 0, 1280, 720)) ortho_fixed_wh=(1280, 720) map_view_px=(1280, 720) raster_rev=2 resolved_rev=16 app=1 base=1 flow=1 worldgen=0 cmd_shell=false overlay_tray=false transmission=false rect_sanity_issues=0 left_stack_collapsed=true map_cam_scale=Vec3(1.0, 1.0, 1.0) minimap_visible=true
2026-05-23T04:28:05.477502Z  INFO visual_diag: VISUAL_DIAG sim_viewport frame=8 sim_valid=true sim_adequate=true sim_min=Vec2(0.0, 0.0) sim_max=Vec2(1280.0, 720.0) sim_wh=(1280, 720) measured_valid=true measured_wh=(1280, 720) committed_wh=(1280, 720) sim_held=true settle_streak=4 layout_settled=true frozen=true last_commit="hole_hold" pending_wh=(1280, 720) pending_min=Vec2(0.0, 0.0) pending_max=Vec2(1280.0, 720.0)
2026-05-23T04:28:05.477520Z  INFO visual_diag: VISUAL_DIAG camera frame=8 cam_desired_x=160.0 cam_desired_y=160.0 cam_zoom=1.0 latch_hole=true render_hole=true latch_invalid_streak=0 latch_valid_streak=7 cam_scissor=Some((0, 0, 1280, 720)) ortho_fixed_w=1280 ortho_fixed_h=720 map_view_px_w=1280 map_view_px_h=720 world_w=320 world_h=320
2026-05-23T04:28:05.477524Z  INFO visual_diag: VISUAL_DIAG resolved_viewports frame=8 resolved_rev=16 primary_valid=true primary_wh=(1280, 720) sim_resolved_valid=true sim_resolved_wh=(1280, 720) preview_valid=true preview_wh=(372, 362) minimap_valid=false minimap_wh=(0, 0) mismatch_preview=false mismatch_minimap=false mismatch_sim_map=false mismatch_stale_tex=false
2026-05-23T04:28:05.477527Z  INFO visual_diag: VISUAL_DIAG map_view_frames frame=8 world_preview_proj_rev=1554780161531 minimap_proj_rev=4296967305 sim_map_proj_rev=3092378454408
2026-05-23T04:28:05.477541Z  INFO visual_diag: VISUAL_DIAG map_presentation frame=8 wp_fit=Contain wp_viewport=UVec2(372, 362) wp_fit_scale=1.10595703125 wp_expected_fit_scale=1.10595703125 wp_zoom=1.0404142141342163 mm_fit=Contain mm_viewport=UVec2(1, 1) mm_fit_scale=1.0
2026-05-23T04:28:05.477546Z  INFO visual_diag: VISUAL_DIAG render_spine frame=8 raster_rev=2 repr_band=0 repr_lod="LocalTactical" particle_rows_cap=262144 visual_intent="Strategic" visual_zoom_alpha=0.00700009148567915 fire_particle_rows=0 fire_particle_stamp=9 overlay_rev=0 overlay_chunk_cells=0 graph_fire_inst=0 graph_fire_heat=0 gpu_instance_rows=0 gpu_dispatch=0 gpu_draw=0
2026-05-23T04:28:05.477549Z  INFO visual_diag: VISUAL_DIAG perf frame=8 tile_raster_ms=0.0 tile_raster_ran=false world_repr_ms=0.004200000315904617 projection_graph_ms=0.00010000000474974513 domain_merge_ms=0.00010000000474974513 readiness_ms=0.0215000007301569 cpu_pre_egui_ms=0.0 cpu_egui_ms=0.0 cpu_post_egui_ms=0.0 gpu_gap_ms=0.0
2026-05-23T04:28:05.477566Z  INFO visual_diag: VISUAL_DIAG hud_shell frame=8 cmd_shell=false overlay_tray=false transmission=false
2026-05-23T04:28:05.477582Z  INFO perf: PERF wall=114.51 instr=0.03 gap=114.49 | cpu_pre_egui=112.80 cpu_egui=0.91 cpu_post_egui=0.81 gpu_gap=0.00 | spine=0.00 world_repr=0.00 graph=0.00 merge=0.00 atm=0.00 readiness=0.02 raster=0.00 (idle) | upd_attrib sum=1.38 pv_cpu=0.00 pv_gpu=0.00 fire=0.07 stream=1.09 map_fit=0.00 hud=0.01 wgen=0.21 | budget_sum=0.02 hud=0.01 overlay=0.00 raster_b=0.00 particles=0.00 residency=0.01 tex_reg=0.00 render_x=0.00 | stall first+preupd=0.02 update=0.00 post_dom=0.00 post_vt=0.02 postÔåÆready=0.00 ready=0.03 postÔåÆegui=1.59 egui=0.85 post_egui=0.68 | stall_hits=[after_tile_storage_apply:111.2]
2026-05-23T04:28:05.477588Z  INFO perf: PERF frame=114.5ms update=112.8ms egui=0.9ms preview=0.0ms streaming=1.1ms tile_apply=0.0ms viewport=0.0ms map_fit=0.0ms repr=0.0ms raster=0.0ms
2026-05-23T04:28:05.477603Z  INFO stall: STALL culprit=after_tile_storage_apply duration=111.2ms frame=114.5ms
2026-05-23T04:28:05.577431Z  INFO viewport_authority: VIEWPORT_AUTHORITY source=ResolvedViewport valid=true min=Vec2(0.0, 0.0) max=Vec2(1280.0, 720.0) w=1280.0 h=720.0
2026-05-23T04:28:05.578410Z  INFO stage5_live_todos: STAGE5_MAP_CAMERA_HOOK post_mirror desired_xy=(160.00,160.00) zoom=1.0000 world_main_xy=(160.00,160.00) zoom=1.0000 bridge_drift=0.0000
2026-05-23T04:28:05.578430Z  INFO construction_finish_todos: CONSTRUCTION_FINISH_COMPLETE done=8/8
2026-05-23T04:28:05.578440Z  INFO construction_round2_todos: CONSTRUCTION_ROUND2_COMPLETE done=15/15
2026-05-23T04:28:05.578443Z  INFO construction_round3_todos: CONSTRUCTION_ROUND3_COMPLETE done=27/27
2026-05-23T04:28:05.578448Z  INFO construction_operational_todos: CONSTRUCTION_OPERATIONAL_GREEN
2026-05-23T04:28:05.680321Z  INFO stage5_live_todos: STAGE5_FIRE_HOOK fire_visual_producer_count=1 (expect 1 for FIRE-01)
2026-05-23T04:28:05.680784Z  INFO stall: STALL after_tile_storage_apply: 103.63ms
2026-05-23T04:28:05.681427Z  INFO stage5_live_todos: STAGE5_SPINE_HOOK policy_present=true graph_present=true fence_committed=true fence_fire_tick=10 world_frame_present=true overlay_rev=0 overlay_chunk_cells=0 atm_partial_dispatch=0 atm_gpu_tex_uploads=0 atm_full_field_fallback=false
2026-05-23T04:28:05.682330Z  INFO industrial_activation_todos: INDUSTRIAL_ACTIVATION_GREEN
2026-05-23T04:28:05.682365Z  INFO viewport_authority: VIEWPORT_AUTHORITY source=UiMeasured valid=true min=Vec2(0.0, 0.0) max=Vec2(1280.0, 720.0) w=1280.0 h=720.0
2026-05-23T04:28:05.682370Z  INFO viewport_authority::solver: VIEWPORT_SOLVER_TARGET node=SimMapFill valid=true rect.source=SimMapFill w=1280.0 h=720.0
2026-05-23T04:28:05.682373Z  INFO viewport_authority: VIEWPORT_AUTHORITY source=LayoutSolver valid=true min=Vec2(0.0, 0.0) max=Vec2(1280.0, 720.0) w=1280.0 h=720.0
2026-05-23T04:28:05.682375Z  INFO viewport_authority: VIEWPORT_AUTHORITY source=LayoutSolver valid=true min=Vec2(0.0, 0.0) max=Vec2(1280.0, 720.0) w=1280.0 h=720.0
2026-05-23T04:28:05.682378Z  INFO viewport_authority: VIEWPORT_AUTHORITY source=UiCommitted valid=true min=Vec2(0.0, 0.0) max=Vec2(1280.0, 720.0) w=1280.0 h=720.0
2026-05-23T04:28:05.682385Z  INFO viewport_authority: VIEWPORT_AUTHORITY source=CameraApplied valid=true min=Vec2(0.0, 0.0) max=Vec2(1280.0, 720.0) w=1280.0 h=720.0
2026-05-23T04:28:05.682401Z  INFO stage5_live_todos: STAGE5_READINESS_HOOK passes=true violations_first=(none) producer_count=1
2026-05-23T04:28:05.682409Z  INFO visual_aidv2_live_todos: VISUAL_AID_V2_BOARD done=3/6 footprint_ok=false readability=true icons=0
2026-05-23T04:28:05.682419Z  INFO stage5_readiness::truth: 
========== STAGE5_FULL_APP_TRUTH (post_update_invocation=10 sim_tick=10) ==========
FULL_APP_PROFILE_ACTIVE: true
stage5_readiness_passes: true
--- AppStage5ReadinessReport (hard gates) ---
vt4_ok: true  [src: evaluate_app_stage5_readiness / VtCiMatrixLiveReport OR VisualAgreementFrame]
vt5_ok: true  [src: evaluate_app_stage5_readiness / VtCiMatrixLiveReport]
single_fire_extract: true  [src: fire_visual_producer_count / REGISTERED_VISUAL_PRODUCERS]
gpu_field_authoritative: true  [src: P2H_GPU_PARTIAL_WRITES_AUTHORITATIVE]
preview_render_target_active: true  [src: preview_authoritative_surface]
phase_d_ok: true  [derived: !require_preview || preview_render_target_active]
overlay_from_shared_buffers_only: true  [src: SharedOverlayFieldBuffers resource exists]
particle_lod_scales: true  [src: GpuRepresentationMetrics vs RepresentationResult band]
phase_f_lod_proof_ok: true  [src: PhaseFLodProofReport]
instanced_dispatch_ok: true  [src: GpuIndirectDrawSpine vs WorldFireParticleDrawDispatch]
phase_f_ok: true  [derived: particle_lod_scales && phase_f_lod_proof_ok && instanced_dispatch_ok]
projection_domains (report): 3  [src: RenderProjectionGraph via evaluate_stage5_spine_checklist]
registered_producers: 2
duplicate_visual_scan_count: 0
--- violations (first = primary suspect) ---
first: (none)
all: []
--- input wiring (MISSING = UNKNOWNÔåÆoperator FAIL) ---
RepresentationResult: true
WorldRepresentationFrame: true
RenderProjectionGraph: true
CommittedVisualSnapshotFence: true
SharedOverlayFieldBuffers: true
GpuRepresentationMetrics: true
VisualAgreementFrame: true
VtCiMatrixLiveReport: true
AtmospherePartialWriteMetrics: true
PreviewCameraState: true
WorldPreviewGpuRuntime: true
PhaseFLodProofReport: true
GpuIndirectDrawSpine: true
WorldFireParticleDrawDispatch: true
FireSimulationSnapshot: true
MISSING_WIRING_FULL_APP: none
================================================================

2026-05-23T04:28:05.682465Z  INFO worldgen_chrome::egui: WORLD_GEN_EGUI_DRAW preview_window_open=true flow=Idle
2026-05-23T04:28:05.683966Z  INFO stage5_live_todos: STAGE5_GPU_HOOK indirect_instances=0 dispatch_count=0 draw_instances=0 (PHF-01 alignment)
2026-05-23T04:28:05.684089Z  INFO worldgen_chrome::trace: CHROME_STATE app=Res(State(WorldGen)) worldgen=Res(State(Generating)) base=Res(State(Editor)) flow=Res(State(Idle)) latch_dismissed=false world_gen_visible=true preview_window_open=true lifecycle=GeneratingWorld last_dismiss="never"
2026-05-23T04:28:05.684102Z  INFO visual_diag: VISUAL_DIAG window frame=9 periodic=false win_logical=(1280, 720) win_physical=(1280, 720) scale=1.0 app=1 base=1 flow=0 worldgen=2 readiness_profile=Stage5ReadinessProfile { require_vt4: true, require_vt5: true, require_preview: true, require_partial_metrics: true, require_world_frame: true, require_phase_f_proof: true, require_instanced_draw: true }
2026-05-23T04:28:05.684107Z  INFO visual_diag: VISUAL_DIAG sim_viewport frame=9 sim_valid=true sim_adequate=true sim_min=Vec2(0.0, 0.0) sim_max=Vec2(1280.0, 720.0) sim_wh=(1280, 720) measured_valid=true measured_wh=(1280, 720) committed_wh=(1280, 720) sim_held=true settle_streak=4 layout_settled=true frozen=true last_commit="hole_hold" pending_wh=(1280, 720) pending_min=Vec2(0.0, 0.0) pending_max=Vec2(1280.0, 720.0)
2026-05-23T04:28:05.684113Z  INFO visual_diag: VISUAL_DIAG camera frame=9 cam_desired_x=160.0 cam_desired_y=160.0 cam_zoom=1.0 latch_hole=true render_hole=true latch_invalid_streak=0 latch_valid_streak=8 cam_scissor=Some((0, 0, 1280, 720)) ortho_fixed_w=1280 ortho_fixed_h=720 map_view_px_w=1280 map_view_px_h=720 world_w=320 world_h=320
2026-05-23T04:28:05.684117Z  INFO visual_diag: VISUAL_DIAG resolved_viewports frame=9 resolved_rev=18 primary_valid=true primary_wh=(1280, 720) sim_resolved_valid=true sim_resolved_wh=(1280, 720) preview_valid=true preview_wh=(372, 362) minimap_valid=false minimap_wh=(0, 0) mismatch_preview=false mismatch_minimap=false mismatch_sim_map=false mismatch_stale_tex=false
2026-05-23T04:28:05.684120Z  INFO visual_diag: VISUAL_DIAG map_view_frames frame=9 world_preview_proj_rev=1554780161531 minimap_proj_rev=4296967305 sim_map_proj_rev=3092378454408
2026-05-23T04:28:05.684122Z  INFO visual_diag: VISUAL_DIAG map_presentation frame=9 wp_fit=Contain wp_viewport=UVec2(372, 362) wp_fit_scale=1.10595703125 wp_expected_fit_scale=1.10595703125 wp_zoom=1.0407390594482422 mm_fit=Contain mm_viewport=UVec2(1, 1) mm_fit_scale=1.0
2026-05-23T04:28:05.684127Z  INFO visual_diag: VISUAL_DIAG render_spine frame=9 raster_rev=2 repr_band=0 repr_lod="LocalTactical" particle_rows_cap=262144 visual_intent="Strategic" visual_zoom_alpha=0.00700009148567915 fire_particle_rows=0 fire_particle_stamp=10 overlay_rev=0 overlay_chunk_cells=0 graph_fire_inst=0 graph_fire_heat=0 gpu_instance_rows=0 gpu_dispatch=0 gpu_draw=0
2026-05-23T04:28:05.684130Z  INFO visual_diag: VISUAL_DIAG perf frame=9 tile_raster_ms=0.0 tile_raster_ran=false world_repr_ms=0.004699999932199717 projection_graph_ms=0.00020000000949949026 domain_merge_ms=0.0 readiness_ms=0.018200000748038292 cpu_pre_egui_ms=0.0 cpu_egui_ms=0.0 cpu_post_egui_ms=0.0 gpu_gap_ms=0.0
2026-05-23T04:28:05.684133Z  INFO visual_diag: VISUAL_DIAG hud_shell frame=9 cmd_shell=false overlay_tray=false transmission=false
2026-05-23T04:28:05.684138Z  INFO sim_view_sync: SIM_VIEW_SYNC frame=9 win_logical=(1280, 720) win_physical=(1280, 720) sim_valid=true sim_adequate=true sim_min=Vec2(0.0, 0.0) sim_max=Vec2(1280.0, 720.0) measured_valid=true measured_wh=Vec2(1280.0, 720.0) committed_wh=Vec2(1280.0, 720.0) sim_wh=Vec2(1280.0, 720.0) settle_streak=4 layout_settled=true sim_held=true last_commit="hole_hold" frozen=true pending_wh=Vec2(1280.0, 720.0) cam_hole=true render_hole=true cam_invalid_streak=0 cam_valid_streak=8 cam_scissor=Some((0, 0, 1280, 720)) ortho_fixed_wh=(1280, 720) map_view_px=(1280, 720) raster_rev=2 resolved_rev=18 app=1 base=1 flow=0 worldgen=2 cmd_shell=false overlay_tray=false transmission=false rect_sanity_issues=0 left_stack_collapsed=true map_cam_scale=Vec3(1.0, 1.0, 1.0) minimap_visible=true
2026-05-23T04:28:05.684162Z  INFO perf: PERF wall=107.05 instr=0.02 gap=107.02 | cpu_pre_egui=105.25 cpu_egui=1.03 cpu_post_egui=0.77 gpu_gap=0.00 | spine=0.00 world_repr=0.00 graph=0.00 merge=0.00 atm=0.00 readiness=0.02 raster=0.00 (idle) | upd_attrib sum=1.41 pv_cpu=0.00 pv_gpu=0.00 fire=0.08 stream=1.07 map_fit=0.00 hud=0.01 wgen=0.25 | budget_sum=0.02 hud=0.01 overlay=0.00 raster_b=0.00 particles=0.00 residency=0.01 tex_reg=0.00 render_x=0.00 | egui_unbudgeted=1.02 | stall first+preupd=0.04 update=0.00 post_dom=0.00 post_vt=0.02 postÔåÆready=0.00 ready=0.03 postÔåÆegui=1.58 egui=0.97 post_egui=0.69 | stall_hits=[after_tile_storage_apply:103.6]
2026-05-23T04:28:05.684169Z  INFO perf: PERF frame=107.0ms update=105.3ms egui=1.0ms preview=0.0ms streaming=1.1ms tile_apply=0.0ms viewport=0.0ms map_fit=0.0ms repr=0.0ms raster=0.0ms
2026-05-23T04:28:05.684173Z  INFO stall: STALL culprit=after_tile_storage_apply duration=103.6ms frame=107.0ms
2026-05-23T04:28:05.699791Z  INFO viewport_authority: VIEWPORT_AUTHORITY source=ResolvedViewport valid=true min=Vec2(0.0, 0.0) max=Vec2(1280.0, 720.0) w=1280.0 h=720.0
2026-05-23T04:28:05.700810Z  INFO construction_finish_todos: CONSTRUCTION_FINISH_COMPLETE done=8/8
2026-05-23T04:28:05.700818Z  INFO construction_round2_todos: CONSTRUCTION_ROUND2_COMPLETE done=15/15
2026-05-23T04:28:05.700822Z  INFO construction_round3_todos: CONSTRUCTION_ROUND3_COMPLETE done=27/27
2026-05-23T04:28:05.700825Z  INFO construction_operational_todos: CONSTRUCTION_OPERATIONAL_GREEN
2026-05-23T04:28:05.712581Z  INFO stage5_live_todos: STAGE5_MAP_CAMERA_HOOK post_mirror desired_xy=(160.00,160.00) zoom=1.0000 world_main_xy=(160.00,160.00) zoom=1.0000 bridge_drift=0.0000
2026-05-23T04:28:05.712766Z  INFO stage5_live_todos: STAGE5_FIRE_HOOK fire_visual_producer_count=1 (expect 1 for FIRE-01)
2026-05-23T04:28:05.713269Z  INFO stall: STALL after_tile_storage_apply: 13.75ms
2026-05-23T04:28:05.714035Z  INFO stage5_live_todos: STAGE5_SPINE_HOOK policy_present=true graph_present=true fence_committed=true fence_fire_tick=11 world_frame_present=true overlay_rev=0 overlay_chunk_cells=0 atm_partial_dispatch=0 atm_gpu_tex_uploads=0 atm_full_field_fallback=false
2026-05-23T04:28:05.714981Z  INFO industrial_activation_todos: INDUSTRIAL_ACTIVATION_GREEN
2026-05-23T04:28:05.715032Z  INFO viewport_authority: VIEWPORT_AUTHORITY source=UiMeasured valid=true min=Vec2(0.0, 0.0) max=Vec2(1280.0, 720.0) w=1280.0 h=720.0
2026-05-23T04:28:05.715039Z  INFO viewport_authority::solver: VIEWPORT_SOLVER_TARGET node=SimMapFill valid=true rect.source=SimMapFill w=1280.0 h=720.0
2026-05-23T04:28:05.715042Z  INFO viewport_authority: VIEWPORT_AUTHORITY source=LayoutSolver valid=true min=Vec2(0.0, 0.0) max=Vec2(1280.0, 720.0) w=1280.0 h=720.0
2026-05-23T04:28:05.715045Z  INFO viewport_authority: VIEWPORT_AUTHORITY source=LayoutSolver valid=true min=Vec2(0.0, 0.0) max=Vec2(1280.0, 720.0) w=1280.0 h=720.0
2026-05-23T04:28:05.715048Z  INFO viewport_authority: VIEWPORT_AUTHORITY source=UiCommitted valid=true min=Vec2(0.0, 0.0) max=Vec2(1280.0, 720.0) w=1280.0 h=720.0
2026-05-23T04:28:05.715066Z  INFO viewport_authority: VIEWPORT_AUTHORITY source=CameraApplied valid=true min=Vec2(0.0, 0.0) max=Vec2(1280.0, 720.0) w=1280.0 h=720.0
2026-05-23T04:28:05.715083Z  INFO stage5_live_todos: STAGE5_READINESS_HOOK passes=true violations_first=(none) producer_count=1
2026-05-23T04:28:05.715090Z  INFO visual_aidv2_live_todos: VISUAL_AID_V2_BOARD done=3/6 footprint_ok=false readability=true icons=0
2026-05-23T04:28:05.715099Z  INFO stage5_readiness::truth: 
========== STAGE5_FULL_APP_TRUTH (post_update_invocation=11 sim_tick=11) ==========
FULL_APP_PROFILE_ACTIVE: true
stage5_readiness_passes: true
--- AppStage5ReadinessReport (hard gates) ---
vt4_ok: true  [src: evaluate_app_stage5_readiness / VtCiMatrixLiveReport OR VisualAgreementFrame]
vt5_ok: true  [src: evaluate_app_stage5_readiness / VtCiMatrixLiveReport]
single_fire_extract: true  [src: fire_visual_producer_count / REGISTERED_VISUAL_PRODUCERS]
gpu_field_authoritative: true  [src: P2H_GPU_PARTIAL_WRITES_AUTHORITATIVE]
preview_render_target_active: true  [src: preview_authoritative_surface]
phase_d_ok: true  [derived: !require_preview || preview_render_target_active]
overlay_from_shared_buffers_only: true  [src: SharedOverlayFieldBuffers resource exists]
particle_lod_scales: true  [src: GpuRepresentationMetrics vs RepresentationResult band]
phase_f_lod_proof_ok: true  [src: PhaseFLodProofReport]
instanced_dispatch_ok: true  [src: GpuIndirectDrawSpine vs WorldFireParticleDrawDispatch]
phase_f_ok: true  [derived: particle_lod_scales && phase_f_lod_proof_ok && instanced_dispatch_ok]
projection_domains (report): 3  [src: RenderProjectionGraph via evaluate_stage5_spine_checklist]
registered_producers: 2
duplicate_visual_scan_count: 0
--- violations (first = primary suspect) ---
first: (none)
all: []
--- input wiring (MISSING = UNKNOWNÔåÆoperator FAIL) ---
RepresentationResult: true
WorldRepresentationFrame: true
RenderProjectionGraph: true
CommittedVisualSnapshotFence: true
SharedOverlayFieldBuffers: true
GpuRepresentationMetrics: true
VisualAgreementFrame: true
VtCiMatrixLiveReport: true
AtmospherePartialWriteMetrics: true
PreviewCameraState: true
WorldPreviewGpuRuntime: true
PhaseFLodProofReport: true
GpuIndirectDrawSpine: true
WorldFireParticleDrawDispatch: true
FireSimulationSnapshot: true
MISSING_WIRING_FULL_APP: none
================================================================

2026-05-23T04:28:05.715141Z  INFO worldgen_chrome::egui: WORLD_GEN_EGUI_DRAW preview_window_open=true flow=NewWorldSetup
2026-05-23T04:28:05.716916Z  INFO stage5_live_todos: STAGE5_GPU_HOOK indirect_instances=0 dispatch_count=0 draw_instances=0 (PHF-01 alignment)
2026-05-23T04:28:05.717015Z  INFO worldgen_chrome::trace: CHROME_STATE app=Res(State(WorldGen)) worldgen=Res(State(Idle)) base=Res(State(Editor)) flow=Res(State(NewWorldSetup)) latch_dismissed=false world_gen_visible=true preview_window_open=true lifecycle=GeneratingWorld last_dismiss="never"
2026-05-23T04:28:05.717026Z  INFO visual_diag: VISUAL_DIAG window frame=10 periodic=false win_logical=(1280, 720) win_physical=(1280, 720) scale=1.0 app=1 base=1 flow=1 worldgen=0 readiness_profile=Stage5ReadinessProfile { require_vt4: true, require_vt5: true, require_preview: true, require_partial_metrics: true, require_world_frame: true, require_phase_f_proof: true, require_instanced_draw: true }
2026-05-23T04:28:05.717032Z  INFO visual_diag: VISUAL_DIAG sim_viewport frame=10 sim_valid=true sim_adequate=true sim_min=Vec2(0.0, 0.0) sim_max=Vec2(1280.0, 720.0) sim_wh=(1280, 720) measured_valid=true measured_wh=(1280, 720) committed_wh=(1280, 720) sim_held=true settle_streak=4 layout_settled=true frozen=true last_commit="hole_hold" pending_wh=(1280, 720) pending_min=Vec2(0.0, 0.0) pending_max=Vec2(1280.0, 720.0)
2026-05-23T04:28:05.717037Z  INFO visual_diag: VISUAL_DIAG camera frame=10 cam_desired_x=160.0 cam_desired_y=160.0 cam_zoom=1.0 latch_hole=true render_hole=true latch_invalid_streak=0 latch_valid_streak=9 cam_scissor=Some((0, 0, 1280, 720)) ortho_fixed_w=1280 ortho_fixed_h=720 map_view_px_w=1280 map_view_px_h=720 world_w=320 world_h=320
2026-05-23T04:28:05.717041Z  INFO visual_diag: VISUAL_DIAG resolved_viewports frame=10 resolved_rev=20 primary_valid=true primary_wh=(1280, 720) sim_resolved_valid=true sim_resolved_wh=(1280, 720) preview_valid=true preview_wh=(372, 362) minimap_valid=false minimap_wh=(0, 0) mismatch_preview=false mismatch_minimap=false mismatch_sim_map=false mismatch_stale_tex=false
2026-05-23T04:28:05.717045Z  INFO visual_diag: VISUAL_DIAG map_view_frames frame=10 world_preview_proj_rev=1554780161531 minimap_proj_rev=4296967305 sim_map_proj_rev=3092378454408
2026-05-23T04:28:05.717048Z  INFO visual_diag: VISUAL_DIAG map_presentation frame=10 wp_fit=Contain wp_viewport=UVec2(372, 362) wp_fit_scale=1.10595703125 wp_expected_fit_scale=1.10595703125 wp_zoom=1.0407484769821167 mm_fit=Contain mm_viewport=UVec2(1, 1) mm_fit_scale=1.0
2026-05-23T04:28:05.717053Z  INFO visual_diag: VISUAL_DIAG render_spine frame=10 raster_rev=2 repr_band=0 repr_lod="LocalTactical" particle_rows_cap=262144 visual_intent="Strategic" visual_zoom_alpha=0.00700009148567915 fire_particle_rows=0 fire_particle_stamp=11 overlay_rev=0 overlay_chunk_cells=0 graph_fire_inst=0 graph_fire_heat=0 gpu_instance_rows=0 gpu_dispatch=0 gpu_draw=0
2026-05-23T04:28:05.717057Z  INFO visual_diag: VISUAL_DIAG perf frame=10 tile_raster_ms=0.0 tile_raster_ran=false world_repr_ms=0.004200000315904617 projection_graph_ms=0.00010000000474974513 domain_merge_ms=0.00010000000474974513 readiness_ms=0.01809999905526638 cpu_pre_egui_ms=0.0 cpu_egui_ms=0.0 cpu_post_egui_ms=0.0 gpu_gap_ms=0.0
2026-05-23T04:28:05.717061Z  INFO visual_diag: VISUAL_DIAG hud_shell frame=10 cmd_shell=false overlay_tray=false transmission=false
2026-05-23T04:28:05.717066Z  INFO sim_view_sync: SIM_VIEW_SYNC frame=10 win_logical=(1280, 720) win_physical=(1280, 720) sim_valid=true sim_adequate=true sim_min=Vec2(0.0, 0.0) sim_max=Vec2(1280.0, 720.0) measured_valid=true measured_wh=Vec2(1280.0, 720.0) committed_wh=Vec2(1280.0, 720.0) sim_wh=Vec2(1280.0, 720.0) settle_streak=4 layout_settled=true sim_held=true last_commit="hole_hold" frozen=true pending_wh=Vec2(1280.0, 720.0) cam_hole=true render_hole=true cam_invalid_streak=0 cam_valid_streak=9 cam_scissor=Some((0, 0, 1280, 720)) ortho_fixed_wh=(1280, 720) map_view_px=(1280, 720) raster_rev=2 resolved_rev=20 app=1 base=1 flow=1 worldgen=0 cmd_shell=false overlay_tray=false transmission=false rect_sanity_issues=0 left_stack_collapsed=true map_cam_scale=Vec3(1.0, 1.0, 1.0) minimap_visible=true
2026-05-23T04:28:05.717092Z  INFO perf: PERF wall=17.59 instr=0.02 gap=17.56 | cpu_pre_egui=15.53 cpu_egui=0.93 cpu_post_egui=1.13 gpu_gap=0.00 | spine=0.00 world_repr=0.00 graph=0.00 merge=0.00 atm=0.00 readiness=0.02 raster=0.00 (idle) | upd_attrib sum=1.57 pv_cpu=0.00 pv_gpu=0.00 fire=0.08 stream=1.23 map_fit=0.00 hud=0.01 wgen=0.24 | budget_sum=0.02 hud=0.01 overlay=0.00 raster_b=0.00 particles=0.00 residency=0.01 tex_reg=0.00 render_x=0.00 | stall first+preupd=0.02 update=0.01 post_dom=0.00 post_vt=0.04 postÔåÆready=0.01 ready=0.04 postÔåÆegui=1.75 egui=0.84 post_egui=1.06 | stall_hits=[after_tile_storage_apply:13.7]
2026-05-23T04:28:05.717100Z  INFO perf: PERF frame=17.6ms update=15.5ms egui=0.9ms preview=0.0ms streaming=1.2ms tile_apply=0.0ms viewport=0.0ms map_fit=0.0ms repr=0.0ms raster=0.0ms
2026-05-23T04:28:05.717104Z  INFO stall: STALL culprit=after_tile_storage_apply duration=13.7ms frame=17.6ms
2026-05-23T04:28:05.789390Z  INFO viewport_authority: VIEWPORT_AUTHORITY source=ResolvedViewport valid=true min=Vec2(0.0, 0.0) max=Vec2(1280.0, 720.0) w=1280.0 h=720.0
2026-05-23T04:28:05.790415Z  INFO construction_finish_todos: CONSTRUCTION_FINISH_COMPLETE done=8/8
2026-05-23T04:28:05.790425Z  INFO construction_round2_todos: CONSTRUCTION_ROUND2_COMPLETE done=15/15
2026-05-23T04:28:05.790431Z  INFO construction_round3_todos: CONSTRUCTION_ROUND3_COMPLETE done=27/27
2026-05-23T04:28:05.790434Z  INFO construction_operational_todos: CONSTRUCTION_OPERATIONAL_GREEN
2026-05-23T04:28:05.802996Z  INFO stage5_live_todos: STAGE5_MAP_CAMERA_HOOK post_mirror desired_xy=(160.00,160.00) zoom=1.0000 world_main_xy=(160.00,160.00) zoom=1.0000 bridge_drift=0.0000
2026-05-23T04:28:05.804519Z  INFO stage5_live_todos: STAGE5_FIRE_HOOK fire_visual_producer_count=1 (expect 1 for FIRE-01)
2026-05-23T04:28:05.806214Z  INFO stall: STALL after_tile_storage_apply: 17.12ms
2026-05-23T04:28:05.806353Z  INFO stage5_live_todos: STAGE5_SPINE_HOOK policy_present=true graph_present=true fence_committed=true fence_fire_tick=12 world_frame_present=true overlay_rev=0 overlay_chunk_cells=0 atm_partial_dispatch=0 atm_gpu_tex_uploads=0 atm_full_field_fallback=false
2026-05-23T04:28:05.808073Z  INFO industrial_activation_todos: INDUSTRIAL_ACTIVATION_GREEN
2026-05-23T04:28:05.808214Z  INFO viewport_authority: VIEWPORT_AUTHORITY source=UiMeasured valid=true min=Vec2(0.0, 0.0) max=Vec2(1280.0, 720.0) w=1280.0 h=720.0
2026-05-23T04:28:05.808222Z  INFO viewport_authority::solver: VIEWPORT_SOLVER_TARGET node=SimMapFill valid=true rect.source=SimMapFill w=1280.0 h=720.0
2026-05-23T04:28:05.808226Z  INFO viewport_authority: VIEWPORT_AUTHORITY source=LayoutSolver valid=true min=Vec2(0.0, 0.0) max=Vec2(1280.0, 720.0) w=1280.0 h=720.0
2026-05-23T04:28:05.808229Z  INFO viewport_authority: VIEWPORT_AUTHORITY source=LayoutSolver valid=true min=Vec2(0.0, 0.0) max=Vec2(1280.0, 720.0) w=1280.0 h=720.0
2026-05-23T04:28:05.808231Z  INFO viewport_authority: VIEWPORT_AUTHORITY source=UiCommitted valid=true min=Vec2(0.0, 0.0) max=Vec2(1280.0, 720.0) w=1280.0 h=720.0
2026-05-23T04:28:05.808241Z  INFO viewport_authority: VIEWPORT_AUTHORITY source=CameraApplied valid=true min=Vec2(0.0, 0.0) max=Vec2(1280.0, 720.0) w=1280.0 h=720.0
2026-05-23T04:28:05.808262Z  INFO stage5_live_todos: STAGE5_READINESS_HOOK passes=true violations_first=(none) producer_count=1
2026-05-23T04:28:05.808266Z  INFO visual_aidv2_live_todos: VISUAL_AID_V2_BOARD done=3/6 footprint_ok=false readability=true icons=0
2026-05-23T04:28:05.808274Z  INFO stage5_readiness::truth: 
========== STAGE5_FULL_APP_TRUTH (post_update_invocation=12 sim_tick=12) ==========
FULL_APP_PROFILE_ACTIVE: true
stage5_readiness_passes: true
--- AppStage5ReadinessReport (hard gates) ---
vt4_ok: true  [src: evaluate_app_stage5_readiness / VtCiMatrixLiveReport OR VisualAgreementFrame]
vt5_ok: true  [src: evaluate_app_stage5_readiness / VtCiMatrixLiveReport]
single_fire_extract: true  [src: fire_visual_producer_count / REGISTERED_VISUAL_PRODUCERS]
gpu_field_authoritative: true  [src: P2H_GPU_PARTIAL_WRITES_AUTHORITATIVE]
preview_render_target_active: true  [src: preview_authoritative_surface]
phase_d_ok: true  [derived: !require_preview || preview_render_target_active]
overlay_from_shared_buffers_only: true  [src: SharedOverlayFieldBuffers resource exists]
particle_lod_scales: true  [src: GpuRepresentationMetrics vs RepresentationResult band]
phase_f_lod_proof_ok: true  [src: PhaseFLodProofReport]
instanced_dispatch_ok: true  [src: GpuIndirectDrawSpine vs WorldFireParticleDrawDispatch]
phase_f_ok: true  [derived: particle_lod_scales && phase_f_lod_proof_ok && instanced_dispatch_ok]
projection_domains (report): 3  [src: RenderProjectionGraph via evaluate_stage5_spine_checklist]
registered_producers: 2
duplicate_visual_scan_count: 0
--- violations (first = primary suspect) ---
first: (none)
all: []
--- input wiring (MISSING = UNKNOWNÔåÆoperator FAIL) ---
RepresentationResult: true
WorldRepresentationFrame: true
RenderProjectionGraph: true
CommittedVisualSnapshotFence: true
SharedOverlayFieldBuffers: true
GpuRepresentationMetrics: true
VisualAgreementFrame: true
VtCiMatrixLiveReport: true
AtmospherePartialWriteMetrics: true
PreviewCameraState: true
WorldPreviewGpuRuntime: true
PhaseFLodProofReport: true
GpuIndirectDrawSpine: true
WorldFireParticleDrawDispatch: true
FireSimulationSnapshot: true
MISSING_WIRING_FULL_APP: none
================================================================

2026-05-23T04:28:05.808321Z  INFO worldgen_chrome::egui: WORLD_GEN_EGUI_DRAW preview_window_open=true flow=Idle
2026-05-23T04:28:05.809676Z  INFO stage5_live_todos: STAGE5_GPU_HOOK indirect_instances=0 dispatch_count=0 draw_instances=0 (PHF-01 alignment)
2026-05-23T04:28:05.809775Z  INFO worldgen_chrome::trace: CHROME_STATE app=Res(State(WorldGen)) worldgen=Res(State(Generating)) base=Res(State(Editor)) flow=Res(State(Idle)) latch_dismissed=false world_gen_visible=true preview_window_open=true lifecycle=GeneratingWorld last_dismiss="never"
2026-05-23T04:28:05.809775Z  INFO sim_view_sync: SIM_VIEW_SYNC frame=11 win_logical=(1280, 720) win_physical=(1280, 720) sim_valid=true sim_adequate=true sim_min=Vec2(0.0, 0.0) sim_max=Vec2(1280.0, 720.0) measured_valid=true measured_wh=Vec2(1280.0, 720.0) committed_wh=Vec2(1280.0, 720.0) sim_wh=Vec2(1280.0, 720.0) settle_streak=4 layout_settled=true sim_held=true last_commit="hole_hold" frozen=true pending_wh=Vec2(1280.0, 720.0) cam_hole=true render_hole=true cam_invalid_streak=0 cam_valid_streak=10 cam_scissor=Some((0, 0, 1280, 720)) ortho_fixed_wh=(1280, 720) map_view_px=(1280, 720) raster_rev=2 resolved_rev=22 app=1 base=1 flow=0 worldgen=2 cmd_shell=false overlay_tray=false transmission=false rect_sanity_issues=0 left_stack_collapsed=true map_cam_scale=Vec3(1.0, 1.0, 1.0) minimap_visible=true
2026-05-23T04:28:05.809784Z  INFO visual_diag: VISUAL_DIAG window frame=11 periodic=false win_logical=(1280, 720) win_physical=(1280, 720) scale=1.0 app=1 base=1 flow=0 worldgen=2 readiness_profile=Stage5ReadinessProfile { require_vt4: true, require_vt5: true, require_preview: true, require_partial_metrics: true, require_world_frame: true, require_phase_f_proof: true, require_instanced_draw: true }
2026-05-23T04:28:05.809819Z  INFO visual_diag: VISUAL_DIAG sim_viewport frame=11 sim_valid=true sim_adequate=true sim_min=Vec2(0.0, 0.0) sim_max=Vec2(1280.0, 720.0) sim_wh=(1280, 720) measured_valid=true measured_wh=(1280, 720) committed_wh=(1280, 720) sim_held=true settle_streak=4 layout_settled=true frozen=true last_commit="hole_hold" pending_wh=(1280, 720) pending_min=Vec2(0.0, 0.0) pending_max=Vec2(1280.0, 720.0)
2026-05-23T04:28:05.809851Z  INFO visual_diag: VISUAL_DIAG camera frame=11 cam_desired_x=160.0 cam_desired_y=160.0 cam_zoom=1.0 latch_hole=true render_hole=true latch_invalid_streak=0 latch_valid_streak=10 cam_scissor=Some((0, 0, 1280, 720)) ortho_fixed_w=1280 ortho_fixed_h=720 map_view_px_w=1280 map_view_px_h=720 world_w=320 world_h=320
2026-05-23T04:28:05.809856Z  INFO visual_diag: VISUAL_DIAG resolved_viewports frame=11 resolved_rev=22 primary_valid=true primary_wh=(1280, 720) sim_resolved_valid=true sim_resolved_wh=(1280, 720) preview_valid=true preview_wh=(372, 362) minimap_valid=false minimap_wh=(0, 0) mismatch_preview=false mismatch_minimap=false mismatch_sim_map=false mismatch_stale_tex=false
2026-05-23T04:28:05.809861Z  INFO visual_diag: VISUAL_DIAG map_view_frames frame=11 world_preview_proj_rev=1554780161531 minimap_proj_rev=4296967305 sim_map_proj_rev=3092378454408
2026-05-23T04:28:05.809863Z  INFO visual_diag: VISUAL_DIAG map_presentation frame=11 wp_fit=Contain wp_viewport=UVec2(372, 362) wp_fit_scale=1.10595703125 wp_expected_fit_scale=1.10595703125 wp_zoom=1.0407496690750122 mm_fit=Contain mm_viewport=UVec2(1, 1) mm_fit_scale=1.0
2026-05-23T04:28:05.809869Z  INFO visual_diag: VISUAL_DIAG render_spine frame=11 raster_rev=2 repr_band=0 repr_lod="LocalTactical" particle_rows_cap=262144 visual_intent="Strategic" visual_zoom_alpha=0.00700009148567915 fire_particle_rows=0 fire_particle_stamp=12 overlay_rev=0 overlay_chunk_cells=0 graph_fire_inst=0 graph_fire_heat=0 gpu_instance_rows=0 gpu_dispatch=0 gpu_draw=0
2026-05-23T04:28:05.809873Z  INFO visual_diag: VISUAL_DIAG perf frame=11 tile_raster_ms=0.0 tile_raster_ran=false world_repr_ms=0.004699999932199717 projection_graph_ms=0.00010000000474974513 domain_merge_ms=0.00010000000474974513 readiness_ms=0.014000000432133675 cpu_pre_egui_ms=0.0 cpu_egui_ms=0.0 cpu_post_egui_ms=0.0 gpu_gap_ms=0.0
2026-05-23T04:28:05.809877Z  INFO visual_diag: VISUAL_DIAG hud_shell frame=11 cmd_shell=false overlay_tray=false transmission=false
2026-05-23T04:28:05.809895Z  INFO perf: PERF wall=20.84 instr=0.02 gap=20.82 | cpu_pre_egui=19.16 cpu_egui=0.95 cpu_post_egui=0.72 gpu_gap=0.00 | spine=0.00 world_repr=0.00 graph=0.00 merge=0.00 atm=0.00 readiness=0.01 raster=0.00 (idle) | upd_attrib sum=3.49 pv_cpu=0.00 pv_gpu=0.00 fire=1.82 stream=1.43 map_fit=0.00 hud=0.02 wgen=0.21 | budget_sum=0.03 hud=0.02 overlay=0.00 raster_b=0.00 particles=0.00 residency=0.01 tex_reg=0.00 render_x=0.00 | stall first+preupd=0.05 update=0.00 post_dom=0.00 post_vt=0.01 postÔåÆready=0.00 ready=0.05 postÔåÆegui=1.99 egui=0.89 post_egui=0.61 | stall_hits=[after_tile_storage_apply:17.1]
2026-05-23T04:28:05.809904Z  INFO perf: PERF frame=20.8ms update=19.2ms egui=1.0ms preview=0.0ms streaming=1.4ms tile_apply=0.0ms viewport=0.0ms map_fit=0.0ms repr=0.0ms raster=0.0ms
2026-05-23T04:28:05.809908Z  INFO stall: STALL culprit=after_tile_storage_apply duration=17.1ms frame=20.8ms
2026-05-23T04:28:05.896921Z  INFO viewport_authority: VIEWPORT_AUTHORITY source=ResolvedViewport valid=true min=Vec2(0.0, 0.0) max=Vec2(1280.0, 720.0) w=1280.0 h=720.0
2026-05-23T04:28:05.897840Z  INFO construction_finish_todos: CONSTRUCTION_FINISH_COMPLETE done=8/8
2026-05-23T04:28:05.897851Z  INFO construction_round2_todos: CONSTRUCTION_ROUND2_COMPLETE done=15/15
2026-05-23T04:28:05.897856Z  INFO construction_round3_todos: CONSTRUCTION_ROUND3_COMPLETE done=27/27
2026-05-23T04:28:05.897861Z  INFO construction_operational_todos: CONSTRUCTION_OPERATIONAL_GREEN
2026-05-23T04:28:05.897870Z  INFO stage5_live_todos: STAGE5_MAP_CAMERA_HOOK post_mirror desired_xy=(160.00,160.00) zoom=1.0000 world_main_xy=(160.00,160.00) zoom=1.0000 bridge_drift=0.0000
2026-05-23T04:28:05.898083Z  INFO stage5_live_todos: STAGE5_FIRE_HOOK fire_visual_producer_count=1 (expect 1 for FIRE-01)
2026-05-23T04:28:05.899328Z  INFO stall: STALL after_tile_storage_apply: 78.20ms
2026-05-23T04:28:05.899366Z  INFO stage5_live_todos: STAGE5_SPINE_HOOK policy_present=true graph_present=true fence_committed=true fence_fire_tick=13 world_frame_present=true overlay_rev=0 overlay_chunk_cells=0 atm_partial_dispatch=0 atm_gpu_tex_uploads=0 atm_full_field_fallback=false
2026-05-23T04:28:05.900212Z  INFO industrial_activation_todos: INDUSTRIAL_ACTIVATION_GREEN
2026-05-23T04:28:05.900281Z  INFO viewport_authority: VIEWPORT_AUTHORITY source=UiMeasured valid=true min=Vec2(0.0, 0.0) max=Vec2(1280.0, 720.0) w=1280.0 h=720.0
2026-05-23T04:28:05.900290Z  INFO viewport_authority::solver: VIEWPORT_SOLVER_TARGET node=SimMapFill valid=true rect.source=SimMapFill w=1280.0 h=720.0
2026-05-23T04:28:05.900294Z  INFO viewport_authority: VIEWPORT_AUTHORITY source=LayoutSolver valid=true min=Vec2(0.0, 0.0) max=Vec2(1280.0, 720.0) w=1280.0 h=720.0
2026-05-23T04:28:05.900298Z  INFO viewport_authority: VIEWPORT_AUTHORITY source=LayoutSolver valid=true min=Vec2(0.0, 0.0) max=Vec2(1280.0, 720.0) w=1280.0 h=720.0
2026-05-23T04:28:05.900301Z  INFO viewport_authority: VIEWPORT_AUTHORITY source=UiCommitted valid=true min=Vec2(0.0, 0.0) max=Vec2(1280.0, 720.0) w=1280.0 h=720.0
2026-05-23T04:28:05.900331Z  INFO viewport_authority: VIEWPORT_AUTHORITY source=CameraApplied valid=true min=Vec2(0.0, 0.0) max=Vec2(1280.0, 720.0) w=1280.0 h=720.0
2026-05-23T04:28:05.900351Z  INFO stage5_live_todos: STAGE5_READINESS_HOOK passes=true violations_first=(none) producer_count=1
2026-05-23T04:28:05.900357Z  INFO visual_aidv2_live_todos: VISUAL_AID_V2_BOARD done=3/6 footprint_ok=false readability=true icons=0
2026-05-23T04:28:05.900367Z  INFO stage5_readiness::truth: 
========== STAGE5_FULL_APP_TRUTH (post_update_invocation=13 sim_tick=13) ==========
FULL_APP_PROFILE_ACTIVE: true
stage5_readiness_passes: true
--- AppStage5ReadinessReport (hard gates) ---
vt4_ok: true  [src: evaluate_app_stage5_readiness / VtCiMatrixLiveReport OR VisualAgreementFrame]
vt5_ok: true  [src: evaluate_app_stage5_readiness / VtCiMatrixLiveReport]
single_fire_extract: true  [src: fire_visual_producer_count / REGISTERED_VISUAL_PRODUCERS]
gpu_field_authoritative: true  [src: P2H_GPU_PARTIAL_WRITES_AUTHORITATIVE]
preview_render_target_active: true  [src: preview_authoritative_surface]
phase_d_ok: true  [derived: !require_preview || preview_render_target_active]
overlay_from_shared_buffers_only: true  [src: SharedOverlayFieldBuffers resource exists]
particle_lod_scales: true  [src: GpuRepresentationMetrics vs RepresentationResult band]
phase_f_lod_proof_ok: true  [src: PhaseFLodProofReport]
instanced_dispatch_ok: true  [src: GpuIndirectDrawSpine vs WorldFireParticleDrawDispatch]
phase_f_ok: true  [derived: particle_lod_scales && phase_f_lod_proof_ok && instanced_dispatch_ok]
projection_domains (report): 3  [src: RenderProjectionGraph via evaluate_stage5_spine_checklist]
registered_producers: 2
duplicate_visual_scan_count: 0
--- violations (first = primary suspect) ---
first: (none)
all: []
--- input wiring (MISSING = UNKNOWNÔåÆoperator FAIL) ---
RepresentationResult: true
WorldRepresentationFrame: true
RenderProjectionGraph: true
CommittedVisualSnapshotFence: true
SharedOverlayFieldBuffers: true
GpuRepresentationMetrics: true
VisualAgreementFrame: true
VtCiMatrixLiveReport: true
AtmospherePartialWriteMetrics: true
PreviewCameraState: true
WorldPreviewGpuRuntime: true
PhaseFLodProofReport: true
GpuIndirectDrawSpine: true
WorldFireParticleDrawDispatch: true
FireSimulationSnapshot: true
MISSING_WIRING_FULL_APP: none
================================================================

2026-05-23T04:28:05.924003Z  INFO worldgen_chrome::egui: WORLD_GEN_EGUI_DRAW preview_window_open=true flow=NewWorldSetup
2026-05-23T04:28:05.924945Z  INFO stall: STALL post_egui: 24.56ms
2026-05-23T04:28:05.925679Z  INFO stage5_live_todos: STAGE5_GPU_HOOK indirect_instances=0 dispatch_count=0 draw_instances=0 (PHF-01 alignment)
2026-05-23T04:28:05.925757Z  INFO worldgen_chrome::trace: CHROME_STATE app=Res(State(WorldGen)) worldgen=Res(State(Idle)) base=Res(State(Editor)) flow=Res(State(NewWorldSetup)) latch_dismissed=false world_gen_visible=true preview_window_open=true lifecycle=GeneratingWorld last_dismiss="never"
2026-05-23T04:28:05.925759Z  INFO visual_diag: VISUAL_DIAG window frame=12 periodic=false win_logical=(1280, 720) win_physical=(1280, 720) scale=1.0 app=1 base=1 flow=1 worldgen=0 readiness_profile=Stage5ReadinessProfile { require_vt4: true, require_vt5: true, require_preview: true, require_partial_metrics: true, require_world_frame: true, require_phase_f_proof: true, require_instanced_draw: true }
2026-05-23T04:28:05.925763Z  INFO sim_view_sync: SIM_VIEW_SYNC frame=12 win_logical=(1280, 720) win_physical=(1280, 720) sim_valid=true sim_adequate=true sim_min=Vec2(0.0, 0.0) sim_max=Vec2(1280.0, 720.0) measured_valid=true measured_wh=Vec2(1280.0, 720.0) committed_wh=Vec2(1280.0, 720.0) sim_wh=Vec2(1280.0, 720.0) settle_streak=4 layout_settled=true sim_held=true last_commit="hole_hold" frozen=true pending_wh=Vec2(1280.0, 720.0) cam_hole=true render_hole=true cam_invalid_streak=0 cam_valid_streak=11 cam_scissor=Some((0, 0, 1280, 720)) ortho_fixed_wh=(1280, 720) map_view_px=(1280, 720) raster_rev=2 resolved_rev=24 app=1 base=1 flow=1 worldgen=0 cmd_shell=false overlay_tray=false transmission=false rect_sanity_issues=0 left_stack_collapsed=true map_cam_scale=Vec3(1.0, 1.0, 1.0) minimap_visible=true
2026-05-23T04:28:05.925772Z  INFO visual_diag: VISUAL_DIAG sim_viewport frame=12 sim_valid=true sim_adequate=true sim_min=Vec2(0.0, 0.0) sim_max=Vec2(1280.0, 720.0) sim_wh=(1280, 720) measured_valid=true measured_wh=(1280, 720) committed_wh=(1280, 720) sim_held=true settle_streak=4 layout_settled=true frozen=true last_commit="hole_hold" pending_wh=(1280, 720) pending_min=Vec2(0.0, 0.0) pending_max=Vec2(1280.0, 720.0)
2026-05-23T04:28:05.925778Z  INFO visual_diag: VISUAL_DIAG camera frame=12 cam_desired_x=160.0 cam_desired_y=160.0 cam_zoom=1.0 latch_hole=true render_hole=true latch_invalid_streak=0 latch_valid_streak=11 cam_scissor=Some((0, 0, 1280, 720)) ortho_fixed_w=1280 ortho_fixed_h=720 map_view_px_w=1280 map_view_px_h=720 world_w=320 world_h=320
2026-05-23T04:28:05.925782Z  INFO visual_diag: VISUAL_DIAG resolved_viewports frame=12 resolved_rev=24 primary_valid=true primary_wh=(1280, 720) sim_resolved_valid=true sim_resolved_wh=(1280, 720) preview_valid=true preview_wh=(372, 362) minimap_valid=false minimap_wh=(0, 0) mismatch_preview=false mismatch_minimap=false mismatch_sim_map=false mismatch_stale_tex=false
2026-05-23T04:28:05.925786Z  INFO visual_diag: VISUAL_DIAG map_view_frames frame=12 world_preview_proj_rev=1554780161531 minimap_proj_rev=4296967305 sim_map_proj_rev=3092378454408
2026-05-23T04:28:05.925790Z  INFO visual_diag: VISUAL_DIAG map_presentation frame=12 wp_fit=Contain wp_viewport=UVec2(372, 362) wp_fit_scale=1.10595703125 wp_expected_fit_scale=1.10595703125 wp_zoom=1.0407497882843018 mm_fit=Contain mm_viewport=UVec2(1, 1) mm_fit_scale=1.0
2026-05-23T04:28:05.925795Z  INFO visual_diag: VISUAL_DIAG render_spine frame=12 raster_rev=2 repr_band=0 repr_lod="LocalTactical" particle_rows_cap=262144 visual_intent="Strategic" visual_zoom_alpha=0.00700009148567915 fire_particle_rows=0 fire_particle_stamp=13 overlay_rev=0 overlay_chunk_cells=0 graph_fire_inst=0 graph_fire_heat=0 gpu_instance_rows=0 gpu_dispatch=0 gpu_draw=0
2026-05-23T04:28:05.925799Z  INFO visual_diag: VISUAL_DIAG perf frame=12 tile_raster_ms=0.0 tile_raster_ran=false world_repr_ms=0.005100000184029341 projection_graph_ms=0.0003000000142492354 domain_merge_ms=0.0 readiness_ms=0.017500000074505806 cpu_pre_egui_ms=0.0 cpu_egui_ms=0.0 cpu_post_egui_ms=0.0 gpu_gap_ms=0.0
2026-05-23T04:28:05.925803Z  INFO visual_diag: VISUAL_DIAG hud_shell frame=12 cmd_shell=false overlay_tray=false transmission=false
2026-05-23T04:28:05.925820Z  INFO perf: PERF wall=104.72 instr=0.02 gap=104.69 | cpu_pre_egui=79.18 cpu_egui=24.67 cpu_post_egui=0.87 gpu_gap=0.00 | spine=0.00 world_repr=0.01 graph=0.00 merge=0.00 atm=0.00 readiness=0.02 raster=0.00 (idle) | upd_attrib sum=2.83 pv_cpu=0.00 pv_gpu=0.01 fire=1.29 stream=1.25 map_fit=0.00 hud=0.01 wgen=0.27 | budget_sum=0.02 hud=0.01 overlay=0.00 raster_b=0.00 particles=0.00 residency=0.01 tex_reg=0.00 render_x=0.00 | egui_unbudgeted=24.66 | stall first+preupd=0.03 update=0.01 post_dom=0.01 post_vt=0.05 postÔåÆready=0.01 ready=0.04 postÔåÆegui=0.93 egui=24.56 post_egui=0.81 | stall_hits=[after_tile_storage_apply:78.2,post_egui:24.6]
2026-05-23T04:28:05.925856Z  INFO perf: PERF frame=104.7ms update=79.2ms egui=24.7ms preview=0.0ms streaming=1.2ms tile_apply=0.0ms viewport=0.0ms map_fit=0.0ms repr=0.0ms raster=0.0ms
2026-05-23T04:28:05.925861Z  INFO stall: STALL culprit=after_tile_storage_apply duration=78.2ms frame=104.7ms
2026-05-23T04:28:05.926560Z  INFO viewport_authority: VIEWPORT_AUTHORITY source=ResolvedViewport valid=true min=Vec2(0.0, 0.0) max=Vec2(1280.0, 720.0) w=1280.0 h=720.0
2026-05-23T04:28:05.927403Z  INFO construction_finish_todos: CONSTRUCTION_FINISH_COMPLETE done=8/8
2026-05-23T04:28:05.927410Z  INFO construction_round2_todos: CONSTRUCTION_ROUND2_COMPLETE done=15/15
2026-05-23T04:28:05.927414Z  INFO construction_round3_todos: CONSTRUCTION_ROUND3_COMPLETE done=27/27
2026-05-23T04:28:05.927417Z  INFO construction_operational_todos: CONSTRUCTION_OPERATIONAL_GREEN
2026-05-23T04:28:06.120980Z  INFO stage5_live_todos: STAGE5_MAP_CAMERA_HOOK post_mirror desired_xy=(160.00,160.00) zoom=1.0000 world_main_xy=(160.00,160.00) zoom=1.0000 bridge_drift=0.0000
2026-05-23T04:28:06.121176Z  INFO stage5_live_todos: STAGE5_FIRE_HOOK fire_visual_producer_count=1 (expect 1 for FIRE-01)
2026-05-23T04:28:06.121646Z  INFO stall: STALL after_tile_storage_apply: 195.31ms
2026-05-23T04:28:06.122328Z  INFO stage5_live_todos: STAGE5_SPINE_HOOK policy_present=true graph_present=true fence_committed=true fence_fire_tick=14 world_frame_present=true overlay_rev=0 overlay_chunk_cells=0 atm_partial_dispatch=0 atm_gpu_tex_uploads=0 atm_full_field_fallback=false
2026-05-23T04:28:06.123267Z  INFO industrial_activation_todos: INDUSTRIAL_ACTIVATION_GREEN
2026-05-23T04:28:06.123310Z  INFO viewport_authority: VIEWPORT_AUTHORITY source=UiMeasured valid=true min=Vec2(0.0, 0.0) max=Vec2(1280.0, 720.0) w=1280.0 h=720.0
2026-05-23T04:28:06.123317Z  INFO viewport_authority::solver: VIEWPORT_SOLVER_TARGET node=SimMapFill valid=true rect.source=SimMapFill w=1280.0 h=720.0
2026-05-23T04:28:06.123320Z  INFO viewport_authority: VIEWPORT_AUTHORITY source=LayoutSolver valid=true min=Vec2(0.0, 0.0) max=Vec2(1280.0, 720.0) w=1280.0 h=720.0
2026-05-23T04:28:06.123323Z  INFO viewport_authority: VIEWPORT_AUTHORITY source=LayoutSolver valid=true min=Vec2(0.0, 0.0) max=Vec2(1280.0, 720.0) w=1280.0 h=720.0
2026-05-23T04:28:06.123326Z  INFO viewport_authority: VIEWPORT_AUTHORITY source=UiCommitted valid=true min=Vec2(0.0, 0.0) max=Vec2(1280.0, 720.0) w=1280.0 h=720.0
2026-05-23T04:28:06.123334Z  INFO viewport_authority: VIEWPORT_AUTHORITY source=CameraApplied valid=true min=Vec2(0.0, 0.0) max=Vec2(1280.0, 720.0) w=1280.0 h=720.0
2026-05-23T04:28:06.277272Z  INFO stage5_live_todos: STAGE5_READINESS_HOOK passes=true violations_first=(none) producer_count=1
2026-05-23T04:28:06.277281Z  INFO visual_aidv2_live_todos: VISUAL_AID_V2_BOARD done=3/6 footprint_ok=false readability=true icons=0
2026-05-23T04:28:06.277319Z  INFO stage5_readiness::truth: 
========== STAGE5_FULL_APP_TRUTH (post_update_invocation=14 sim_tick=14) ==========
FULL_APP_PROFILE_ACTIVE: true
stage5_readiness_passes: true
--- AppStage5ReadinessReport (hard gates) ---
vt4_ok: true  [src: evaluate_app_stage5_readiness / VtCiMatrixLiveReport OR VisualAgreementFrame]
vt5_ok: true  [src: evaluate_app_stage5_readiness / VtCiMatrixLiveReport]
single_fire_extract: true  [src: fire_visual_producer_count / REGISTERED_VISUAL_PRODUCERS]
gpu_field_authoritative: true  [src: P2H_GPU_PARTIAL_WRITES_AUTHORITATIVE]
preview_render_target_active: true  [src: preview_authoritative_surface]
phase_d_ok: true  [derived: !require_preview || preview_render_target_active]
overlay_from_shared_buffers_only: true  [src: SharedOverlayFieldBuffers resource exists]
particle_lod_scales: true  [src: GpuRepresentationMetrics vs RepresentationResult band]
phase_f_lod_proof_ok: true  [src: PhaseFLodProofReport]
instanced_dispatch_ok: true  [src: GpuIndirectDrawSpine vs WorldFireParticleDrawDispatch]
phase_f_ok: true  [derived: particle_lod_scales && phase_f_lod_proof_ok && instanced_dispatch_ok]
projection_domains (report): 3  [src: RenderProjectionGraph via evaluate_stage5_spine_checklist]
registered_producers: 2
duplicate_visual_scan_count: 0
--- violations (first = primary suspect) ---
first: (none)
all: []
--- input wiring (MISSING = UNKNOWNÔåÆoperator FAIL) ---
RepresentationResult: true
WorldRepresentationFrame: true
RenderProjectionGraph: true
CommittedVisualSnapshotFence: true
SharedOverlayFieldBuffers: true
GpuRepresentationMetrics: true
VisualAgreementFrame: true
VtCiMatrixLiveReport: true
AtmospherePartialWriteMetrics: true
PreviewCameraState: true
WorldPreviewGpuRuntime: true
PhaseFLodProofReport: true
GpuIndirectDrawSpine: true
WorldFireParticleDrawDispatch: true
FireSimulationSnapshot: true
MISSING_WIRING_FULL_APP: none
================================================================

2026-05-23T04:28:06.277382Z  INFO stall: STALL after_readiness: 154.06ms
2026-05-23T04:28:06.277480Z  INFO worldgen_chrome::egui: WORLD_GEN_EGUI_DRAW preview_window_open=true flow=Idle
2026-05-23T04:28:06.279148Z  INFO stage5_live_todos: STAGE5_GPU_HOOK indirect_instances=0 dispatch_count=0 draw_instances=0 (PHF-01 alignment)
2026-05-23T04:28:06.279228Z  INFO visual_diag: VISUAL_DIAG window frame=13 periodic=false win_logical=(1280, 720) win_physical=(1280, 720) scale=1.0 app=1 base=1 flow=0 worldgen=2 readiness_profile=Stage5ReadinessProfile { require_vt4: true, require_vt5: true, require_preview: true, require_partial_metrics: true, require_world_frame: true, require_phase_f_proof: true, require_instanced_draw: true }
2026-05-23T04:28:06.279227Z  INFO worldgen_chrome::trace: CHROME_STATE app=Res(State(WorldGen)) worldgen=Res(State(Generating)) base=Res(State(Editor)) flow=Res(State(Idle)) latch_dismissed=false world_gen_visible=true preview_window_open=true lifecycle=GeneratingWorld last_dismiss="never"
2026-05-23T04:28:06.279229Z  INFO sim_view_sync: SIM_VIEW_SYNC frame=13 win_logical=(1280, 720) win_physical=(1280, 720) sim_valid=true sim_adequate=true sim_min=Vec2(0.0, 0.0) sim_max=Vec2(1280.0, 720.0) measured_valid=true measured_wh=Vec2(1280.0, 720.0) committed_wh=Vec2(1280.0, 720.0) sim_wh=Vec2(1280.0, 720.0) settle_streak=4 layout_settled=true sim_held=true last_commit="hole_hold" frozen=true pending_wh=Vec2(1280.0, 720.0) cam_hole=true render_hole=true cam_invalid_streak=0 cam_valid_streak=12 cam_scissor=Some((0, 0, 1280, 720)) ortho_fixed_wh=(1280, 720) map_view_px=(1280, 720) raster_rev=2 resolved_rev=26 app=1 base=1 flow=0 worldgen=2 cmd_shell=false overlay_tray=false transmission=false rect_sanity_issues=0 left_stack_collapsed=true map_cam_scale=Vec3(1.0, 1.0, 1.0) minimap_visible=true
2026-05-23T04:28:06.279235Z  INFO visual_diag: VISUAL_DIAG sim_viewport frame=13 sim_valid=true sim_adequate=true sim_min=Vec2(0.0, 0.0) sim_max=Vec2(1280.0, 720.0) sim_wh=(1280, 720) measured_valid=true measured_wh=(1280, 720) committed_wh=(1280, 720) sim_held=true settle_streak=4 layout_settled=true frozen=true last_commit="hole_hold" pending_wh=(1280, 720) pending_min=Vec2(0.0, 0.0) pending_max=Vec2(1280.0, 720.0)
2026-05-23T04:28:06.279250Z  INFO visual_diag: VISUAL_DIAG camera frame=13 cam_desired_x=160.0 cam_desired_y=160.0 cam_zoom=1.0 latch_hole=true render_hole=true latch_invalid_streak=0 latch_valid_streak=12 cam_scissor=Some((0, 0, 1280, 720)) ortho_fixed_w=1280 ortho_fixed_h=720 map_view_px_w=1280 map_view_px_h=720 world_w=320 world_h=320
2026-05-23T04:28:06.279254Z  INFO visual_diag: VISUAL_DIAG resolved_viewports frame=13 resolved_rev=26 primary_valid=true primary_wh=(1280, 720) sim_resolved_valid=true sim_resolved_wh=(1280, 720) preview_valid=true preview_wh=(372, 362) minimap_valid=false minimap_wh=(0, 0) mismatch_preview=false mismatch_minimap=false mismatch_sim_map=false mismatch_stale_tex=false
2026-05-23T04:28:06.279258Z  INFO visual_diag: VISUAL_DIAG map_view_frames frame=13 world_preview_proj_rev=1554780161531 minimap_proj_rev=4296967305 sim_map_proj_rev=3092378454408
2026-05-23T04:28:06.279261Z  INFO visual_diag: VISUAL_DIAG map_presentation frame=13 wp_fit=Contain wp_viewport=UVec2(372, 362) wp_fit_scale=1.10595703125 wp_expected_fit_scale=1.10595703125 wp_zoom=1.0407500267028809 mm_fit=Contain mm_viewport=UVec2(1, 1) mm_fit_scale=1.0
2026-05-23T04:28:06.279265Z  INFO visual_diag: VISUAL_DIAG render_spine frame=13 raster_rev=2 repr_band=0 repr_lod="LocalTactical" particle_rows_cap=262144 visual_intent="Strategic" visual_zoom_alpha=0.00700009148567915 fire_particle_rows=0 fire_particle_stamp=14 overlay_rev=0 overlay_chunk_cells=0 graph_fire_inst=0 graph_fire_heat=0 gpu_instance_rows=0 gpu_dispatch=0 gpu_draw=0
2026-05-23T04:28:06.279268Z  INFO visual_diag: VISUAL_DIAG perf frame=13 tile_raster_ms=0.0 tile_raster_ran=false world_repr_ms=0.004600000102072954 projection_graph_ms=0.00020000000949949026 domain_merge_ms=0.0 readiness_ms=0.02239999920129776 cpu_pre_egui_ms=0.0 cpu_egui_ms=0.0 cpu_post_egui_ms=0.0 gpu_gap_ms=0.0
2026-05-23T04:28:06.279272Z  INFO visual_diag: VISUAL_DIAG hud_shell frame=13 cmd_shell=false overlay_tray=false transmission=false
2026-05-23T04:28:06.279289Z  INFO perf: PERF wall=352.98 instr=0.03 gap=352.95 | cpu_pre_egui=197.01 cpu_egui=155.10 cpu_post_egui=0.87 gpu_gap=0.00 | spine=0.00 world_repr=0.00 graph=0.00 merge=0.00 atm=0.00 readiness=0.02 raster=0.00 (idle) | upd_attrib sum=1.45 pv_cpu=0.00 pv_gpu=0.00 fire=0.07 stream=1.11 map_fit=0.00 hud=0.01 wgen=0.25 | budget_sum=0.02 hud=0.01 overlay=0.00 raster_b=0.00 particles=0.00 residency=0.01 tex_reg=0.00 render_x=0.00 | egui_unbudgeted=155.09 | stall first+preupd=0.03 update=0.01 post_dom=0.00 post_vt=0.01 postÔåÆready=0.00 ready=154.06 postÔåÆegui=1.66 egui=1.03 post_egui=0.82 | stall_hits=[after_tile_storage_apply:195.3,after_readiness:154.1]
2026-05-23T04:28:06.279296Z  INFO perf: PERF frame=353.0ms update=197.0ms egui=155.1ms preview=0.0ms streaming=1.1ms tile_apply=0.0ms viewport=0.0ms map_fit=0.0ms repr=0.0ms raster=0.0ms
2026-05-23T04:28:06.279300Z  INFO stall: STALL culprit=after_tile_storage_apply duration=195.3ms frame=353.0ms
2026-05-23T04:28:06.294112Z  INFO viewport_authority: VIEWPORT_AUTHORITY source=ResolvedViewport valid=true min=Vec2(0.0, 0.0) max=Vec2(1280.0, 720.0) w=1280.0 h=720.0
2026-05-23T04:28:06.295053Z  INFO stage5_live_todos: STAGE5_MAP_CAMERA_HOOK post_mirror desired_xy=(160.00,160.00) zoom=1.0000 world_main_xy=(160.00,160.00) zoom=1.0000 bridge_drift=0.0000
2026-05-23T04:28:06.295075Z  INFO construction_finish_todos: CONSTRUCTION_FINISH_COMPLETE done=8/8
2026-05-23T04:28:06.295087Z  INFO construction_round2_todos: CONSTRUCTION_ROUND2_COMPLETE done=15/15
2026-05-23T04:28:06.295092Z  INFO construction_round3_todos: CONSTRUCTION_ROUND3_COMPLETE done=27/27
2026-05-23T04:28:06.295098Z  INFO construction_operational_todos: CONSTRUCTION_OPERATIONAL_GREEN
2026-05-23T04:28:06.295271Z  INFO stage5_live_todos: STAGE5_FIRE_HOOK fire_visual_producer_count=1 (expect 1 for FIRE-01)
2026-05-23T04:28:06.297192Z  INFO stage5_live_todos: STAGE5_SPINE_HOOK policy_present=true graph_present=true fence_committed=true fence_fire_tick=15 world_frame_present=true overlay_rev=0 overlay_chunk_cells=0 atm_partial_dispatch=0 atm_gpu_tex_uploads=0 atm_full_field_fallback=false
2026-05-23T04:28:06.299688Z  INFO industrial_activation_todos: INDUSTRIAL_ACTIVATION_GREEN
2026-05-23T04:28:06.299734Z  INFO viewport_authority: VIEWPORT_AUTHORITY source=UiMeasured valid=true min=Vec2(0.0, 0.0) max=Vec2(1280.0, 720.0) w=1280.0 h=720.0
2026-05-23T04:28:06.299741Z  INFO viewport_authority::solver: VIEWPORT_SOLVER_TARGET node=SimMapFill valid=true rect.source=SimMapFill w=1280.0 h=720.0
2026-05-23T04:28:06.299745Z  INFO viewport_authority: VIEWPORT_AUTHORITY source=LayoutSolver valid=true min=Vec2(0.0, 0.0) max=Vec2(1280.0, 720.0) w=1280.0 h=720.0
2026-05-23T04:28:06.299748Z  INFO viewport_authority: VIEWPORT_AUTHORITY source=LayoutSolver valid=true min=Vec2(0.0, 0.0) max=Vec2(1280.0, 720.0) w=1280.0 h=720.0
2026-05-23T04:28:06.299752Z  INFO viewport_authority: VIEWPORT_AUTHORITY source=UiCommitted valid=true min=Vec2(0.0, 0.0) max=Vec2(1280.0, 720.0) w=1280.0 h=720.0
2026-05-23T04:28:06.299763Z  INFO viewport_authority: VIEWPORT_AUTHORITY source=CameraApplied valid=true min=Vec2(0.0, 0.0) max=Vec2(1280.0, 720.0) w=1280.0 h=720.0
2026-05-23T04:28:06.299784Z  INFO stage5_live_todos: STAGE5_READINESS_HOOK passes=true violations_first=(none) producer_count=1
2026-05-23T04:28:06.299793Z  INFO visual_aidv2_live_todos: VISUAL_AID_V2_BOARD done=3/6 footprint_ok=false readability=true icons=0
2026-05-23T04:28:06.299803Z  INFO stage5_readiness::truth: 
========== STAGE5_FULL_APP_TRUTH (post_update_invocation=15 sim_tick=15) ==========
FULL_APP_PROFILE_ACTIVE: true
stage5_readiness_passes: true
--- AppStage5ReadinessReport (hard gates) ---
vt4_ok: true  [src: evaluate_app_stage5_readiness / VtCiMatrixLiveReport OR VisualAgreementFrame]
vt5_ok: true  [src: evaluate_app_stage5_readiness / VtCiMatrixLiveReport]
single_fire_extract: true  [src: fire_visual_producer_count / REGISTERED_VISUAL_PRODUCERS]
gpu_field_authoritative: true  [src: P2H_GPU_PARTIAL_WRITES_AUTHORITATIVE]
preview_render_target_active: true  [src: preview_authoritative_surface]
phase_d_ok: true  [derived: !require_preview || preview_render_target_active]
overlay_from_shared_buffers_only: true  [src: SharedOverlayFieldBuffers resource exists]
particle_lod_scales: true  [src: GpuRepresentationMetrics vs RepresentationResult band]
phase_f_lod_proof_ok: true  [src: PhaseFLodProofReport]
instanced_dispatch_ok: true  [src: GpuIndirectDrawSpine vs WorldFireParticleDrawDispatch]
phase_f_ok: true  [derived: particle_lod_scales && phase_f_lod_proof_ok && instanced_dispatch_ok]
projection_domains (report): 3  [src: RenderProjectionGraph via evaluate_stage5_spine_checklist]
registered_producers: 2
duplicate_visual_scan_count: 0
--- violations (first = primary suspect) ---
first: (none)
all: []
--- input wiring (MISSING = UNKNOWNÔåÆoperator FAIL) ---
RepresentationResult: true
WorldRepresentationFrame: true
RenderProjectionGraph: true
CommittedVisualSnapshotFence: true
SharedOverlayFieldBuffers: true
GpuRepresentationMetrics: true
VisualAgreementFrame: true
VtCiMatrixLiveReport: true
AtmospherePartialWriteMetrics: true
PreviewCameraState: true
WorldPreviewGpuRuntime: true
PhaseFLodProofReport: true
GpuIndirectDrawSpine: true
WorldFireParticleDrawDispatch: true
FireSimulationSnapshot: true
MISSING_WIRING_FULL_APP: none
================================================================

2026-05-23T04:28:06.299856Z  INFO worldgen_chrome::egui: WORLD_GEN_EGUI_DRAW preview_window_open=true flow=NewWorldSetup
2026-05-23T04:28:06.301441Z  INFO stage5_live_todos: STAGE5_GPU_HOOK indirect_instances=0 dispatch_count=0 draw_instances=0 (PHF-01 alignment)
2026-05-23T04:28:06.301606Z  INFO visual_diag: VISUAL_DIAG window frame=14 periodic=false win_logical=(1280, 720) win_physical=(1280, 720) scale=1.0 app=1 base=1 flow=1 worldgen=0 readiness_profile=Stage5ReadinessProfile { require_vt4: true, require_vt5: true, require_preview: true, require_partial_metrics: true, require_world_frame: true, require_phase_f_proof: true, require_instanced_draw: true }
2026-05-23T04:28:06.301610Z  INFO worldgen_chrome::trace: CHROME_STATE app=Res(State(WorldGen)) worldgen=Res(State(Idle)) base=Res(State(Editor)) flow=Res(State(NewWorldSetup)) latch_dismissed=false world_gen_visible=true preview_window_open=true lifecycle=GeneratingWorld last_dismiss="never"
2026-05-23T04:28:06.301612Z  INFO sim_view_sync: SIM_VIEW_SYNC frame=14 win_logical=(1280, 720) win_physical=(1280, 720) sim_valid=true sim_adequate=true sim_min=Vec2(0.0, 0.0) sim_max=Vec2(1280.0, 720.0) measured_valid=true measured_wh=Vec2(1280.0, 720.0) committed_wh=Vec2(1280.0, 720.0) sim_wh=Vec2(1280.0, 720.0) settle_streak=4 layout_settled=true sim_held=true last_commit="hole_hold" frozen=true pending_wh=Vec2(1280.0, 720.0) cam_hole=true render_hole=true cam_invalid_streak=0 cam_valid_streak=13 cam_scissor=Some((0, 0, 1280, 720)) ortho_fixed_wh=(1280, 720) map_view_px=(1280, 720) raster_rev=2 resolved_rev=28 app=1 base=1 flow=1 worldgen=0 cmd_shell=false overlay_tray=false transmission=false rect_sanity_issues=0 left_stack_collapsed=true map_cam_scale=Vec3(1.0, 1.0, 1.0) minimap_visible=true
2026-05-23T04:28:06.301617Z  INFO visual_diag: VISUAL_DIAG sim_viewport frame=14 sim_valid=true sim_adequate=true sim_min=Vec2(0.0, 0.0) sim_max=Vec2(1280.0, 720.0) sim_wh=(1280, 720) measured_valid=true measured_wh=(1280, 720) committed_wh=(1280, 720) sim_held=true settle_streak=4 layout_settled=true frozen=true last_commit="hole_hold" pending_wh=(1280, 720) pending_min=Vec2(0.0, 0.0) pending_max=Vec2(1280.0, 720.0)
2026-05-23T04:28:06.301634Z  INFO visual_diag: VISUAL_DIAG camera frame=14 cam_desired_x=160.0 cam_desired_y=160.0 cam_zoom=1.0 latch_hole=true render_hole=true latch_invalid_streak=0 latch_valid_streak=13 cam_scissor=Some((0, 0, 1280, 720)) ortho_fixed_w=1280 ortho_fixed_h=720 map_view_px_w=1280 map_view_px_h=720 world_w=320 world_h=320
2026-05-23T04:28:06.301641Z  INFO visual_diag: VISUAL_DIAG resolved_viewports frame=14 resolved_rev=28 primary_valid=true primary_wh=(1280, 720) sim_resolved_valid=true sim_resolved_wh=(1280, 720) preview_valid=true preview_wh=(372, 362) minimap_valid=false minimap_wh=(0, 0) mismatch_preview=false mismatch_minimap=false mismatch_sim_map=false mismatch_stale_tex=false
2026-05-23T04:28:06.301645Z  INFO visual_diag: VISUAL_DIAG map_view_frames frame=14 world_preview_proj_rev=1554780161531 minimap_proj_rev=4296967305 sim_map_proj_rev=3092378454408
2026-05-23T04:28:06.301648Z  INFO visual_diag: VISUAL_DIAG map_presentation frame=14 wp_fit=Contain wp_viewport=UVec2(372, 362) wp_fit_scale=1.10595703125 wp_expected_fit_scale=1.10595703125 wp_zoom=1.0407500267028809 mm_fit=Contain mm_viewport=UVec2(1, 1) mm_fit_scale=1.0
2026-05-23T04:28:06.301653Z  INFO visual_diag: VISUAL_DIAG render_spine frame=14 raster_rev=2 repr_band=0 repr_lod="LocalTactical" particle_rows_cap=262144 visual_intent="Strategic" visual_zoom_alpha=0.00700009148567915 fire_particle_rows=0 fire_particle_stamp=15 overlay_rev=0 overlay_chunk_cells=0 graph_fire_inst=0 graph_fire_heat=0 gpu_instance_rows=0 gpu_dispatch=0 gpu_draw=0
2026-05-23T04:28:06.301656Z  INFO visual_diag: VISUAL_DIAG perf frame=14 tile_raster_ms=0.0 tile_raster_ran=false world_repr_ms=0.005400000140070915 projection_graph_ms=0.00020000000949949026 domain_merge_ms=0.0 readiness_ms=0.021800000220537186 cpu_pre_egui_ms=0.0 cpu_egui_ms=0.0 cpu_post_egui_ms=0.0 gpu_gap_ms=0.0
2026-05-23T04:28:06.301660Z  INFO visual_diag: VISUAL_DIAG hud_shell frame=14 cmd_shell=false overlay_tray=false transmission=false
2026-05-23T04:28:06.301676Z  INFO perf: PERF wall=7.86 instr=0.03 gap=7.83 | cpu_pre_egui=5.93 cpu_egui=1.10 cpu_post_egui=0.83 gpu_gap=0.00 | spine=0.00 world_repr=0.01 graph=0.00 merge=0.00 atm=0.00 readiness=0.02 raster=0.00 (idle) | upd_attrib sum=2.71 pv_cpu=0.00 pv_gpu=0.00 fire=1.24 stream=1.20 map_fit=0.00 hud=0.02 wgen=0.24 | budget_sum=0.03 hud=0.02 overlay=0.00 raster_b=0.00 particles=0.00 residency=0.01 tex_reg=0.00 render_x=0.00 | egui_unbudgeted=1.09 | stall first+preupd=0.05 update=0.00 post_dom=0.00 post_vt=0.01 postÔåÆready=0.00 ready=0.06 postÔåÆegui=3.24 egui=1.03 post_egui=0.77
2026-05-23T04:28:06.301682Z  INFO perf: PERF frame=7.9ms update=5.9ms egui=1.1ms preview=0.0ms streaming=1.2ms tile_apply=0.0ms viewport=0.0ms map_fit=0.0ms repr=0.0ms raster=0.0ms
2026-05-23T04:28:06.307199Z  INFO viewport_authority: VIEWPORT_AUTHORITY source=ResolvedViewport valid=true min=Vec2(0.0, 0.0) max=Vec2(1280.0, 720.0) w=1280.0 h=720.0
2026-05-23T04:28:06.308315Z  INFO stage5_live_todos: STAGE5_MAP_CAMERA_HOOK post_mirror desired_xy=(160.00,160.00) zoom=1.0000 world_main_xy=(160.00,160.00) zoom=1.0000 bridge_drift=0.0000
2026-05-23T04:28:06.308337Z  INFO construction_finish_todos: CONSTRUCTION_FINISH_COMPLETE done=8/8
2026-05-23T04:28:06.308347Z  INFO construction_round2_todos: CONSTRUCTION_ROUND2_COMPLETE done=15/15
2026-05-23T04:28:06.308351Z  INFO construction_round3_todos: CONSTRUCTION_ROUND3_COMPLETE done=27/27
2026-05-23T04:28:06.308356Z  INFO construction_operational_todos: CONSTRUCTION_OPERATIONAL_GREEN
2026-05-23T04:28:06.308505Z  INFO stage5_live_todos: STAGE5_FIRE_HOOK fire_visual_producer_count=1 (expect 1 for FIRE-01)
2026-05-23T04:28:06.309601Z  INFO stage5_live_todos: STAGE5_SPINE_HOOK policy_present=true graph_present=true fence_committed=true fence_fire_tick=16 world_frame_present=true overlay_rev=0 overlay_chunk_cells=0 atm_partial_dispatch=0 atm_gpu_tex_uploads=0 atm_full_field_fallback=false
2026-05-23T04:28:06.310609Z  INFO industrial_activation_todos: INDUSTRIAL_ACTIVATION_GREEN
2026-05-23T04:28:06.310659Z  INFO viewport_authority: VIEWPORT_AUTHORITY source=UiMeasured valid=true min=Vec2(0.0, 0.0) max=Vec2(1280.0, 720.0) w=1280.0 h=720.0
2026-05-23T04:28:06.310667Z  INFO viewport_authority::solver: VIEWPORT_SOLVER_TARGET node=SimMapFill valid=true rect.source=SimMapFill w=1280.0 h=720.0
2026-05-23T04:28:06.310671Z  INFO viewport_authority: VIEWPORT_AUTHORITY source=LayoutSolver valid=true min=Vec2(0.0, 0.0) max=Vec2(1280.0, 720.0) w=1280.0 h=720.0
2026-05-23T04:28:06.310674Z  INFO viewport_authority: VIEWPORT_AUTHORITY source=LayoutSolver valid=true min=Vec2(0.0, 0.0) max=Vec2(1280.0, 720.0) w=1280.0 h=720.0
2026-05-23T04:28:06.310676Z  INFO viewport_authority: VIEWPORT_AUTHORITY source=UiCommitted valid=true min=Vec2(0.0, 0.0) max=Vec2(1280.0, 720.0) w=1280.0 h=720.0
2026-05-23T04:28:06.310685Z  INFO viewport_authority: VIEWPORT_AUTHORITY source=CameraApplied valid=true min=Vec2(0.0, 0.0) max=Vec2(1280.0, 720.0) w=1280.0 h=720.0
2026-05-23T04:28:06.310698Z  INFO stage5_live_todos: STAGE5_READINESS_HOOK passes=true violations_first=(none) producer_count=1
2026-05-23T04:28:06.310706Z  INFO visual_aidv2_live_todos: VISUAL_AID_V2_BOARD done=3/6 footprint_ok=false readability=true icons=0
2026-05-23T04:28:06.310718Z  INFO stage5_readiness::truth: 
========== STAGE5_FULL_APP_TRUTH (post_update_invocation=16 sim_tick=16) ==========
FULL_APP_PROFILE_ACTIVE: true
stage5_readiness_passes: true
--- AppStage5ReadinessReport (hard gates) ---
vt4_ok: true  [src: evaluate_app_stage5_readiness / VtCiMatrixLiveReport OR VisualAgreementFrame]
vt5_ok: true  [src: evaluate_app_stage5_readiness / VtCiMatrixLiveReport]
single_fire_extract: true  [src: fire_visual_producer_count / REGISTERED_VISUAL_PRODUCERS]
gpu_field_authoritative: true  [src: P2H_GPU_PARTIAL_WRITES_AUTHORITATIVE]
preview_render_target_active: true  [src: preview_authoritative_surface]
phase_d_ok: true  [derived: !require_preview || preview_render_target_active]
overlay_from_shared_buffers_only: true  [src: SharedOverlayFieldBuffers resource exists]
particle_lod_scales: true  [src: GpuRepresentationMetrics vs RepresentationResult band]
phase_f_lod_proof_ok: true  [src: PhaseFLodProofReport]
instanced_dispatch_ok: true  [src: GpuIndirectDrawSpine vs WorldFireParticleDrawDispatch]
phase_f_ok: true  [derived: particle_lod_scales && phase_f_lod_proof_ok && instanced_dispatch_ok]
projection_domains (report): 3  [src: RenderProjectionGraph via evaluate_stage5_spine_checklist]
registered_producers: 2
duplicate_visual_scan_count: 0
--- violations (first = primary suspect) ---
first: (none)
all: []
--- input wiring (MISSING = UNKNOWNÔåÆoperator FAIL) ---
RepresentationResult: true
WorldRepresentationFrame: true
RenderProjectionGraph: true
CommittedVisualSnapshotFence: true
SharedOverlayFieldBuffers: true
GpuRepresentationMetrics: true
VisualAgreementFrame: true
VtCiMatrixLiveReport: true
AtmospherePartialWriteMetrics: true
PreviewCameraState: true
WorldPreviewGpuRuntime: true
PhaseFLodProofReport: true
GpuIndirectDrawSpine: true
WorldFireParticleDrawDispatch: true
FireSimulationSnapshot: true
MISSING_WIRING_FULL_APP: none
================================================================

2026-05-23T04:28:06.310767Z  INFO worldgen_chrome::egui: WORLD_GEN_EGUI_DRAW preview_window_open=true flow=Idle
2026-05-23T04:28:06.312148Z  INFO stage5_live_todos: STAGE5_GPU_HOOK indirect_instances=0 dispatch_count=0 draw_instances=0 (PHF-01 alignment)
2026-05-23T04:28:06.313712Z  INFO visual_diag: VISUAL_DIAG window frame=15 periodic=false win_logical=(1280, 720) win_physical=(1280, 720) scale=1.0 app=1 base=1 flow=0 worldgen=2 readiness_profile=Stage5ReadinessProfile { require_vt4: true, require_vt5: true, require_preview: true, require_partial_metrics: true, require_world_frame: true, require_phase_f_proof: true, require_instanced_draw: true }
2026-05-23T04:28:06.313714Z  INFO worldgen_chrome::trace: CHROME_STATE app=Res(State(WorldGen)) worldgen=Res(State(Generating)) base=Res(State(Editor)) flow=Res(State(Idle)) latch_dismissed=false world_gen_visible=true preview_window_open=true lifecycle=GeneratingWorld last_dismiss="never"
2026-05-23T04:28:06.313716Z  INFO sim_view_sync: SIM_VIEW_SYNC frame=15 win_logical=(1280, 720) win_physical=(1280, 720) sim_valid=true sim_adequate=true sim_min=Vec2(0.0, 0.0) sim_max=Vec2(1280.0, 720.0) measured_valid=true measured_wh=Vec2(1280.0, 720.0) committed_wh=Vec2(1280.0, 720.0) sim_wh=Vec2(1280.0, 720.0) settle_streak=4 layout_settled=true sim_held=true last_commit="hole_hold" frozen=true pending_wh=Vec2(1280.0, 720.0) cam_hole=true render_hole=true cam_invalid_streak=0 cam_valid_streak=14 cam_scissor=Some((0, 0, 1280, 720)) ortho_fixed_wh=(1280, 720) map_view_px=(1280, 720) raster_rev=2 resolved_rev=30 app=1 base=1 flow=0 worldgen=2 cmd_shell=false overlay_tray=false transmission=false rect_sanity_issues=0 left_stack_collapsed=true map_cam_scale=Vec3(1.0, 1.0, 1.0) minimap_visible=true
2026-05-23T04:28:06.313725Z  INFO visual_diag: VISUAL_DIAG sim_viewport frame=15 sim_valid=true sim_adequate=true sim_min=Vec2(0.0, 0.0) sim_max=Vec2(1280.0, 720.0) sim_wh=(1280, 720) measured_valid=true measured_wh=(1280, 720) committed_wh=(1280, 720) sim_held=true settle_streak=4 layout_settled=true frozen=true last_commit="hole_hold" pending_wh=(1280, 720) pending_min=Vec2(0.0, 0.0) pending_max=Vec2(1280.0, 720.0)
2026-05-23T04:28:06.313745Z  INFO visual_diag: VISUAL_DIAG camera frame=15 cam_desired_x=160.0 cam_desired_y=160.0 cam_zoom=1.0 latch_hole=true render_hole=true latch_invalid_streak=0 latch_valid_streak=14 cam_scissor=Some((0, 0, 1280, 720)) ortho_fixed_w=1280 ortho_fixed_h=720 map_view_px_w=1280 map_view_px_h=720 world_w=320 world_h=320
2026-05-23T04:28:06.313751Z  INFO visual_diag: VISUAL_DIAG resolved_viewports frame=15 resolved_rev=30 primary_valid=true primary_wh=(1280, 720) sim_resolved_valid=true sim_resolved_wh=(1280, 720) preview_valid=true preview_wh=(372, 362) minimap_valid=false minimap_wh=(0, 0) mismatch_preview=false mismatch_minimap=false mismatch_sim_map=false mismatch_stale_tex=false
2026-05-23T04:28:06.313756Z  INFO visual_diag: VISUAL_DIAG map_view_frames frame=15 world_preview_proj_rev=1554780161531 minimap_proj_rev=4296967305 sim_map_proj_rev=3092378454408
2026-05-23T04:28:06.313759Z  INFO visual_diag: VISUAL_DIAG map_presentation frame=15 wp_fit=Contain wp_viewport=UVec2(372, 362) wp_fit_scale=1.10595703125 wp_expected_fit_scale=1.10595703125 wp_zoom=1.0407500267028809 mm_fit=Contain mm_viewport=UVec2(1, 1) mm_fit_scale=1.0
2026-05-23T04:28:06.313765Z  INFO visual_diag: VISUAL_DIAG render_spine frame=15 raster_rev=2 repr_band=0 repr_lod="LocalTactical" particle_rows_cap=262144 visual_intent="Strategic" visual_zoom_alpha=0.00700009148567915 fire_particle_rows=0 fire_particle_stamp=16 overlay_rev=0 overlay_chunk_cells=0 graph_fire_inst=0 graph_fire_heat=0 gpu_instance_rows=0 gpu_dispatch=0 gpu_draw=0
2026-05-23T04:28:06.313768Z  INFO visual_diag: VISUAL_DIAG perf frame=15 tile_raster_ms=0.0 tile_raster_ran=false world_repr_ms=0.004699999932199717 projection_graph_ms=0.00020000000949949026 domain_merge_ms=0.0 readiness_ms=0.01759999990463257 cpu_pre_egui_ms=0.0 cpu_egui_ms=0.0 cpu_post_egui_ms=0.0 gpu_gap_ms=0.0
2026-05-23T04:28:06.313772Z  INFO visual_diag: VISUAL_DIAG hud_shell frame=15 cmd_shell=false overlay_tray=false transmission=false
2026-05-23T04:28:06.313786Z  INFO perf: PERF wall=6.95 instr=0.02 gap=6.93 | cpu_pre_egui=3.82 cpu_egui=0.91 cpu_post_egui=2.22 gpu_gap=0.00 | spine=0.00 world_repr=0.00 graph=0.00 merge=0.00 atm=0.00 readiness=0.02 raster=0.00 (idle) | upd_attrib sum=1.32 pv_cpu=0.00 pv_gpu=0.00 fire=0.08 stream=1.06 map_fit=0.00 hud=0.01 wgen=0.18 | budget_sum=0.02 hud=0.01 overlay=0.00 raster_b=0.00 particles=0.00 residency=0.01 tex_reg=0.00 render_x=0.00 | stall first+preupd=0.04 update=0.00 post_dom=0.00 post_vt=0.02 postÔåÆready=0.00 ready=0.05 postÔåÆegui=1.68 egui=0.84 post_egui=2.15
2026-05-23T04:28:06.313793Z  INFO perf: PERF frame=6.9ms update=3.8ms egui=0.9ms preview=0.0ms streaming=1.1ms tile_apply=0.0ms viewport=0.0ms map_fit=0.0ms repr=0.0ms raster=0.0ms
2026-05-23T04:28:06.315698Z  INFO viewport_authority: VIEWPORT_AUTHORITY source=ResolvedViewport valid=true min=Vec2(0.0, 0.0) max=Vec2(1280.0, 720.0) w=1280.0 h=720.0
2026-05-23T04:28:06.316822Z  INFO stage5_live_todos: STAGE5_MAP_CAMERA_HOOK post_mirror desired_xy=(160.00,160.00) zoom=1.0000 world_main_xy=(160.00,160.00) zoom=1.0000 bridge_drift=0.0000
2026-05-23T04:28:06.316843Z  INFO construction_finish_todos: CONSTRUCTION_FINISH_COMPLETE done=8/8
2026-05-23T04:28:06.316855Z  INFO construction_round2_todos: CONSTRUCTION_ROUND2_COMPLETE done=15/15
2026-05-23T04:28:06.316861Z  INFO construction_round3_todos: CONSTRUCTION_ROUND3_COMPLETE done=27/27
2026-05-23T04:28:06.316865Z  INFO construction_operational_todos: CONSTRUCTION_OPERATIONAL_GREEN
2026-05-23T04:28:06.317011Z  INFO stage5_live_todos: STAGE5_FIRE_HOOK fire_visual_producer_count=1 (expect 1 for FIRE-01)
2026-05-23T04:28:06.318107Z  INFO stage5_live_todos: STAGE5_SPINE_HOOK policy_present=true graph_present=true fence_committed=true fence_fire_tick=17 world_frame_present=true overlay_rev=0 overlay_chunk_cells=0 atm_partial_dispatch=0 atm_gpu_tex_uploads=0 atm_full_field_fallback=false
2026-05-23T04:28:06.318946Z  INFO industrial_activation_todos: INDUSTRIAL_ACTIVATION_GREEN
2026-05-23T04:28:06.319262Z  INFO viewport_authority: VIEWPORT_AUTHORITY source=UiMeasured valid=true min=Vec2(0.0, 0.0) max=Vec2(1280.0, 720.0) w=1280.0 h=720.0
2026-05-23T04:28:06.319271Z  INFO viewport_authority::solver: VIEWPORT_SOLVER_TARGET node=SimMapFill valid=true rect.source=SimMapFill w=1280.0 h=720.0
2026-05-23T04:28:06.319274Z  INFO viewport_authority: VIEWPORT_AUTHORITY source=LayoutSolver valid=true min=Vec2(0.0, 0.0) max=Vec2(1280.0, 720.0) w=1280.0 h=720.0
2026-05-23T04:28:06.319277Z  INFO viewport_authority: VIEWPORT_AUTHORITY source=LayoutSolver valid=true min=Vec2(0.0, 0.0) max=Vec2(1280.0, 720.0) w=1280.0 h=720.0
2026-05-23T04:28:06.319279Z  INFO viewport_authority: VIEWPORT_AUTHORITY source=UiCommitted valid=true min=Vec2(0.0, 0.0) max=Vec2(1280.0, 720.0) w=1280.0 h=720.0
2026-05-23T04:28:06.319288Z  INFO viewport_authority: VIEWPORT_AUTHORITY source=CameraApplied valid=true min=Vec2(0.0, 0.0) max=Vec2(1280.0, 720.0) w=1280.0 h=720.0
2026-05-23T04:28:06.319308Z  INFO stage5_live_todos: STAGE5_READINESS_HOOK passes=true violations_first=(none) producer_count=1
2026-05-23T04:28:06.319317Z  INFO visual_aidv2_live_todos: VISUAL_AID_V2_BOARD done=3/6 footprint_ok=false readability=true icons=0
2026-05-23T04:28:06.319333Z  INFO stage5_readiness::truth: 
========== STAGE5_FULL_APP_TRUTH (post_update_invocation=17 sim_tick=17) ==========
FULL_APP_PROFILE_ACTIVE: true
stage5_readiness_passes: true
--- AppStage5ReadinessReport (hard gates) ---
vt4_ok: true  [src: evaluate_app_stage5_readiness / VtCiMatrixLiveReport OR VisualAgreementFrame]
vt5_ok: true  [src: evaluate_app_stage5_readiness / VtCiMatrixLiveReport]
single_fire_extract: true  [src: fire_visual_producer_count / REGISTERED_VISUAL_PRODUCERS]
gpu_field_authoritative: true  [src: P2H_GPU_PARTIAL_WRITES_AUTHORITATIVE]
preview_render_target_active: true  [src: preview_authoritative_surface]
phase_d_ok: true  [derived: !require_preview || preview_render_target_active]
overlay_from_shared_buffers_only: true  [src: SharedOverlayFieldBuffers resource exists]
particle_lod_scales: true  [src: GpuRepresentationMetrics vs RepresentationResult band]
phase_f_lod_proof_ok: true  [src: PhaseFLodProofReport]
instanced_dispatch_ok: true  [src: GpuIndirectDrawSpine vs WorldFireParticleDrawDispatch]
phase_f_ok: true  [derived: particle_lod_scales && phase_f_lod_proof_ok && instanced_dispatch_ok]
projection_domains (report): 3  [src: RenderProjectionGraph via evaluate_stage5_spine_checklist]
registered_producers: 2
duplicate_visual_scan_count: 0
--- violations (first = primary suspect) ---
first: (none)
all: []
--- input wiring (MISSING = UNKNOWNÔåÆoperator FAIL) ---
RepresentationResult: true
WorldRepresentationFrame: true
RenderProjectionGraph: true
CommittedVisualSnapshotFence: true
SharedOverlayFieldBuffers: true
GpuRepresentationMetrics: true
VisualAgreementFrame: true
VtCiMatrixLiveReport: true
AtmospherePartialWriteMetrics: true
PreviewCameraState: true
WorldPreviewGpuRuntime: true
PhaseFLodProofReport: true
GpuIndirectDrawSpine: true
WorldFireParticleDrawDispatch: true
FireSimulationSnapshot: true
MISSING_WIRING_FULL_APP: none
================================================================

2026-05-23T04:28:06.319379Z  INFO worldgen_chrome::egui: WORLD_GEN_EGUI_DRAW preview_window_open=true flow=NewWorldSetup
2026-05-23T04:28:06.321591Z  INFO stage5_live_todos: STAGE5_GPU_HOOK indirect_instances=0 dispatch_count=0 draw_instances=0 (PHF-01 alignment)
2026-05-23T04:28:06.321678Z  INFO worldgen_chrome::trace: CHROME_STATE app=Res(State(WorldGen)) worldgen=Res(State(Idle)) base=Res(State(Editor)) flow=Res(State(NewWorldSetup)) latch_dismissed=false world_gen_visible=true preview_window_open=true lifecycle=GeneratingWorld last_dismiss="never"
2026-05-23T04:28:06.321683Z  INFO visual_diag: VISUAL_DIAG window frame=16 periodic=false win_logical=(1280, 720) win_physical=(1280, 720) scale=1.0 app=1 base=1 flow=1 worldgen=0 readiness_profile=Stage5ReadinessProfile { require_vt4: true, require_vt5: true, require_preview: true, require_partial_metrics: true, require_world_frame: true, require_phase_f_proof: true, require_instanced_draw: true }
2026-05-23T04:28:06.321685Z  INFO sim_view_sync: SIM_VIEW_SYNC frame=16 win_logical=(1280, 720) win_physical=(1280, 720) sim_valid=true sim_adequate=true sim_min=Vec2(0.0, 0.0) sim_max=Vec2(1280.0, 720.0) measured_valid=true measured_wh=Vec2(1280.0, 720.0) committed_wh=Vec2(1280.0, 720.0) sim_wh=Vec2(1280.0, 720.0) settle_streak=4 layout_settled=true sim_held=true last_commit="hole_hold" frozen=true pending_wh=Vec2(1280.0, 720.0) cam_hole=true render_hole=true cam_invalid_streak=0 cam_valid_streak=15 cam_scissor=Some((0, 0, 1280, 720)) ortho_fixed_wh=(1280, 720) map_view_px=(1280, 720) raster_rev=2 resolved_rev=32 app=1 base=1 flow=1 worldgen=0 cmd_shell=false overlay_tray=false transmission=false rect_sanity_issues=0 left_stack_collapsed=true map_cam_scale=Vec3(1.0, 1.0, 1.0) minimap_visible=true
2026-05-23T04:28:06.321693Z  INFO visual_diag: VISUAL_DIAG sim_viewport frame=16 sim_valid=true sim_adequate=true sim_min=Vec2(0.0, 0.0) sim_max=Vec2(1280.0, 720.0) sim_wh=(1280, 720) measured_valid=true measured_wh=(1280, 720) committed_wh=(1280, 720) sim_held=true settle_streak=4 layout_settled=true frozen=true last_commit="hole_hold" pending_wh=(1280, 720) pending_min=Vec2(0.0, 0.0) pending_max=Vec2(1280.0, 720.0)
2026-05-23T04:28:06.321702Z  INFO visual_diag: VISUAL_DIAG camera frame=16 cam_desired_x=160.0 cam_desired_y=160.0 cam_zoom=1.0 latch_hole=true render_hole=true latch_invalid_streak=0 latch_valid_streak=15 cam_scissor=Some((0, 0, 1280, 720)) ortho_fixed_w=1280 ortho_fixed_h=720 map_view_px_w=1280 map_view_px_h=720 world_w=320 world_h=320
2026-05-23T04:28:06.321707Z  INFO visual_diag: VISUAL_DIAG resolved_viewports frame=16 resolved_rev=32 primary_valid=true primary_wh=(1280, 720) sim_resolved_valid=true sim_resolved_wh=(1280, 720) preview_valid=true preview_wh=(372, 362) minimap_valid=false minimap_wh=(0, 0) mismatch_preview=false mismatch_minimap=false mismatch_sim_map=false mismatch_stale_tex=false
2026-05-23T04:28:06.321711Z  INFO visual_diag: VISUAL_DIAG map_view_frames frame=16 world_preview_proj_rev=1554780161531 minimap_proj_rev=4296967305 sim_map_proj_rev=3092378454408
2026-05-23T04:28:06.321714Z  INFO visual_diag: VISUAL_DIAG map_presentation frame=16 wp_fit=Contain wp_viewport=UVec2(372, 362) wp_fit_scale=1.10595703125 wp_expected_fit_scale=1.10595703125 wp_zoom=1.0407500267028809 mm_fit=Contain mm_viewport=UVec2(1, 1) mm_fit_scale=1.0
2026-05-23T04:28:06.321719Z  INFO visual_diag: VISUAL_DIAG render_spine frame=16 raster_rev=2 repr_band=0 repr_lod="LocalTactical" particle_rows_cap=262144 visual_intent="Strategic" visual_zoom_alpha=0.00700009148567915 fire_particle_rows=0 fire_particle_stamp=17 overlay_rev=0 overlay_chunk_cells=0 graph_fire_inst=0 graph_fire_heat=0 gpu_instance_rows=0 gpu_dispatch=0 gpu_draw=0
2026-05-23T04:28:06.321724Z  INFO visual_diag: VISUAL_DIAG perf frame=16 tile_raster_ms=0.0 tile_raster_ran=false world_repr_ms=0.005200000014156103 projection_graph_ms=0.00010000000474974513 domain_merge_ms=0.0 readiness_ms=0.02029999904334545 cpu_pre_egui_ms=0.0 cpu_egui_ms=0.0 cpu_post_egui_ms=0.0 gpu_gap_ms=0.0
2026-05-23T04:28:06.321727Z  INFO visual_diag: VISUAL_DIAG hud_shell frame=16 cmd_shell=false overlay_tray=false transmission=false
2026-05-23T04:28:06.321742Z  INFO perf: PERF wall=6.66 instr=0.03 gap=6.63 | cpu_pre_egui=4.17 cpu_egui=0.83 cpu_post_egui=1.65 gpu_gap=0.00 | spine=0.00 world_repr=0.01 graph=0.00 merge=0.00 atm=0.00 readiness=0.02 raster=0.00 (idle) | upd_attrib sum=1.34 pv_cpu=0.00 pv_gpu=0.00 fire=0.09 stream=1.05 map_fit=0.00 hud=0.01 wgen=0.20 | budget_sum=0.02 hud=0.01 overlay=0.00 raster_b=0.00 particles=0.00 residency=0.01 tex_reg=0.00 render_x=0.00 | stall first+preupd=0.44 update=0.00 post_dom=0.00 post_vt=0.01 postÔåÆready=0.00 ready=0.07 postÔåÆegui=1.78 egui=0.75 post_egui=1.60
2026-05-23T04:28:06.321748Z  INFO perf: PERF frame=6.7ms update=4.2ms egui=0.8ms preview=0.0ms streaming=1.1ms tile_apply=0.0ms viewport=0.0ms map_fit=0.0ms repr=0.0ms raster=0.0ms
2026-05-23T04:28:06.322393Z  INFO viewport_authority: VIEWPORT_AUTHORITY source=ResolvedViewport valid=true min=Vec2(0.0, 0.0) max=Vec2(1280.0, 720.0) w=1280.0 h=720.0
2026-05-23T04:28:06.323293Z  INFO stage5_live_todos: STAGE5_MAP_CAMERA_HOOK post_mirror desired_xy=(160.00,160.00) zoom=1.0000 world_main_xy=(160.00,160.00) zoom=1.0000 bridge_drift=0.0000
2026-05-23T04:28:06.323311Z  INFO construction_finish_todos: CONSTRUCTION_FINISH_COMPLETE done=8/8
2026-05-23T04:28:06.323319Z  INFO construction_round2_todos: CONSTRUCTION_ROUND2_COMPLETE done=15/15
2026-05-23T04:28:06.323323Z  INFO construction_round3_todos: CONSTRUCTION_ROUND3_COMPLETE done=27/27
2026-05-23T04:28:06.323326Z  INFO construction_operational_todos: CONSTRUCTION_OPERATIONAL_GREEN
2026-05-23T04:28:06.323469Z  INFO stage5_live_todos: STAGE5_FIRE_HOOK fire_visual_producer_count=1 (expect 1 for FIRE-01)
2026-05-23T04:28:06.324582Z  INFO stage5_live_todos: STAGE5_SPINE_HOOK policy_present=true graph_present=true fence_committed=true fence_fire_tick=18 world_frame_present=true overlay_rev=0 overlay_chunk_cells=0 atm_partial_dispatch=0 atm_gpu_tex_uploads=0 atm_full_field_fallback=false
2026-05-23T04:28:06.325621Z  INFO industrial_activation_todos: INDUSTRIAL_ACTIVATION_GREEN
2026-05-23T04:28:06.325661Z  INFO viewport_authority: VIEWPORT_AUTHORITY source=UiMeasured valid=true min=Vec2(0.0, 0.0) max=Vec2(1280.0, 720.0) w=1280.0 h=720.0
2026-05-23T04:28:06.325666Z  INFO viewport_authority::solver: VIEWPORT_SOLVER_TARGET node=SimMapFill valid=true rect.source=SimMapFill w=1280.0 h=720.0
2026-05-23T04:28:06.325669Z  INFO viewport_authority: VIEWPORT_AUTHORITY source=LayoutSolver valid=true min=Vec2(0.0, 0.0) max=Vec2(1280.0, 720.0) w=1280.0 h=720.0
2026-05-23T04:28:06.325671Z  INFO viewport_authority: VIEWPORT_AUTHORITY source=LayoutSolver valid=true min=Vec2(0.0, 0.0) max=Vec2(1280.0, 720.0) w=1280.0 h=720.0
2026-05-23T04:28:06.325674Z  INFO viewport_authority: VIEWPORT_AUTHORITY source=UiCommitted valid=true min=Vec2(0.0, 0.0) max=Vec2(1280.0, 720.0) w=1280.0 h=720.0
2026-05-23T04:28:06.325682Z  INFO viewport_authority: VIEWPORT_AUTHORITY source=CameraApplied valid=true min=Vec2(0.0, 0.0) max=Vec2(1280.0, 720.0) w=1280.0 h=720.0
2026-05-23T04:28:06.325696Z  INFO stage5_live_todos: STAGE5_READINESS_HOOK passes=true violations_first=(none) producer_count=1
2026-05-23T04:28:06.325704Z  INFO visual_aidv2_live_todos: VISUAL_AID_V2_BOARD done=3/6 footprint_ok=false readability=true icons=0
2026-05-23T04:28:06.325751Z  INFO stage5_readiness::truth: 
========== STAGE5_FULL_APP_TRUTH (post_update_invocation=18 sim_tick=18) ==========
FULL_APP_PROFILE_ACTIVE: true
stage5_readiness_passes: true
--- AppStage5ReadinessReport (hard gates) ---
vt4_ok: true  [src: evaluate_app_stage5_readiness / VtCiMatrixLiveReport OR VisualAgreementFrame]
vt5_ok: true  [src: evaluate_app_stage5_readiness / VtCiMatrixLiveReport]
single_fire_extract: true  [src: fire_visual_producer_count / REGISTERED_VISUAL_PRODUCERS]
gpu_field_authoritative: true  [src: P2H_GPU_PARTIAL_WRITES_AUTHORITATIVE]
preview_render_target_active: true  [src: preview_authoritative_surface]
phase_d_ok: true  [derived: !require_preview || preview_render_target_active]
overlay_from_shared_buffers_only: true  [src: SharedOverlayFieldBuffers resource exists]
particle_lod_scales: true  [src: GpuRepresentationMetrics vs RepresentationResult band]
phase_f_lod_proof_ok: true  [src: PhaseFLodProofReport]
instanced_dispatch_ok: true  [src: GpuIndirectDrawSpine vs WorldFireParticleDrawDispatch]
phase_f_ok: true  [derived: particle_lod_scales && phase_f_lod_proof_ok && instanced_dispatch_ok]
projection_domains (report): 3  [src: RenderProjectionGraph via evaluate_stage5_spine_checklist]
registered_producers: 2
duplicate_visual_scan_count: 0
--- violations (first = primary suspect) ---
first: (none)
all: []
--- input wiring (MISSING = UNKNOWNÔåÆoperator FAIL) ---
RepresentationResult: true
WorldRepresentationFrame: true
RenderProjectionGraph: true
CommittedVisualSnapshotFence: true
SharedOverlayFieldBuffers: true
GpuRepresentationMetrics: true
VisualAgreementFrame: true
VtCiMatrixLiveReport: true
AtmospherePartialWriteMetrics: true
PreviewCameraState: true
WorldPreviewGpuRuntime: true
PhaseFLodProofReport: true
GpuIndirectDrawSpine: true
WorldFireParticleDrawDispatch: true
FireSimulationSnapshot: true
MISSING_WIRING_FULL_APP: none
================================================================

2026-05-23T04:28:06.325799Z  INFO worldgen_chrome::egui: WORLD_GEN_EGUI_DRAW preview_window_open=true flow=Idle
2026-05-23T04:28:06.327074Z  INFO stage5_live_todos: STAGE5_GPU_HOOK indirect_instances=0 dispatch_count=0 draw_instances=0 (PHF-01 alignment)
2026-05-23T04:28:06.327146Z  INFO worldgen_chrome::trace: CHROME_STATE app=Res(State(WorldGen)) worldgen=Res(State(Generating)) base=Res(State(Editor)) flow=Res(State(Idle)) latch_dismissed=false world_gen_visible=true preview_window_open=true lifecycle=GeneratingWorld last_dismiss="never"
2026-05-23T04:28:06.327147Z  INFO sim_view_sync: SIM_VIEW_SYNC frame=17 win_logical=(1280, 720) win_physical=(1280, 720) sim_valid=true sim_adequate=true sim_min=Vec2(0.0, 0.0) sim_max=Vec2(1280.0, 720.0) measured_valid=true measured_wh=Vec2(1280.0, 720.0) committed_wh=Vec2(1280.0, 720.0) sim_wh=Vec2(1280.0, 720.0) settle_streak=4 layout_settled=true sim_held=true last_commit="hole_hold" frozen=true pending_wh=Vec2(1280.0, 720.0) cam_hole=true render_hole=true cam_invalid_streak=0 cam_valid_streak=16 cam_scissor=Some((0, 0, 1280, 720)) ortho_fixed_wh=(1280, 720) map_view_px=(1280, 720) raster_rev=2 resolved_rev=34 app=1 base=1 flow=0 worldgen=2 cmd_shell=false overlay_tray=false transmission=false rect_sanity_issues=0 left_stack_collapsed=true map_cam_scale=Vec3(1.0, 1.0, 1.0) minimap_visible=true
2026-05-23T04:28:06.327151Z  INFO visual_diag: VISUAL_DIAG window frame=17 periodic=false win_logical=(1280, 720) win_physical=(1280, 720) scale=1.0 app=1 base=1 flow=0 worldgen=2 readiness_profile=Stage5ReadinessProfile { require_vt4: true, require_vt5: true, require_preview: true, require_partial_metrics: true, require_world_frame: true, require_phase_f_proof: true, require_instanced_draw: true }
2026-05-23T04:28:06.327168Z  INFO visual_diag: VISUAL_DIAG sim_viewport frame=17 sim_valid=true sim_adequate=true sim_min=Vec2(0.0, 0.0) sim_max=Vec2(1280.0, 720.0) sim_wh=(1280, 720) measured_valid=true measured_wh=(1280, 720) committed_wh=(1280, 720) sim_held=true settle_streak=4 layout_settled=true frozen=true last_commit="hole_hold" pending_wh=(1280, 720) pending_min=Vec2(0.0, 0.0) pending_max=Vec2(1280.0, 720.0)
2026-05-23T04:28:06.327173Z  INFO visual_diag: VISUAL_DIAG camera frame=17 cam_desired_x=160.0 cam_desired_y=160.0 cam_zoom=1.0 latch_hole=true render_hole=true latch_invalid_streak=0 latch_valid_streak=16 cam_scissor=Some((0, 0, 1280, 720)) ortho_fixed_w=1280 ortho_fixed_h=720 map_view_px_w=1280 map_view_px_h=720 world_w=320 world_h=320
2026-05-23T04:28:06.327177Z  INFO visual_diag: VISUAL_DIAG resolved_viewports frame=17 resolved_rev=34 primary_valid=true primary_wh=(1280, 720) sim_resolved_valid=true sim_resolved_wh=(1280, 720) preview_valid=true preview_wh=(372, 362) minimap_valid=false minimap_wh=(0, 0) mismatch_preview=false mismatch_minimap=false mismatch_sim_map=false mismatch_stale_tex=false
2026-05-23T04:28:06.327180Z  INFO visual_diag: VISUAL_DIAG map_view_frames frame=17 world_preview_proj_rev=1554780161531 minimap_proj_rev=4296967305 sim_map_proj_rev=3092378454408
2026-05-23T04:28:06.327183Z  INFO visual_diag: VISUAL_DIAG map_presentation frame=17 wp_fit=Contain wp_viewport=UVec2(372, 362) wp_fit_scale=1.10595703125 wp_expected_fit_scale=1.10595703125 wp_zoom=1.0407500267028809 mm_fit=Contain mm_viewport=UVec2(1, 1) mm_fit_scale=1.0
2026-05-23T04:28:06.327187Z  INFO visual_diag: VISUAL_DIAG render_spine frame=17 raster_rev=2 repr_band=0 repr_lod="LocalTactical" particle_rows_cap=262144 visual_intent="Strategic" visual_zoom_alpha=0.00700009148567915 fire_particle_rows=0 fire_particle_stamp=18 overlay_rev=0 overlay_chunk_cells=0 graph_fire_inst=0 graph_fire_heat=0 gpu_instance_rows=0 gpu_dispatch=0 gpu_draw=0
2026-05-23T04:28:06.327190Z  INFO visual_diag: VISUAL_DIAG perf frame=17 tile_raster_ms=0.0 tile_raster_ran=false world_repr_ms=0.003700000001117587 projection_graph_ms=0.00010000000474974513 domain_merge_ms=0.0 readiness_ms=0.01940000057220459 cpu_pre_egui_ms=0.0 cpu_egui_ms=0.0 cpu_post_egui_ms=0.0 gpu_gap_ms=0.0
2026-05-23T04:28:06.327193Z  INFO visual_diag: VISUAL_DIAG hud_shell frame=17 cmd_shell=false overlay_tray=false transmission=false
2026-05-23T04:28:06.327207Z  INFO perf: PERF wall=5.10 instr=0.02 gap=5.08 | cpu_pre_egui=3.56 cpu_egui=0.88 cpu_post_egui=0.66 gpu_gap=0.00 | spine=0.00 world_repr=0.00 graph=0.00 merge=0.00 atm=0.00 readiness=0.02 raster=0.00 (idle) | upd_attrib sum=1.35 pv_cpu=0.00 pv_gpu=0.00 fire=0.08 stream=1.07 map_fit=0.00 hud=0.01 wgen=0.18 | budget_sum=0.02 hud=0.01 overlay=0.00 raster_b=0.00 particles=0.00 residency=0.01 tex_reg=0.00 render_x=0.00 | stall first+preupd=0.03 update=0.01 post_dom=0.00 post_vt=0.01 postÔåÆready=0.00 ready=0.07 postÔåÆegui=1.75 egui=0.80 post_egui=0.60
2026-05-23T04:28:06.327214Z  INFO perf: PERF frame=5.1ms update=3.6ms egui=0.9ms preview=0.0ms streaming=1.1ms tile_apply=0.0ms viewport=0.0ms map_fit=0.0ms repr=0.0ms raster=0.0ms
2026-05-23T04:28:06.335930Z  INFO viewport_authority: VIEWPORT_AUTHORITY source=ResolvedViewport valid=true min=Vec2(0.0, 0.0) max=Vec2(1280.0, 720.0) w=1280.0 h=720.0
2026-05-23T04:28:06.336834Z  INFO stage5_live_todos: STAGE5_MAP_CAMERA_HOOK post_mirror desired_xy=(160.00,160.00) zoom=1.0000 world_main_xy=(160.00,160.00) zoom=1.0000 bridge_drift=0.0000
2026-05-23T04:28:06.336856Z  INFO construction_finish_todos: CONSTRUCTION_FINISH_COMPLETE done=8/8
2026-05-23T04:28:06.336864Z  INFO construction_round2_todos: CONSTRUCTION_ROUND2_COMPLETE done=15/15
2026-05-23T04:28:06.336872Z  INFO construction_round3_todos: CONSTRUCTION_ROUND3_COMPLETE done=27/27
2026-05-23T04:28:06.336876Z  INFO construction_operational_todos: CONSTRUCTION_OPERATIONAL_GREEN
2026-05-23T04:28:06.347803Z  INFO stage5_live_todos: STAGE5_FIRE_HOOK fire_visual_producer_count=1 (expect 1 for FIRE-01)
2026-05-23T04:28:06.348268Z  INFO stall: STALL after_tile_storage_apply: 12.52ms
2026-05-23T04:28:06.348931Z  INFO stage5_live_todos: STAGE5_SPINE_HOOK policy_present=true graph_present=true fence_committed=true fence_fire_tick=19 world_frame_present=true overlay_rev=0 overlay_chunk_cells=0 atm_partial_dispatch=0 atm_gpu_tex_uploads=0 atm_full_field_fallback=false
2026-05-23T04:28:06.351234Z  INFO industrial_activation_todos: INDUSTRIAL_ACTIVATION_GREEN
2026-05-23T04:28:06.351291Z  INFO viewport_authority: VIEWPORT_AUTHORITY source=UiMeasured valid=true min=Vec2(0.0, 0.0) max=Vec2(1280.0, 720.0) w=1280.0 h=720.0
2026-05-23T04:28:06.351299Z  INFO viewport_authority::solver: VIEWPORT_SOLVER_TARGET node=SimMapFill valid=true rect.source=SimMapFill w=1280.0 h=720.0
2026-05-23T04:28:06.351303Z  INFO viewport_authority: VIEWPORT_AUTHORITY source=LayoutSolver valid=true min=Vec2(0.0, 0.0) max=Vec2(1280.0, 720.0) w=1280.0 h=720.0
2026-05-23T04:28:06.351306Z  INFO viewport_authority: VIEWPORT_AUTHORITY source=LayoutSolver valid=true min=Vec2(0.0, 0.0) max=Vec2(1280.0, 720.0) w=1280.0 h=720.0
2026-05-23T04:28:06.351308Z  INFO viewport_authority: VIEWPORT_AUTHORITY source=UiCommitted valid=true min=Vec2(0.0, 0.0) max=Vec2(1280.0, 720.0) w=1280.0 h=720.0
2026-05-23T04:28:06.351318Z  INFO viewport_authority: VIEWPORT_AUTHORITY source=CameraApplied valid=true min=Vec2(0.0, 0.0) max=Vec2(1280.0, 720.0) w=1280.0 h=720.0
2026-05-23T04:28:06.351335Z  INFO stage5_live_todos: STAGE5_READINESS_HOOK passes=true violations_first=(none) producer_count=1
2026-05-23T04:28:06.351342Z  INFO visual_aidv2_live_todos: VISUAL_AID_V2_BOARD done=3/6 footprint_ok=false readability=true icons=0
2026-05-23T04:28:06.351351Z  INFO stage5_readiness::truth: 
========== STAGE5_FULL_APP_TRUTH (post_update_invocation=19 sim_tick=19) ==========
FULL_APP_PROFILE_ACTIVE: true
stage5_readiness_passes: true
--- AppStage5ReadinessReport (hard gates) ---
vt4_ok: true  [src: evaluate_app_stage5_readiness / VtCiMatrixLiveReport OR VisualAgreementFrame]
vt5_ok: true  [src: evaluate_app_stage5_readiness / VtCiMatrixLiveReport]
single_fire_extract: true  [src: fire_visual_producer_count / REGISTERED_VISUAL_PRODUCERS]
gpu_field_authoritative: true  [src: P2H_GPU_PARTIAL_WRITES_AUTHORITATIVE]
preview_render_target_active: true  [src: preview_authoritative_surface]
phase_d_ok: true  [derived: !require_preview || preview_render_target_active]
overlay_from_shared_buffers_only: true  [src: SharedOverlayFieldBuffers resource exists]
particle_lod_scales: true  [src: GpuRepresentationMetrics vs RepresentationResult band]
phase_f_lod_proof_ok: true  [src: PhaseFLodProofReport]
instanced_dispatch_ok: true  [src: GpuIndirectDrawSpine vs WorldFireParticleDrawDispatch]
phase_f_ok: true  [derived: particle_lod_scales && phase_f_lod_proof_ok && instanced_dispatch_ok]
projection_domains (report): 3  [src: RenderProjectionGraph via evaluate_stage5_spine_checklist]
registered_producers: 2
duplicate_visual_scan_count: 0
--- violations (first = primary suspect) ---
first: (none)
all: []
--- input wiring (MISSING = UNKNOWNÔåÆoperator FAIL) ---
RepresentationResult: true
WorldRepresentationFrame: true
RenderProjectionGraph: true
CommittedVisualSnapshotFence: true
SharedOverlayFieldBuffers: true
GpuRepresentationMetrics: true
VisualAgreementFrame: true
VtCiMatrixLiveReport: true
AtmospherePartialWriteMetrics: true
PreviewCameraState: true
WorldPreviewGpuRuntime: true
PhaseFLodProofReport: true
GpuIndirectDrawSpine: true
WorldFireParticleDrawDispatch: true
FireSimulationSnapshot: true
MISSING_WIRING_FULL_APP: none
================================================================

2026-05-23T04:28:06.351420Z  INFO worldgen_chrome::egui: WORLD_GEN_EGUI_DRAW preview_window_open=true flow=NewWorldSetup
2026-05-23T04:28:06.353036Z  INFO stage5_live_todos: STAGE5_GPU_HOOK indirect_instances=0 dispatch_count=0 draw_instances=0 (PHF-01 alignment)
2026-05-23T04:28:06.353152Z  INFO worldgen_chrome::trace: CHROME_STATE app=Res(State(WorldGen)) worldgen=Res(State(Idle)) base=Res(State(Editor)) flow=Res(State(NewWorldSetup)) latch_dismissed=false world_gen_visible=true preview_window_open=true lifecycle=GeneratingWorld last_dismiss="never"
2026-05-23T04:28:06.353156Z  INFO visual_diag: VISUAL_DIAG window frame=18 periodic=false win_logical=(1280, 720) win_physical=(1280, 720) scale=1.0 app=1 base=1 flow=1 worldgen=0 readiness_profile=Stage5ReadinessProfile { require_vt4: true, require_vt5: true, require_preview: true, require_partial_metrics: true, require_world_frame: true, require_phase_f_proof: true, require_instanced_draw: true }
2026-05-23T04:28:06.353158Z  INFO sim_view_sync: SIM_VIEW_SYNC frame=18 win_logical=(1280, 720) win_physical=(1280, 720) sim_valid=true sim_adequate=true sim_min=Vec2(0.0, 0.0) sim_max=Vec2(1280.0, 720.0) measured_valid=true measured_wh=Vec2(1280.0, 720.0) committed_wh=Vec2(1280.0, 720.0) sim_wh=Vec2(1280.0, 720.0) settle_streak=4 layout_settled=true sim_held=true last_commit="hole_hold" frozen=true pending_wh=Vec2(1280.0, 720.0) cam_hole=true render_hole=true cam_invalid_streak=0 cam_valid_streak=17 cam_scissor=Some((0, 0, 1280, 720)) ortho_fixed_wh=(1280, 720) map_view_px=(1280, 720) raster_rev=4 resolved_rev=36 app=1 base=1 flow=1 worldgen=0 cmd_shell=false overlay_tray=false transmission=false rect_sanity_issues=0 left_stack_collapsed=true map_cam_scale=Vec3(1.0, 1.0, 1.0) minimap_visible=true
2026-05-23T04:28:06.353167Z  INFO visual_diag: VISUAL_DIAG sim_viewport frame=18 sim_valid=true sim_adequate=true sim_min=Vec2(0.0, 0.0) sim_max=Vec2(1280.0, 720.0) sim_wh=(1280, 720) measured_valid=true measured_wh=(1280, 720) committed_wh=(1280, 720) sim_held=true settle_streak=4 layout_settled=true frozen=true last_commit="hole_hold" pending_wh=(1280, 720) pending_min=Vec2(0.0, 0.0) pending_max=Vec2(1280.0, 720.0)
2026-05-23T04:28:06.353180Z  INFO visual_diag: VISUAL_DIAG camera frame=18 cam_desired_x=160.0 cam_desired_y=160.0 cam_zoom=1.0 latch_hole=true render_hole=true latch_invalid_streak=0 latch_valid_streak=17 cam_scissor=Some((0, 0, 1280, 720)) ortho_fixed_w=1280 ortho_fixed_h=720 map_view_px_w=1280 map_view_px_h=720 world_w=320 world_h=320
2026-05-23T04:28:06.353187Z  INFO visual_diag: VISUAL_DIAG resolved_viewports frame=18 resolved_rev=36 primary_valid=true primary_wh=(1280, 720) sim_resolved_valid=true sim_resolved_wh=(1280, 720) preview_valid=true preview_wh=(372, 362) minimap_valid=false minimap_wh=(0, 0) mismatch_preview=false mismatch_minimap=false mismatch_sim_map=false mismatch_stale_tex=false
2026-05-23T04:28:06.353192Z  INFO visual_diag: VISUAL_DIAG map_view_frames frame=18 world_preview_proj_rev=1554780161531 minimap_proj_rev=4296967305 sim_map_proj_rev=3092378454408
2026-05-23T04:28:06.353195Z  INFO visual_diag: VISUAL_DIAG map_presentation frame=18 wp_fit=Contain wp_viewport=UVec2(372, 362) wp_fit_scale=1.10595703125 wp_expected_fit_scale=1.10595703125 wp_zoom=1.0407500267028809 mm_fit=Contain mm_viewport=UVec2(1, 1) mm_fit_scale=1.0
2026-05-23T04:28:06.353199Z  INFO visual_diag: VISUAL_DIAG render_spine frame=18 raster_rev=4 repr_band=0 repr_lod="LocalTactical" particle_rows_cap=262144 visual_intent="Strategic" visual_zoom_alpha=0.00700009148567915 fire_particle_rows=0 fire_particle_stamp=19 overlay_rev=0 overlay_chunk_cells=0 graph_fire_inst=0 graph_fire_heat=0 gpu_instance_rows=0 gpu_dispatch=0 gpu_draw=0
2026-05-23T04:28:06.353203Z  INFO visual_diag: VISUAL_DIAG perf frame=18 tile_raster_ms=0.6771999597549438 tile_raster_ran=true world_repr_ms=0.007000000216066837 projection_graph_ms=0.0003000000142492354 domain_merge_ms=0.0 readiness_ms=0.01680000126361847 cpu_pre_egui_ms=0.0 cpu_egui_ms=0.0 cpu_post_egui_ms=0.0 gpu_gap_ms=0.0
2026-05-23T04:28:06.353207Z  INFO visual_diag: VISUAL_DIAG hud_shell frame=18 cmd_shell=false overlay_tray=false transmission=false
2026-05-23T04:28:06.353221Z  INFO perf: PERF wall=17.52 instr=0.70 gap=16.82 | cpu_pre_egui=15.60 cpu_egui=1.10 cpu_post_egui=0.83 gpu_gap=0.00 | spine=0.00 world_repr=0.01 graph=0.00 merge=0.00 atm=0.00 readiness=0.02 raster=0.68 | upd_attrib sum=1.45 pv_cpu=0.00 pv_gpu=0.00 fire=0.10 stream=1.08 map_fit=0.00 hud=0.01 wgen=0.26 | budget_sum=0.70 hud=0.01 overlay=0.00 raster_b=0.68 particles=0.00 residency=0.01 tex_reg=0.00 render_x=0.00 | egui_unbudgeted=1.08 | stall first+preupd=0.04 update=0.01 post_dom=0.00 post_vt=0.00 postÔåÆready=0.00 ready=0.06 postÔåÆegui=3.01 egui=1.03 post_egui=0.76 | stall_hits=[after_tile_storage_apply:12.5]
2026-05-23T04:28:06.353227Z  INFO perf: PERF frame=17.5ms update=15.6ms egui=1.1ms preview=0.0ms streaming=1.1ms tile_apply=0.0ms viewport=0.0ms map_fit=0.0ms repr=0.0ms raster=0.7ms
2026-05-23T04:28:06.353230Z  INFO stall: STALL culprit=after_tile_storage_apply duration=12.5ms frame=17.5ms
2026-05-23T04:28:06.354368Z  INFO viewport_authority: VIEWPORT_AUTHORITY source=ResolvedViewport valid=true min=Vec2(0.0, 0.0) max=Vec2(1280.0, 720.0) w=1280.0 h=720.0
2026-05-23T04:28:06.355338Z  INFO stage5_live_todos: STAGE5_MAP_CAMERA_HOOK post_mirror desired_xy=(160.00,160.00) zoom=1.0000 world_main_xy=(160.00,160.00) zoom=1.0000 bridge_drift=0.0000
2026-05-23T04:28:06.355362Z  INFO construction_finish_todos: CONSTRUCTION_FINISH_COMPLETE done=8/8
2026-05-23T04:28:06.355373Z  INFO construction_round2_todos: CONSTRUCTION_ROUND2_COMPLETE done=15/15
2026-05-23T04:28:06.355381Z  INFO construction_round3_todos: CONSTRUCTION_ROUND3_COMPLETE done=27/27
2026-05-23T04:28:06.355385Z  INFO construction_operational_todos: CONSTRUCTION_OPERATIONAL_GREEN
2026-05-23T04:28:06.364655Z  INFO stage5_live_todos: STAGE5_FIRE_HOOK fire_visual_producer_count=1 (expect 1 for FIRE-01)
2026-05-23T04:28:06.365117Z  INFO stall: STALL after_tile_storage_apply: 10.95ms
2026-05-23T04:28:06.365792Z  INFO stage5_live_todos: STAGE5_SPINE_HOOK policy_present=true graph_present=true fence_committed=true fence_fire_tick=20 world_frame_present=true overlay_rev=0 overlay_chunk_cells=0 atm_partial_dispatch=0 atm_gpu_tex_uploads=0 atm_full_field_fallback=false
2026-05-23T04:28:06.368325Z  INFO industrial_activation_todos: INDUSTRIAL_ACTIVATION_GREEN
2026-05-23T04:28:06.368396Z  INFO viewport_authority: VIEWPORT_AUTHORITY source=UiMeasured valid=true min=Vec2(0.0, 0.0) max=Vec2(1280.0, 720.0) w=1280.0 h=720.0
2026-05-23T04:28:06.368404Z  INFO viewport_authority::solver: VIEWPORT_SOLVER_TARGET node=SimMapFill valid=true rect.source=SimMapFill w=1280.0 h=720.0
2026-05-23T04:28:06.368407Z  INFO viewport_authority: VIEWPORT_AUTHORITY source=LayoutSolver valid=true min=Vec2(0.0, 0.0) max=Vec2(1280.0, 720.0) w=1280.0 h=720.0
2026-05-23T04:28:06.368410Z  INFO viewport_authority: VIEWPORT_AUTHORITY source=LayoutSolver valid=true min=Vec2(0.0, 0.0) max=Vec2(1280.0, 720.0) w=1280.0 h=720.0
2026-05-23T04:28:06.368413Z  INFO viewport_authority: VIEWPORT_AUTHORITY source=UiCommitted valid=true min=Vec2(0.0, 0.0) max=Vec2(1280.0, 720.0) w=1280.0 h=720.0
2026-05-23T04:28:06.368428Z  INFO viewport_authority: VIEWPORT_AUTHORITY source=CameraApplied valid=true min=Vec2(0.0, 0.0) max=Vec2(1280.0, 720.0) w=1280.0 h=720.0
2026-05-23T04:28:06.368453Z  INFO stage5_live_todos: STAGE5_READINESS_HOOK passes=true violations_first=(none) producer_count=1
2026-05-23T04:28:06.368462Z  INFO visual_aidv2_live_todos: VISUAL_AID_V2_BOARD done=3/6 footprint_ok=false readability=true icons=0
2026-05-23T04:28:06.368472Z  INFO stage5_readiness::truth: 
========== STAGE5_FULL_APP_TRUTH (post_update_invocation=20 sim_tick=20) ==========
FULL_APP_PROFILE_ACTIVE: true
stage5_readiness_passes: true
--- AppStage5ReadinessReport (hard gates) ---
vt4_ok: true  [src: evaluate_app_stage5_readiness / VtCiMatrixLiveReport OR VisualAgreementFrame]
vt5_ok: true  [src: evaluate_app_stage5_readiness / VtCiMatrixLiveReport]
single_fire_extract: true  [src: fire_visual_producer_count / REGISTERED_VISUAL_PRODUCERS]
gpu_field_authoritative: true  [src: P2H_GPU_PARTIAL_WRITES_AUTHORITATIVE]
preview_render_target_active: true  [src: preview_authoritative_surface]
phase_d_ok: true  [derived: !require_preview || preview_render_target_active]
overlay_from_shared_buffers_only: true  [src: SharedOverlayFieldBuffers resource exists]
particle_lod_scales: true  [src: GpuRepresentationMetrics vs RepresentationResult band]
phase_f_lod_proof_ok: true  [src: PhaseFLodProofReport]
instanced_dispatch_ok: true  [src: GpuIndirectDrawSpine vs WorldFireParticleDrawDispatch]
phase_f_ok: true  [derived: particle_lod_scales && phase_f_lod_proof_ok && instanced_dispatch_ok]
projection_domains (report): 3  [src: RenderProjectionGraph via evaluate_stage5_spine_checklist]
registered_producers: 2
duplicate_visual_scan_count: 0
--- violations (first = primary suspect) ---
first: (none)
all: []
--- input wiring (MISSING = UNKNOWNÔåÆoperator FAIL) ---
RepresentationResult: true
WorldRepresentationFrame: true
RenderProjectionGraph: true
CommittedVisualSnapshotFence: true
SharedOverlayFieldBuffers: true
GpuRepresentationMetrics: true
VisualAgreementFrame: true
VtCiMatrixLiveReport: true
AtmospherePartialWriteMetrics: true
PreviewCameraState: true
WorldPreviewGpuRuntime: true
PhaseFLodProofReport: true
GpuIndirectDrawSpine: true
WorldFireParticleDrawDispatch: true
FireSimulationSnapshot: true
MISSING_WIRING_FULL_APP: none
================================================================

2026-05-23T04:28:06.368534Z  INFO worldgen_chrome::egui: WORLD_GEN_EGUI_DRAW preview_window_open=true flow=Idle
2026-05-23T04:28:06.370699Z  INFO stage5_live_todos: STAGE5_GPU_HOOK indirect_instances=0 dispatch_count=0 draw_instances=0 (PHF-01 alignment)
2026-05-23T04:28:06.370790Z  INFO worldgen_chrome::trace: CHROME_STATE app=Res(State(WorldGen)) worldgen=Res(State(Generating)) base=Res(State(Editor)) flow=Res(State(Idle)) latch_dismissed=false world_gen_visible=true preview_window_open=true lifecycle=GeneratingWorld last_dismiss="never"
2026-05-23T04:28:06.370788Z  INFO sim_view_sync: SIM_VIEW_SYNC frame=19 win_logical=(1280, 720) win_physical=(1280, 720) sim_valid=true sim_adequate=true sim_min=Vec2(0.0, 0.0) sim_max=Vec2(1280.0, 720.0) measured_valid=true measured_wh=Vec2(1280.0, 720.0) committed_wh=Vec2(1280.0, 720.0) sim_wh=Vec2(1280.0, 720.0) settle_streak=4 layout_settled=true sim_held=true last_commit="hole_hold" frozen=true pending_wh=Vec2(1280.0, 720.0) cam_hole=true render_hole=true cam_invalid_streak=0 cam_valid_streak=18 cam_scissor=Some((0, 0, 1280, 720)) ortho_fixed_wh=(1280, 720) map_view_px=(1280, 720) raster_rev=5 resolved_rev=38 app=1 base=1 flow=0 worldgen=2 cmd_shell=false overlay_tray=false transmission=false rect_sanity_issues=0 left_stack_collapsed=true map_cam_scale=Vec3(1.0, 1.0, 1.0) minimap_visible=true
2026-05-23T04:28:06.370795Z  INFO visual_diag: VISUAL_DIAG window frame=19 periodic=false win_logical=(1280, 720) win_physical=(1280, 720) scale=1.0 app=1 base=1 flow=0 worldgen=2 readiness_profile=Stage5ReadinessProfile { require_vt4: true, require_vt5: true, require_preview: true, require_partial_metrics: true, require_world_frame: true, require_phase_f_proof: true, require_instanced_draw: true }
2026-05-23T04:28:06.370815Z  INFO visual_diag: VISUAL_DIAG sim_viewport frame=19 sim_valid=true sim_adequate=true sim_min=Vec2(0.0, 0.0) sim_max=Vec2(1280.0, 720.0) sim_wh=(1280, 720) measured_valid=true measured_wh=(1280, 720) committed_wh=(1280, 720) sim_held=true settle_streak=4 layout_settled=true frozen=true last_commit="hole_hold" pending_wh=(1280, 720) pending_min=Vec2(0.0, 0.0) pending_max=Vec2(1280.0, 720.0)
2026-05-23T04:28:06.370822Z  INFO visual_diag: VISUAL_DIAG camera frame=19 cam_desired_x=160.0 cam_desired_y=160.0 cam_zoom=1.0 latch_hole=true render_hole=true latch_invalid_streak=0 latch_valid_streak=18 cam_scissor=Some((0, 0, 1280, 720)) ortho_fixed_w=1280 ortho_fixed_h=720 map_view_px_w=1280 map_view_px_h=720 world_w=320 world_h=320
2026-05-23T04:28:06.370826Z  INFO visual_diag: VISUAL_DIAG resolved_viewports frame=19 resolved_rev=38 primary_valid=true primary_wh=(1280, 720) sim_resolved_valid=true sim_resolved_wh=(1280, 720) preview_valid=true preview_wh=(372, 362) minimap_valid=false minimap_wh=(0, 0) mismatch_preview=false mismatch_minimap=false mismatch_sim_map=false mismatch_stale_tex=false
2026-05-23T04:28:06.370830Z  INFO visual_diag: VISUAL_DIAG map_view_frames frame=19 world_preview_proj_rev=1554780161531 minimap_proj_rev=1374393535054 sim_map_proj_rev=3092380454414
2026-05-23T04:28:06.370832Z  INFO visual_diag: VISUAL_DIAG map_presentation frame=19 wp_fit=Contain wp_viewport=UVec2(372, 362) wp_fit_scale=1.10595703125 wp_expected_fit_scale=1.10595703125 wp_zoom=1.0407500267028809 mm_fit=Cover mm_viewport=UVec2(320, 320) mm_fit_scale=1.0954101085662842
2026-05-23T04:28:06.370836Z  INFO visual_diag: VISUAL_DIAG render_spine frame=19 raster_rev=5 repr_band=0 repr_lod="LocalTactical" particle_rows_cap=262144 visual_intent="Strategic" visual_zoom_alpha=0.00700009148567915 fire_particle_rows=0 fire_particle_stamp=20 overlay_rev=0 overlay_chunk_cells=0 graph_fire_inst=0 graph_fire_heat=0 gpu_instance_rows=0 gpu_dispatch=0 gpu_draw=0
2026-05-23T04:28:06.370840Z  INFO visual_diag: VISUAL_DIAG perf frame=19 tile_raster_ms=1.0917000770568848 tile_raster_ran=true world_repr_ms=0.004600000102072954 projection_graph_ms=0.00020000000949949026 domain_merge_ms=0.0 readiness_ms=0.01979999989271164 cpu_pre_egui_ms=0.0 cpu_egui_ms=0.0 cpu_post_egui_ms=0.0 gpu_gap_ms=0.0
2026-05-23T04:28:06.370843Z  INFO visual_diag: VISUAL_DIAG hud_shell frame=19 cmd_shell=false overlay_tray=false transmission=false
2026-05-23T04:28:06.370859Z  INFO perf: PERF wall=16.72 instr=1.12 gap=15.60 | cpu_pre_egui=14.26 cpu_egui=1.67 cpu_post_egui=0.79 gpu_gap=0.00 | spine=0.00 world_repr=0.00 graph=0.00 merge=0.00 atm=0.00 readiness=0.02 raster=1.09 | upd_attrib sum=1.55 pv_cpu=0.00 pv_gpu=0.00 fire=0.08 stream=1.09 map_fit=0.00 hud=0.17 wgen=0.21 | budget_sum=1.27 hud=0.17 overlay=0.00 raster_b=1.09 particles=0.00 residency=0.01 tex_reg=0.00 render_x=0.00 | egui_unbudgeted=1.51 | stall first+preupd=0.03 update=0.00 post_dom=0.00 post_vt=0.01 postÔåÆready=0.00 ready=0.08 postÔåÆegui=3.27 egui=1.59 post_egui=0.72 | stall_hits=[after_tile_storage_apply:10.9]
2026-05-23T04:28:06.370865Z  INFO perf: PERF frame=16.7ms update=14.3ms egui=1.7ms preview=0.0ms streaming=1.1ms tile_apply=0.0ms viewport=0.0ms map_fit=0.0ms repr=0.0ms raster=1.1ms
2026-05-23T04:28:06.370869Z  INFO stall: STALL culprit=after_tile_storage_apply duration=10.9ms frame=16.7ms
2026-05-23T04:28:06.373144Z  INFO viewport_authority: VIEWPORT_AUTHORITY source=ResolvedViewport valid=true min=Vec2(0.0, 0.0) max=Vec2(1280.0, 720.0) w=1280.0 h=720.0
2026-05-23T04:28:06.373159Z  INFO proc_A_dine01::render::viewport_pipeline: resolved viewport=minimap_panel revision=40 logical=(350.5,160.0) physical=351x160
2026-05-23T04:28:06.374182Z  INFO stage5_live_todos: STAGE5_MAP_CAMERA_HOOK post_mirror desired_xy=(160.00,160.00) zoom=1.0000 world_main_xy=(160.00,160.00) zoom=1.0000 bridge_drift=0.0000
2026-05-23T04:28:06.374206Z  INFO construction_finish_todos: CONSTRUCTION_FINISH_COMPLETE done=8/8
2026-05-23T04:28:06.374217Z  INFO construction_round2_todos: CONSTRUCTION_ROUND2_COMPLETE done=15/15
2026-05-23T04:28:06.374227Z  INFO construction_round3_todos: CONSTRUCTION_ROUND3_COMPLETE done=27/27
2026-05-23T04:28:06.374230Z  INFO construction_operational_todos: CONSTRUCTION_OPERATIONAL_GREEN
2026-05-23T04:28:06.381867Z  INFO stage5_live_todos: STAGE5_FIRE_HOOK fire_visual_producer_count=1 (expect 1 for FIRE-01)
2026-05-23T04:28:06.382943Z  INFO stall: STALL after_tile_storage_apply: 11.10ms
2026-05-23T04:28:06.382982Z  INFO stage5_live_todos: STAGE5_SPINE_HOOK policy_present=true graph_present=true fence_committed=true fence_fire_tick=21 world_frame_present=true overlay_rev=0 overlay_chunk_cells=0 atm_partial_dispatch=0 atm_gpu_tex_uploads=0 atm_full_field_fallback=false
2026-05-23T04:28:06.386004Z  INFO industrial_activation_todos: INDUSTRIAL_ACTIVATION_GREEN
2026-05-23T04:28:06.386048Z  INFO viewport_authority: VIEWPORT_AUTHORITY source=UiMeasured valid=true min=Vec2(0.0, 0.0) max=Vec2(1280.0, 720.0) w=1280.0 h=720.0
2026-05-23T04:28:06.386053Z  INFO viewport_authority::solver: VIEWPORT_SOLVER_TARGET node=SimMapFill valid=true rect.source=SimMapFill w=1280.0 h=720.0
2026-05-23T04:28:06.386056Z  INFO viewport_authority: VIEWPORT_AUTHORITY source=LayoutSolver valid=true min=Vec2(0.0, 0.0) max=Vec2(1280.0, 720.0) w=1280.0 h=720.0
2026-05-23T04:28:06.386058Z  INFO viewport_authority: VIEWPORT_AUTHORITY source=LayoutSolver valid=true min=Vec2(0.0, 0.0) max=Vec2(1280.0, 720.0) w=1280.0 h=720.0
2026-05-23T04:28:06.386061Z  INFO viewport_authority: VIEWPORT_AUTHORITY source=UiCommitted valid=true min=Vec2(0.0, 0.0) max=Vec2(1280.0, 720.0) w=1280.0 h=720.0
2026-05-23T04:28:06.386069Z  INFO viewport_authority: VIEWPORT_AUTHORITY source=CameraApplied valid=true min=Vec2(0.0, 0.0) max=Vec2(1280.0, 720.0) w=1280.0 h=720.0
2026-05-23T04:28:06.386090Z  INFO stage5_live_todos: STAGE5_READINESS_HOOK passes=true violations_first=(none) producer_count=1
2026-05-23T04:28:06.386095Z  INFO visual_aidv2_live_todos: VISUAL_AID_V2_BOARD done=3/6 footprint_ok=false readability=true icons=0
2026-05-23T04:28:06.386104Z  INFO stage5_readiness::truth: 
========== STAGE5_FULL_APP_TRUTH (post_update_invocation=21 sim_tick=21) ==========
FULL_APP_PROFILE_ACTIVE: true
stage5_readiness_passes: true
--- AppStage5ReadinessReport (hard gates) ---
vt4_ok: true  [src: evaluate_app_stage5_readiness / VtCiMatrixLiveReport OR VisualAgreementFrame]
vt5_ok: true  [src: evaluate_app_stage5_readiness / VtCiMatrixLiveReport]
single_fire_extract: true  [src: fire_visual_producer_count / REGISTERED_VISUAL_PRODUCERS]
gpu_field_authoritative: true  [src: P2H_GPU_PARTIAL_WRITES_AUTHORITATIVE]
preview_render_target_active: true  [src: preview_authoritative_surface]
phase_d_ok: true  [derived: !require_preview || preview_render_target_active]
overlay_from_shared_buffers_only: true  [src: SharedOverlayFieldBuffers resource exists]
particle_lod_scales: true  [src: GpuRepresentationMetrics vs RepresentationResult band]
phase_f_lod_proof_ok: true  [src: PhaseFLodProofReport]
instanced_dispatch_ok: true  [src: GpuIndirectDrawSpine vs WorldFireParticleDrawDispatch]
phase_f_ok: true  [derived: particle_lod_scales && phase_f_lod_proof_ok && instanced_dispatch_ok]
projection_domains (report): 3  [src: RenderProjectionGraph via evaluate_stage5_spine_checklist]
registered_producers: 2
duplicate_visual_scan_count: 0
--- violations (first = primary suspect) ---
first: (none)
all: []
--- input wiring (MISSING = UNKNOWNÔåÆoperator FAIL) ---
RepresentationResult: true
WorldRepresentationFrame: true
RenderProjectionGraph: true
CommittedVisualSnapshotFence: true
SharedOverlayFieldBuffers: true
GpuRepresentationMetrics: true
VisualAgreementFrame: true
VtCiMatrixLiveReport: true
AtmospherePartialWriteMetrics: true
PreviewCameraState: true
WorldPreviewGpuRuntime: true
PhaseFLodProofReport: true
GpuIndirectDrawSpine: true
WorldFireParticleDrawDispatch: true
FireSimulationSnapshot: true
MISSING_WIRING_FULL_APP: none
================================================================

2026-05-23T04:28:06.386164Z  INFO worldgen_chrome::egui: WORLD_GEN_EGUI_DRAW preview_window_open=true flow=NewWorldSetup
2026-05-23T04:28:06.387723Z  INFO stage5_live_todos: STAGE5_GPU_HOOK indirect_instances=0 dispatch_count=0 draw_instances=0 (PHF-01 alignment)
2026-05-23T04:28:06.387793Z  INFO worldgen_chrome::trace: CHROME_STATE app=Res(State(WorldGen)) worldgen=Res(State(Idle)) base=Res(State(Editor)) flow=Res(State(NewWorldSetup)) latch_dismissed=false world_gen_visible=true preview_window_open=true lifecycle=GeneratingWorld last_dismiss="never"
2026-05-23T04:28:06.387797Z  INFO sim_view_sync: SIM_VIEW_SYNC frame=20 win_logical=(1280, 720) win_physical=(1280, 720) sim_valid=true sim_adequate=true sim_min=Vec2(0.0, 0.0) sim_max=Vec2(1280.0, 720.0) measured_valid=true measured_wh=Vec2(1280.0, 720.0) committed_wh=Vec2(1280.0, 720.0) sim_wh=Vec2(1280.0, 720.0) settle_streak=4 layout_settled=true sim_held=true last_commit="hole_hold" frozen=true pending_wh=Vec2(1280.0, 720.0) cam_hole=true render_hole=true cam_invalid_streak=0 cam_valid_streak=19 cam_scissor=Some((0, 0, 1280, 720)) ortho_fixed_wh=(1280, 720) map_view_px=(1280, 720) raster_rev=6 resolved_rev=41 app=1 base=1 flow=1 worldgen=0 cmd_shell=false overlay_tray=false transmission=false rect_sanity_issues=0 left_stack_collapsed=true map_cam_scale=Vec3(1.0, 1.0, 1.0) minimap_visible=true
2026-05-23T04:28:06.387804Z  INFO visual_diag: VISUAL_DIAG window frame=20 periodic=false win_logical=(1280, 720) win_physical=(1280, 720) scale=1.0 app=1 base=1 flow=1 worldgen=0 readiness_profile=Stage5ReadinessProfile { require_vt4: true, require_vt5: true, require_preview: true, require_partial_metrics: true, require_world_frame: true, require_phase_f_proof: true, require_instanced_draw: true }
2026-05-23T04:28:06.387813Z  INFO visual_diag: VISUAL_DIAG sim_viewport frame=20 sim_valid=true sim_adequate=true sim_min=Vec2(0.0, 0.0) sim_max=Vec2(1280.0, 720.0) sim_wh=(1280, 720) measured_valid=true measured_wh=(1280, 720) committed_wh=(1280, 720) sim_held=true settle_streak=4 layout_settled=true frozen=true last_commit="hole_hold" pending_wh=(1280, 720) pending_min=Vec2(0.0, 0.0) pending_max=Vec2(1280.0, 720.0)
2026-05-23T04:28:06.387818Z  INFO visual_diag: VISUAL_DIAG camera frame=20 cam_desired_x=160.0 cam_desired_y=160.0 cam_zoom=1.0 latch_hole=true render_hole=true latch_invalid_streak=0 latch_valid_streak=19 cam_scissor=Some((0, 0, 1280, 720)) ortho_fixed_w=1280 ortho_fixed_h=720 map_view_px_w=1280 map_view_px_h=720 world_w=320 world_h=320
2026-05-23T04:28:06.387823Z  INFO visual_diag: VISUAL_DIAG resolved_viewports frame=20 resolved_rev=41 primary_valid=true primary_wh=(1280, 720) sim_resolved_valid=true sim_resolved_wh=(1280, 720) preview_valid=true preview_wh=(372, 362) minimap_valid=true minimap_wh=(351, 160) mismatch_preview=false mismatch_minimap=false mismatch_sim_map=false mismatch_stale_tex=false
2026-05-23T04:28:06.387827Z  INFO visual_diag: VISUAL_DIAG map_view_frames frame=20 world_preview_proj_rev=1554780161531 minimap_proj_rev=687199767728 sim_map_proj_rev=3092381454417
2026-05-23T04:28:06.387829Z  INFO visual_diag: VISUAL_DIAG map_presentation frame=20 wp_fit=Contain wp_viewport=UVec2(372, 362) wp_fit_scale=1.10595703125 wp_expected_fit_scale=1.10595703125 wp_zoom=1.0407500267028809 mm_fit=Cover mm_viewport=UVec2(351, 160) mm_fit_scale=1.2409179210662842
2026-05-23T04:28:06.387834Z  INFO visual_diag: VISUAL_DIAG render_spine frame=20 raster_rev=6 repr_band=0 repr_lod="LocalTactical" particle_rows_cap=262144 visual_intent="Strategic" visual_zoom_alpha=0.00700009148567915 fire_particle_rows=0 fire_particle_stamp=21 overlay_rev=0 overlay_chunk_cells=0 graph_fire_inst=0 graph_fire_heat=0 gpu_instance_rows=0 gpu_dispatch=0 gpu_draw=0
2026-05-23T04:28:06.387838Z  INFO visual_diag: VISUAL_DIAG perf frame=20 tile_raster_ms=1.6317999362945557 tile_raster_ran=true world_repr_ms=0.003700000001117587 projection_graph_ms=0.00010000000474974513 domain_merge_ms=0.0 readiness_ms=0.016100000590085983 cpu_pre_egui_ms=0.0 cpu_egui_ms=0.0 cpu_post_egui_ms=0.0 gpu_gap_ms=0.0
2026-05-23T04:28:06.387842Z  INFO visual_diag: VISUAL_DIAG hud_shell frame=20 cmd_shell=false overlay_tray=false transmission=false
2026-05-23T04:28:06.387861Z  INFO perf: PERF wall=16.04 instr=1.65 gap=14.39 | cpu_pre_egui=14.24 cpu_egui=1.10 cpu_post_egui=0.70 gpu_gap=0.00 | spine=0.00 world_repr=0.00 graph=0.00 merge=0.00 atm=0.00 readiness=0.02 raster=1.63 | upd_attrib sum=2.57 pv_cpu=0.00 pv_gpu=0.00 fire=1.12 stream=1.08 map_fit=0.00 hud=0.14 wgen=0.23 | budget_sum=1.78 hud=0.14 overlay=0.00 raster_b=1.63 particles=0.00 residency=0.01 tex_reg=0.00 render_x=0.00 | stall first+preupd=0.03 update=0.00 post_dom=0.00 post_vt=0.01 postÔåÆready=0.00 ready=0.04 postÔåÆegui=3.10 egui=1.04 post_egui=0.65 | stall_hits=[after_tile_storage_apply:11.1]
2026-05-23T04:28:06.387872Z  INFO perf: PERF frame=16.0ms update=14.2ms egui=1.1ms preview=0.0ms streaming=1.1ms tile_apply=0.0ms viewport=0.0ms map_fit=0.0ms repr=0.0ms raster=1.6ms
2026-05-23T04:28:06.387876Z  INFO stall: STALL culprit=after_tile_storage_apply duration=11.1ms frame=16.0ms
2026-05-23T04:28:06.388965Z  INFO viewport_authority: VIEWPORT_AUTHORITY source=ResolvedViewport valid=true min=Vec2(0.0, 0.0) max=Vec2(1280.0, 720.0) w=1280.0 h=720.0
2026-05-23T04:28:06.388983Z  INFO proc_A_dine01::render::viewport_pipeline: resolved viewport=minimap_panel revision=43 logical=(397.1,160.0) physical=397x160
2026-05-23T04:28:06.389844Z  INFO construction_finish_todos: CONSTRUCTION_FINISH_COMPLETE done=8/8
2026-05-23T04:28:06.389850Z  INFO construction_round2_todos: CONSTRUCTION_ROUND2_COMPLETE done=15/15
2026-05-23T04:28:06.389854Z  INFO construction_round3_todos: CONSTRUCTION_ROUND3_COMPLETE done=27/27
2026-05-23T04:28:06.389857Z  INFO construction_operational_todos: CONSTRUCTION_OPERATIONAL_GREEN
2026-05-23T04:28:06.390575Z  INFO stage5_live_todos: STAGE5_MAP_CAMERA_HOOK post_mirror desired_xy=(160.00,160.00) zoom=1.0000 world_main_xy=(160.00,160.00) zoom=1.0000 bridge_drift=0.0000
2026-05-23T04:28:06.399520Z  INFO stage5_live_todos: STAGE5_FIRE_HOOK fire_visual_producer_count=1 (expect 1 for FIRE-01)
2026-05-23T04:28:06.399967Z  INFO stall: STALL after_tile_storage_apply: 11.16ms
2026-05-23T04:28:06.400632Z  INFO stage5_live_todos: STAGE5_SPINE_HOOK policy_present=true graph_present=true fence_committed=true fence_fire_tick=22 world_frame_present=true overlay_rev=0 overlay_chunk_cells=0 atm_partial_dispatch=0 atm_gpu_tex_uploads=0 atm_full_field_fallback=false
2026-05-23T04:28:06.404416Z  INFO industrial_activation_todos: INDUSTRIAL_ACTIVATION_GREEN
2026-05-23T04:28:06.404463Z  INFO viewport_authority: VIEWPORT_AUTHORITY source=UiMeasured valid=true min=Vec2(0.0, 0.0) max=Vec2(1280.0, 720.0) w=1280.0 h=720.0
2026-05-23T04:28:06.404473Z  INFO viewport_authority::solver: VIEWPORT_SOLVER_TARGET node=SimMapFill valid=true rect.source=SimMapFill w=1280.0 h=720.0
2026-05-23T04:28:06.404476Z  INFO viewport_authority: VIEWPORT_AUTHORITY source=LayoutSolver valid=true min=Vec2(0.0, 0.0) max=Vec2(1280.0, 720.0) w=1280.0 h=720.0
2026-05-23T04:28:06.404479Z  INFO viewport_authority: VIEWPORT_AUTHORITY source=LayoutSolver valid=true min=Vec2(0.0, 0.0) max=Vec2(1280.0, 720.0) w=1280.0 h=720.0
2026-05-23T04:28:06.404482Z  INFO viewport_authority: VIEWPORT_AUTHORITY source=UiCommitted valid=true min=Vec2(0.0, 0.0) max=Vec2(1280.0, 720.0) w=1280.0 h=720.0
2026-05-23T04:28:06.404491Z  INFO viewport_authority: VIEWPORT_AUTHORITY source=CameraApplied valid=true min=Vec2(0.0, 0.0) max=Vec2(1280.0, 720.0) w=1280.0 h=720.0
2026-05-23T04:28:06.404504Z  INFO stage5_live_todos: STAGE5_READINESS_HOOK passes=true violations_first=(none) producer_count=1
2026-05-23T04:28:06.404511Z  INFO visual_aidv2_live_todos: VISUAL_AID_V2_BOARD done=3/6 footprint_ok=false readability=true icons=0
2026-05-23T04:28:06.404521Z  INFO stage5_readiness::truth: 
========== STAGE5_FULL_APP_TRUTH (post_update_invocation=22 sim_tick=22) ==========
FULL_APP_PROFILE_ACTIVE: true
stage5_readiness_passes: true
--- AppStage5ReadinessReport (hard gates) ---
vt4_ok: true  [src: evaluate_app_stage5_readiness / VtCiMatrixLiveReport OR VisualAgreementFrame]
vt5_ok: true  [src: evaluate_app_stage5_readiness / VtCiMatrixLiveReport]
single_fire_extract: true  [src: fire_visual_producer_count / REGISTERED_VISUAL_PRODUCERS]
gpu_field_authoritative: true  [src: P2H_GPU_PARTIAL_WRITES_AUTHORITATIVE]
preview_render_target_active: true  [src: preview_authoritative_surface]
phase_d_ok: true  [derived: !require_preview || preview_render_target_active]
overlay_from_shared_buffers_only: true  [src: SharedOverlayFieldBuffers resource exists]
particle_lod_scales: true  [src: GpuRepresentationMetrics vs RepresentationResult band]
phase_f_lod_proof_ok: true  [src: PhaseFLodProofReport]
instanced_dispatch_ok: true  [src: GpuIndirectDrawSpine vs WorldFireParticleDrawDispatch]
phase_f_ok: true  [derived: particle_lod_scales && phase_f_lod_proof_ok && instanced_dispatch_ok]
projection_domains (report): 3  [src: RenderProjectionGraph via evaluate_stage5_spine_checklist]
registered_producers: 2
duplicate_visual_scan_count: 0
--- violations (first = primary suspect) ---
first: (none)
all: []
--- input wiring (MISSING = UNKNOWNÔåÆoperator FAIL) ---
RepresentationResult: true
WorldRepresentationFrame: true
RenderProjectionGraph: true
CommittedVisualSnapshotFence: true
SharedOverlayFieldBuffers: true
GpuRepresentationMetrics: true
VisualAgreementFrame: true
VtCiMatrixLiveReport: true
AtmospherePartialWriteMetrics: true
PreviewCameraState: true
WorldPreviewGpuRuntime: true
PhaseFLodProofReport: true
GpuIndirectDrawSpine: true
WorldFireParticleDrawDispatch: true
FireSimulationSnapshot: true
MISSING_WIRING_FULL_APP: none
================================================================

2026-05-23T04:28:06.404589Z  INFO worldgen_chrome::egui: WORLD_GEN_EGUI_DRAW preview_window_open=true flow=Idle
2026-05-23T04:28:06.406144Z  INFO stage5_live_todos: STAGE5_GPU_HOOK indirect_instances=0 dispatch_count=0 draw_instances=0 (PHF-01 alignment)
2026-05-23T04:28:06.406286Z  INFO worldgen_chrome::trace: CHROME_STATE app=Res(State(WorldGen)) worldgen=Res(State(Generating)) base=Res(State(Editor)) flow=Res(State(Idle)) latch_dismissed=false world_gen_visible=true preview_window_open=true lifecycle=GeneratingWorld last_dismiss="never"
2026-05-23T04:28:06.406293Z  INFO visual_diag: VISUAL_DIAG window frame=21 periodic=false win_logical=(1280, 720) win_physical=(1280, 720) scale=1.0 app=1 base=1 flow=0 worldgen=2 readiness_profile=Stage5ReadinessProfile { require_vt4: true, require_vt5: true, require_preview: true, require_partial_metrics: true, require_world_frame: true, require_phase_f_proof: true, require_instanced_draw: true }
2026-05-23T04:28:06.406293Z  INFO sim_view_sync: SIM_VIEW_SYNC frame=21 win_logical=(1280, 720) win_physical=(1280, 720) sim_valid=true sim_adequate=true sim_min=Vec2(0.0, 0.0) sim_max=Vec2(1280.0, 720.0) measured_valid=true measured_wh=Vec2(1280.0, 720.0) committed_wh=Vec2(1280.0, 720.0) sim_wh=Vec2(1280.0, 720.0) settle_streak=4 layout_settled=true sim_held=true last_commit="hole_hold" frozen=true pending_wh=Vec2(1280.0, 720.0) cam_hole=true render_hole=true cam_invalid_streak=0 cam_valid_streak=20 cam_scissor=Some((0, 0, 1280, 720)) ortho_fixed_wh=(1280, 720) map_view_px=(1280, 720) raster_rev=7 resolved_rev=44 app=1 base=1 flow=0 worldgen=2 cmd_shell=false overlay_tray=false transmission=false rect_sanity_issues=0 left_stack_collapsed=true map_cam_scale=Vec3(1.0, 1.0, 1.0) minimap_visible=true
2026-05-23T04:28:06.406302Z  INFO visual_diag: VISUAL_DIAG sim_viewport frame=21 sim_valid=true sim_adequate=true sim_min=Vec2(0.0, 0.0) sim_max=Vec2(1280.0, 720.0) sim_wh=(1280, 720) measured_valid=true measured_wh=(1280, 720) committed_wh=(1280, 720) sim_held=true settle_streak=4 layout_settled=true frozen=true last_commit="hole_hold" pending_wh=(1280, 720) pending_min=Vec2(0.0, 0.0) pending_max=Vec2(1280.0, 720.0)
2026-05-23T04:28:06.406309Z  INFO visual_diag: VISUAL_DIAG camera frame=21 cam_desired_x=160.0 cam_desired_y=160.0 cam_zoom=1.0 latch_hole=true render_hole=true latch_invalid_streak=0 latch_valid_streak=20 cam_scissor=Some((0, 0, 1280, 720)) ortho_fixed_w=1280 ortho_fixed_h=720 map_view_px_w=1280 map_view_px_h=720 world_w=320 world_h=320
2026-05-23T04:28:06.406313Z  INFO visual_diag: VISUAL_DIAG resolved_viewports frame=21 resolved_rev=44 primary_valid=true primary_wh=(1280, 720) sim_resolved_valid=true sim_resolved_wh=(1280, 720) preview_valid=true preview_wh=(372, 362) minimap_valid=true minimap_wh=(397, 160) mismatch_preview=false mismatch_minimap=true mismatch_sim_map=false mismatch_stale_tex=false
2026-05-23T04:28:06.406316Z  INFO visual_diag: VISUAL_DIAG map_view_frames frame=21 world_preview_proj_rev=1554780161531 minimap_proj_rev=687200767777 sim_map_proj_rev=3092382454420
2026-05-23T04:28:06.406318Z  INFO visual_diag: VISUAL_DIAG map_presentation frame=21 wp_fit=Contain wp_viewport=UVec2(372, 362) wp_fit_scale=1.10595703125 wp_expected_fit_scale=1.10595703125 wp_zoom=1.0407500267028809 mm_fit=Cover mm_viewport=UVec2(397, 160) mm_fit_scale=1.2409179210662842
2026-05-23T04:28:06.406323Z  INFO visual_diag: VISUAL_DIAG render_spine frame=21 raster_rev=7 repr_band=0 repr_lod="LocalTactical" particle_rows_cap=262144 visual_intent="Strategic" visual_zoom_alpha=0.00700009148567915 fire_particle_rows=0 fire_particle_stamp=22 overlay_rev=0 overlay_chunk_cells=0 graph_fire_inst=0 graph_fire_heat=0 gpu_instance_rows=0 gpu_dispatch=0 gpu_draw=0
2026-05-23T04:28:06.406326Z  INFO visual_diag: VISUAL_DIAG perf frame=21 tile_raster_ms=2.212599992752075 tile_raster_ran=true world_repr_ms=0.004800000227987766 projection_graph_ms=0.00010000000474974513 domain_merge_ms=0.0 readiness_ms=0.016200000420212746 cpu_pre_egui_ms=0.0 cpu_egui_ms=0.0 cpu_post_egui_ms=0.0 gpu_gap_ms=0.0
2026-05-23T04:28:06.406329Z  INFO visual_diag: VISUAL_DIAG hud_shell frame=21 cmd_shell=false overlay_tray=false transmission=false
2026-05-23T04:28:06.406347Z  INFO perf: PERF wall=17.56 instr=2.23 gap=15.32 | cpu_pre_egui=15.68 cpu_egui=1.07 cpu_post_egui=0.81 gpu_gap=0.00 | spine=0.00 world_repr=0.00 graph=0.00 merge=0.00 atm=0.00 readiness=0.02 raster=2.21 | upd_attrib sum=1.47 pv_cpu=0.00 pv_gpu=0.00 fire=0.08 stream=1.07 map_fit=0.00 hud=0.10 wgen=0.22 | budget_sum=2.33 hud=0.10 overlay=0.00 raster_b=2.21 particles=0.00 residency=0.01 tex_reg=0.00 render_x=0.00 | stall first+preupd=0.03 update=0.01 post_dom=0.00 post_vt=0.00 postÔåÆready=0.00 ready=0.05 postÔåÆegui=4.49 egui=1.00 post_egui=0.76 | stall_hits=[after_tile_storage_apply:11.2]
2026-05-23T04:28:06.406357Z  INFO perf: PERF frame=17.6ms update=15.7ms egui=1.1ms preview=0.0ms streaming=1.1ms tile_apply=0.0ms viewport=0.0ms map_fit=0.0ms repr=0.0ms raster=2.2ms
2026-05-23T04:28:06.406360Z  INFO stall: STALL culprit=after_tile_storage_apply duration=11.2ms frame=17.6ms
2026-05-23T04:28:06.407169Z  INFO viewport_authority: VIEWPORT_AUTHORITY source=ResolvedViewport valid=true min=Vec2(0.0, 0.0) max=Vec2(1280.0, 720.0) w=1280.0 h=720.0
2026-05-23T04:28:06.408063Z  INFO construction_finish_todos: CONSTRUCTION_FINISH_COMPLETE done=8/8
2026-05-23T04:28:06.408074Z  INFO construction_round2_todos: CONSTRUCTION_ROUND2_COMPLETE done=15/15
2026-05-23T04:28:06.408077Z  INFO construction_round3_todos: CONSTRUCTION_ROUND3_COMPLETE done=27/27
2026-05-23T04:28:06.408080Z  INFO construction_operational_todos: CONSTRUCTION_OPERATIONAL_GREEN
2026-05-23T04:28:06.408291Z  INFO stage5_live_todos: STAGE5_MAP_CAMERA_HOOK post_mirror desired_xy=(160.00,160.00) zoom=1.0000 world_main_xy=(160.00,160.00) zoom=1.0000 bridge_drift=0.0000
2026-05-23T04:28:06.415748Z  INFO stage5_live_todos: STAGE5_FIRE_HOOK fire_visual_producer_count=1 (expect 1 for FIRE-01)
2026-05-23T04:28:06.416197Z  INFO stall: STALL after_tile_storage_apply: 9.21ms
2026-05-23T04:28:06.416863Z  INFO stage5_live_todos: STAGE5_SPINE_HOOK policy_present=true graph_present=true fence_committed=true fence_fire_tick=23 world_frame_present=true overlay_rev=0 overlay_chunk_cells=0 atm_partial_dispatch=0 atm_gpu_tex_uploads=0 atm_full_field_fallback=false
2026-05-23T04:28:06.420629Z  INFO industrial_activation_todos: INDUSTRIAL_ACTIVATION_GREEN
2026-05-23T04:28:06.420683Z  INFO viewport_authority: VIEWPORT_AUTHORITY source=UiMeasured valid=true min=Vec2(0.0, 0.0) max=Vec2(1280.0, 720.0) w=1280.0 h=720.0
2026-05-23T04:28:06.420692Z  INFO viewport_authority::solver: VIEWPORT_SOLVER_TARGET node=SimMapFill valid=true rect.source=SimMapFill w=1280.0 h=720.0
2026-05-23T04:28:06.420695Z  INFO viewport_authority: VIEWPORT_AUTHORITY source=LayoutSolver valid=true min=Vec2(0.0, 0.0) max=Vec2(1280.0, 720.0) w=1280.0 h=720.0
2026-05-23T04:28:06.420698Z  INFO viewport_authority: VIEWPORT_AUTHORITY source=LayoutSolver valid=true min=Vec2(0.0, 0.0) max=Vec2(1280.0, 720.0) w=1280.0 h=720.0
2026-05-23T04:28:06.420701Z  INFO viewport_authority: VIEWPORT_AUTHORITY source=UiCommitted valid=true min=Vec2(0.0, 0.0) max=Vec2(1280.0, 720.0) w=1280.0 h=720.0
2026-05-23T04:28:06.420710Z  INFO viewport_authority: VIEWPORT_AUTHORITY source=CameraApplied valid=true min=Vec2(0.0, 0.0) max=Vec2(1280.0, 720.0) w=1280.0 h=720.0
2026-05-23T04:28:06.420726Z  INFO stage5_live_todos: STAGE5_READINESS_HOOK passes=true violations_first=(none) producer_count=1
2026-05-23T04:28:06.420732Z  INFO visual_aidv2_live_todos: VISUAL_AID_V2_BOARD done=3/6 footprint_ok=false readability=true icons=0
2026-05-23T04:28:06.420742Z  INFO stage5_readiness::truth: 
========== STAGE5_FULL_APP_TRUTH (post_update_invocation=23 sim_tick=23) ==========
FULL_APP_PROFILE_ACTIVE: true
stage5_readiness_passes: true
--- AppStage5ReadinessReport (hard gates) ---
vt4_ok: true  [src: evaluate_app_stage5_readiness / VtCiMatrixLiveReport OR VisualAgreementFrame]
vt5_ok: true  [src: evaluate_app_stage5_readiness / VtCiMatrixLiveReport]
single_fire_extract: true  [src: fire_visual_producer_count / REGISTERED_VISUAL_PRODUCERS]
gpu_field_authoritative: true  [src: P2H_GPU_PARTIAL_WRITES_AUTHORITATIVE]
preview_render_target_active: true  [src: preview_authoritative_surface]
phase_d_ok: true  [derived: !require_preview || preview_render_target_active]
overlay_from_shared_buffers_only: true  [src: SharedOverlayFieldBuffers resource exists]
particle_lod_scales: true  [src: GpuRepresentationMetrics vs RepresentationResult band]
phase_f_lod_proof_ok: true  [src: PhaseFLodProofReport]
instanced_dispatch_ok: true  [src: GpuIndirectDrawSpine vs WorldFireParticleDrawDispatch]
phase_f_ok: true  [derived: particle_lod_scales && phase_f_lod_proof_ok && instanced_dispatch_ok]
projection_domains (report): 3  [src: RenderProjectionGraph via evaluate_stage5_spine_checklist]
registered_producers: 2
duplicate_visual_scan_count: 0
--- violations (first = primary suspect) ---
first: (none)
all: []
--- input wiring (MISSING = UNKNOWNÔåÆoperator FAIL) ---
RepresentationResult: true
WorldRepresentationFrame: true
RenderProjectionGraph: true
CommittedVisualSnapshotFence: true
SharedOverlayFieldBuffers: true
GpuRepresentationMetrics: true
VisualAgreementFrame: true
VtCiMatrixLiveReport: true
AtmospherePartialWriteMetrics: true
PreviewCameraState: true
WorldPreviewGpuRuntime: true
PhaseFLodProofReport: true
GpuIndirectDrawSpine: true
WorldFireParticleDrawDispatch: true
FireSimulationSnapshot: true
MISSING_WIRING_FULL_APP: none
================================================================

2026-05-23T04:28:06.420814Z  INFO worldgen_chrome::egui: WORLD_GEN_EGUI_DRAW preview_window_open=true flow=NewWorldSetup
2026-05-23T04:28:06.422344Z  INFO stage5_live_todos: STAGE5_GPU_HOOK indirect_instances=0 dispatch_count=0 draw_instances=0 (PHF-01 alignment)
2026-05-23T04:28:06.422470Z  INFO worldgen_chrome::trace: CHROME_STATE app=Res(State(WorldGen)) worldgen=Res(State(Idle)) base=Res(State(Editor)) flow=Res(State(NewWorldSetup)) latch_dismissed=false world_gen_visible=true preview_window_open=true lifecycle=GeneratingWorld last_dismiss="never"
2026-05-23T04:28:06.422476Z  INFO visual_diag: VISUAL_DIAG window frame=22 periodic=false win_logical=(1280, 720) win_physical=(1280, 720) scale=1.0 app=1 base=1 flow=1 worldgen=0 readiness_profile=Stage5ReadinessProfile { require_vt4: true, require_vt5: true, require_preview: true, require_partial_metrics: true, require_world_frame: true, require_phase_f_proof: true, require_instanced_draw: true }
2026-05-23T04:28:06.422477Z  INFO sim_view_sync: SIM_VIEW_SYNC frame=22 win_logical=(1280, 720) win_physical=(1280, 720) sim_valid=true sim_adequate=true sim_min=Vec2(0.0, 0.0) sim_max=Vec2(1280.0, 720.0) measured_valid=true measured_wh=Vec2(1280.0, 720.0) committed_wh=Vec2(1280.0, 720.0) sim_wh=Vec2(1280.0, 720.0) settle_streak=4 layout_settled=true sim_held=true last_commit="hole_hold" frozen=true pending_wh=Vec2(1280.0, 720.0) cam_hole=true render_hole=true cam_invalid_streak=0 cam_valid_streak=21 cam_scissor=Some((0, 0, 1280, 720)) ortho_fixed_wh=(1280, 720) map_view_px=(1280, 720) raster_rev=8 resolved_rev=46 app=1 base=1 flow=1 worldgen=0 cmd_shell=false overlay_tray=false transmission=false rect_sanity_issues=0 left_stack_collapsed=true map_cam_scale=Vec3(1.0, 1.0, 1.0) minimap_visible=true
2026-05-23T04:28:06.422485Z  INFO visual_diag: VISUAL_DIAG sim_viewport frame=22 sim_valid=true sim_adequate=true sim_min=Vec2(0.0, 0.0) sim_max=Vec2(1280.0, 720.0) sim_wh=(1280, 720) measured_valid=true measured_wh=(1280, 720) committed_wh=(1280, 720) sim_held=true settle_streak=4 layout_settled=true frozen=true last_commit="hole_hold" pending_wh=(1280, 720) pending_min=Vec2(0.0, 0.0) pending_max=Vec2(1280.0, 720.0)
2026-05-23T04:28:06.422493Z  INFO visual_diag: VISUAL_DIAG camera frame=22 cam_desired_x=160.0 cam_desired_y=160.0 cam_zoom=1.0 latch_hole=true render_hole=true latch_invalid_streak=0 latch_valid_streak=21 cam_scissor=Some((0, 0, 1280, 720)) ortho_fixed_w=1280 ortho_fixed_h=720 map_view_px_w=1280 map_view_px_h=720 world_w=320 world_h=320
2026-05-23T04:28:06.422499Z  INFO visual_diag: VISUAL_DIAG resolved_viewports frame=22 resolved_rev=46 primary_valid=true primary_wh=(1280, 720) sim_resolved_valid=true sim_resolved_wh=(1280, 720) preview_valid=true preview_wh=(372, 362) minimap_valid=true minimap_wh=(397, 160) mismatch_preview=false mismatch_minimap=false mismatch_sim_map=false mismatch_stale_tex=false
2026-05-23T04:28:06.422502Z  INFO visual_diag: VISUAL_DIAG map_view_frames frame=22 world_preview_proj_rev=1554780161531 minimap_proj_rev=687201767780 sim_map_proj_rev=3092383454423
2026-05-23T04:28:06.422505Z  INFO visual_diag: VISUAL_DIAG map_presentation frame=22 wp_fit=Contain wp_viewport=UVec2(372, 362) wp_fit_scale=1.10595703125 wp_expected_fit_scale=1.10595703125 wp_zoom=1.0407500267028809 mm_fit=Cover mm_viewport=UVec2(397, 160) mm_fit_scale=1.2409179210662842
2026-05-23T04:28:06.422510Z  INFO visual_diag: VISUAL_DIAG render_spine frame=22 raster_rev=8 repr_band=0 repr_lod="LocalTactical" particle_rows_cap=262144 visual_intent="Strategic" visual_zoom_alpha=0.00700009148567915 fire_particle_rows=0 fire_particle_stamp=23 overlay_rev=0 overlay_chunk_cells=0 graph_fire_inst=0 graph_fire_heat=0 gpu_instance_rows=0 gpu_dispatch=0 gpu_draw=0
2026-05-23T04:28:06.422513Z  INFO visual_diag: VISUAL_DIAG perf frame=22 tile_raster_ms=2.2857000827789307 tile_raster_ran=true world_repr_ms=0.004399999976158142 projection_graph_ms=0.00010000000474974513 domain_merge_ms=0.0 readiness_ms=0.01680000126361847 cpu_pre_egui_ms=0.0 cpu_egui_ms=0.0 cpu_post_egui_ms=0.0 gpu_gap_ms=0.0
2026-05-23T04:28:06.422517Z  INFO visual_diag: VISUAL_DIAG hud_shell frame=22 cmd_shell=false overlay_tray=false transmission=false
2026-05-23T04:28:06.422532Z  INFO perf: PERF wall=15.57 instr=2.31 gap=13.27 | cpu_pre_egui=13.73 cpu_egui=1.06 cpu_post_egui=0.79 gpu_gap=0.00 | spine=0.00 world_repr=0.00 graph=0.00 merge=0.00 atm=0.00 readiness=0.02 raster=2.29 | upd_attrib sum=1.48 pv_cpu=0.00 pv_gpu=0.00 fire=0.09 stream=1.08 map_fit=0.00 hud=0.09 wgen=0.23 | budget_sum=2.39 hud=0.09 overlay=0.00 raster_b=2.29 particles=0.00 residency=0.01 tex_reg=0.00 render_x=0.00 | stall first+preupd=0.03 update=0.01 post_dom=0.00 post_vt=0.00 postÔåÆready=0.00 ready=0.05 postÔåÆegui=4.48 egui=0.99 post_egui=0.73 | stall_hits=[after_tile_storage_apply:9.2]
2026-05-23T04:28:06.422542Z  INFO perf: PERF frame=15.6ms update=13.7ms egui=1.1ms preview=0.0ms streaming=1.1ms tile_apply=0.0ms viewport=0.0ms map_fit=0.0ms repr=0.0ms raster=2.3ms
2026-05-23T04:28:06.422546Z  INFO stall: STALL culprit=after_tile_storage_apply duration=9.2ms frame=15.6ms
2026-05-23T04:28:06.423429Z  INFO viewport_authority: VIEWPORT_AUTHORITY source=ResolvedViewport valid=true min=Vec2(0.0, 0.0) max=Vec2(1280.0, 720.0) w=1280.0 h=720.0
2026-05-23T04:28:06.424463Z  INFO construction_finish_todos: CONSTRUCTION_FINISH_COMPLETE done=8/8
2026-05-23T04:28:06.424473Z  INFO construction_round2_todos: CONSTRUCTION_ROUND2_COMPLETE done=15/15
2026-05-23T04:28:06.424476Z  INFO construction_round3_todos: CONSTRUCTION_ROUND3_COMPLETE done=27/27
2026-05-23T04:28:06.424480Z  INFO construction_operational_todos: CONSTRUCTION_OPERATIONAL_GREEN
2026-05-23T04:28:06.424792Z  INFO stage5_live_todos: STAGE5_MAP_CAMERA_HOOK post_mirror desired_xy=(160.00,160.00) zoom=1.0000 world_main_xy=(160.00,160.00) zoom=1.0000 bridge_drift=0.0000
2026-05-23T04:28:06.431999Z  INFO stage5_live_todos: STAGE5_FIRE_HOOK fire_visual_producer_count=1 (expect 1 for FIRE-01)
2026-05-23T04:28:06.432449Z  INFO stall: STALL after_tile_storage_apply: 9.18ms
2026-05-23T04:28:06.433230Z  INFO stage5_live_todos: STAGE5_SPINE_HOOK policy_present=true graph_present=true fence_committed=true fence_fire_tick=24 world_frame_present=true overlay_rev=0 overlay_chunk_cells=0 atm_partial_dispatch=0 atm_gpu_tex_uploads=0 atm_full_field_fallback=false
2026-05-23T04:28:06.437355Z  INFO industrial_activation_todos: INDUSTRIAL_ACTIVATION_GREEN
2026-05-23T04:28:06.437406Z  INFO viewport_authority: VIEWPORT_AUTHORITY source=UiMeasured valid=true min=Vec2(0.0, 0.0) max=Vec2(1280.0, 720.0) w=1280.0 h=720.0
2026-05-23T04:28:06.437415Z  INFO viewport_authority::solver: VIEWPORT_SOLVER_TARGET node=SimMapFill valid=true rect.source=SimMapFill w=1280.0 h=720.0
2026-05-23T04:28:06.437418Z  INFO viewport_authority: VIEWPORT_AUTHORITY source=LayoutSolver valid=true min=Vec2(0.0, 0.0) max=Vec2(1280.0, 720.0) w=1280.0 h=720.0
2026-05-23T04:28:06.437421Z  INFO viewport_authority: VIEWPORT_AUTHORITY source=LayoutSolver valid=true min=Vec2(0.0, 0.0) max=Vec2(1280.0, 720.0) w=1280.0 h=720.0
2026-05-23T04:28:06.437424Z  INFO viewport_authority: VIEWPORT_AUTHORITY source=UiCommitted valid=true min=Vec2(0.0, 0.0) max=Vec2(1280.0, 720.0) w=1280.0 h=720.0
2026-05-23T04:28:06.437434Z  INFO viewport_authority: VIEWPORT_AUTHORITY source=CameraApplied valid=true min=Vec2(0.0, 0.0) max=Vec2(1280.0, 720.0) w=1280.0 h=720.0
2026-05-23T04:28:06.437454Z  INFO stage5_live_todos: STAGE5_READINESS_HOOK passes=true violations_first=(none) producer_count=1
2026-05-23T04:28:06.437463Z  INFO visual_aidv2_live_todos: VISUAL_AID_V2_BOARD done=3/6 footprint_ok=false readability=true icons=0
2026-05-23T04:28:06.437473Z  INFO stage5_readiness::truth: 
========== STAGE5_FULL_APP_TRUTH (post_update_invocation=24 sim_tick=24) ==========
FULL_APP_PROFILE_ACTIVE: true
stage5_readiness_passes: true
--- AppStage5ReadinessReport (hard gates) ---
vt4_ok: true  [src: evaluate_app_stage5_readiness / VtCiMatrixLiveReport OR VisualAgreementFrame]
vt5_ok: true  [src: evaluate_app_stage5_readiness / VtCiMatrixLiveReport]
single_fire_extract: true  [src: fire_visual_producer_count / REGISTERED_VISUAL_PRODUCERS]
gpu_field_authoritative: true  [src: P2H_GPU_PARTIAL_WRITES_AUTHORITATIVE]
preview_render_target_active: true  [src: preview_authoritative_surface]
phase_d_ok: true  [derived: !require_preview || preview_render_target_active]
overlay_from_shared_buffers_only: true  [src: SharedOverlayFieldBuffers resource exists]
particle_lod_scales: true  [src: GpuRepresentationMetrics vs RepresentationResult band]
phase_f_lod_proof_ok: true  [src: PhaseFLodProofReport]
instanced_dispatch_ok: true  [src: GpuIndirectDrawSpine vs WorldFireParticleDrawDispatch]
phase_f_ok: true  [derived: particle_lod_scales && phase_f_lod_proof_ok && instanced_dispatch_ok]
projection_domains (report): 3  [src: RenderProjectionGraph via evaluate_stage5_spine_checklist]
registered_producers: 2
duplicate_visual_scan_count: 0
--- violations (first = primary suspect) ---
first: (none)
all: []
--- input wiring (MISSING = UNKNOWNÔåÆoperator FAIL) ---
RepresentationResult: true
WorldRepresentationFrame: true
RenderProjectionGraph: true
CommittedVisualSnapshotFence: true
SharedOverlayFieldBuffers: true
GpuRepresentationMetrics: true
VisualAgreementFrame: true
VtCiMatrixLiveReport: true
AtmospherePartialWriteMetrics: true
PreviewCameraState: true
WorldPreviewGpuRuntime: true
PhaseFLodProofReport: true
GpuIndirectDrawSpine: true
WorldFireParticleDrawDispatch: true
FireSimulationSnapshot: true
MISSING_WIRING_FULL_APP: none
================================================================

2026-05-23T04:28:06.437528Z  INFO worldgen_chrome::egui: WORLD_GEN_EGUI_DRAW preview_window_open=true flow=Idle
2026-05-23T04:28:06.439038Z  INFO stage5_live_todos: STAGE5_GPU_HOOK indirect_instances=0 dispatch_count=0 draw_instances=0 (PHF-01 alignment)
2026-05-23T04:28:06.439281Z  INFO visual_diag: VISUAL_DIAG window frame=23 periodic=false win_logical=(1280, 720) win_physical=(1280, 720) scale=1.0 app=1 base=1 flow=0 worldgen=2 readiness_profile=Stage5ReadinessProfile { require_vt4: true, require_vt5: true, require_preview: true, require_partial_metrics: true, require_world_frame: true, require_phase_f_proof: true, require_instanced_draw: true }
2026-05-23T04:28:06.439283Z  INFO worldgen_chrome::trace: CHROME_STATE app=Res(State(WorldGen)) worldgen=Res(State(Generating)) base=Res(State(Editor)) flow=Res(State(Idle)) latch_dismissed=false world_gen_visible=true preview_window_open=true lifecycle=GeneratingWorld last_dismiss="never"
2026-05-23T04:28:06.439289Z  INFO visual_diag: VISUAL_DIAG sim_viewport frame=23 sim_valid=true sim_adequate=true sim_min=Vec2(0.0, 0.0) sim_max=Vec2(1280.0, 720.0) sim_wh=(1280, 720) measured_valid=true measured_wh=(1280, 720) committed_wh=(1280, 720) sim_held=true settle_streak=4 layout_settled=true frozen=true last_commit="hole_hold" pending_wh=(1280, 720) pending_min=Vec2(0.0, 0.0) pending_max=Vec2(1280.0, 720.0)
2026-05-23T04:28:06.439288Z  INFO sim_view_sync: SIM_VIEW_SYNC frame=23 win_logical=(1280, 720) win_physical=(1280, 720) sim_valid=true sim_adequate=true sim_min=Vec2(0.0, 0.0) sim_max=Vec2(1280.0, 720.0) measured_valid=true measured_wh=Vec2(1280.0, 720.0) committed_wh=Vec2(1280.0, 720.0) sim_wh=Vec2(1280.0, 720.0) settle_streak=4 layout_settled=true sim_held=true last_commit="hole_hold" frozen=true pending_wh=Vec2(1280.0, 720.0) cam_hole=true render_hole=true cam_invalid_streak=0 cam_valid_streak=22 cam_scissor=Some((0, 0, 1280, 720)) ortho_fixed_wh=(1280, 720) map_view_px=(1280, 720) raster_rev=9 resolved_rev=48 app=1 base=1 flow=0 worldgen=2 cmd_shell=false overlay_tray=false transmission=false rect_sanity_issues=0 left_stack_collapsed=true map_cam_scale=Vec3(1.0, 1.0, 1.0) minimap_visible=true
2026-05-23T04:28:06.439297Z  INFO visual_diag: VISUAL_DIAG camera frame=23 cam_desired_x=160.0 cam_desired_y=160.0 cam_zoom=1.0 latch_hole=true render_hole=true latch_invalid_streak=0 latch_valid_streak=22 cam_scissor=Some((0, 0, 1280, 720)) ortho_fixed_w=1280 ortho_fixed_h=720 map_view_px_w=1280 map_view_px_h=720 world_w=320 world_h=320
2026-05-23T04:28:06.439308Z  INFO visual_diag: VISUAL_DIAG resolved_viewports frame=23 resolved_rev=48 primary_valid=true primary_wh=(1280, 720) sim_resolved_valid=true sim_resolved_wh=(1280, 720) preview_valid=true preview_wh=(372, 362) minimap_valid=true minimap_wh=(397, 160) mismatch_preview=false mismatch_minimap=false mismatch_sim_map=false mismatch_stale_tex=false
2026-05-23T04:28:06.439312Z  INFO visual_diag: VISUAL_DIAG map_view_frames frame=23 world_preview_proj_rev=1554780161531 minimap_proj_rev=687202767783 sim_map_proj_rev=3092384454426
2026-05-23T04:28:06.439314Z  INFO visual_diag: VISUAL_DIAG map_presentation frame=23 wp_fit=Contain wp_viewport=UVec2(372, 362) wp_fit_scale=1.10595703125 wp_expected_fit_scale=1.10595703125 wp_zoom=1.0407500267028809 mm_fit=Cover mm_viewport=UVec2(397, 160) mm_fit_scale=1.2409179210662842
2026-05-23T04:28:06.439319Z  INFO visual_diag: VISUAL_DIAG render_spine frame=23 raster_rev=9 repr_band=0 repr_lod="LocalTactical" particle_rows_cap=262144 visual_intent="Strategic" visual_zoom_alpha=0.00700009148567915 fire_particle_rows=0 fire_particle_stamp=24 overlay_rev=0 overlay_chunk_cells=0 graph_fire_inst=0 graph_fire_heat=0 gpu_instance_rows=0 gpu_dispatch=0 gpu_draw=0
2026-05-23T04:28:06.439322Z  INFO visual_diag: VISUAL_DIAG perf frame=23 tile_raster_ms=2.737299919128418 tile_raster_ran=true world_repr_ms=0.004600000102072954 projection_graph_ms=0.00010000000474974513 domain_merge_ms=0.00010000000474974513 readiness_ms=0.019700000062584877 cpu_pre_egui_ms=0.0 cpu_egui_ms=0.0 cpu_post_egui_ms=0.0 gpu_gap_ms=0.0
2026-05-23T04:28:06.439342Z  INFO visual_diag: VISUAL_DIAG hud_shell frame=23 cmd_shell=false overlay_tray=false transmission=false
2026-05-23T04:28:06.439357Z  INFO perf: PERF wall=16.11 instr=2.76 gap=13.35 | cpu_pre_egui=14.20 cpu_egui=0.99 cpu_post_egui=0.92 gpu_gap=0.00 | spine=0.00 world_repr=0.00 graph=0.00 merge=0.00 atm=0.00 readiness=0.02 raster=2.74 | upd_attrib sum=2.63 pv_cpu=0.00 pv_gpu=0.00 fire=1.27 stream=1.05 map_fit=0.00 hud=0.09 wgen=0.21 | budget_sum=2.84 hud=0.09 overlay=0.00 raster_b=2.74 particles=0.00 residency=0.01 tex_reg=0.00 render_x=0.00 | stall first+preupd=0.03 update=0.00 post_dom=0.00 post_vt=0.01 postÔåÆready=0.00 ready=0.06 postÔåÆegui=4.95 egui=0.95 post_egui=0.85 | stall_hits=[after_tile_storage_apply:9.2]
2026-05-23T04:28:06.439363Z  INFO perf: PERF frame=16.1ms update=14.2ms egui=1.0ms preview=0.0ms streaming=1.0ms tile_apply=0.0ms viewport=0.0ms map_fit=0.0ms repr=0.0ms raster=2.7ms
2026-05-23T04:28:06.439366Z  INFO stall: STALL culprit=after_tile_storage_apply duration=9.2ms frame=16.1ms
2026-05-23T04:28:06.446750Z  INFO viewport_authority: VIEWPORT_AUTHORITY source=ResolvedViewport valid=true min=Vec2(0.0, 0.0) max=Vec2(1280.0, 720.0) w=1280.0 h=720.0
2026-05-23T04:28:06.449150Z  INFO construction_finish_todos: CONSTRUCTION_FINISH_COMPLETE done=8/8
2026-05-23T04:28:06.449159Z  INFO construction_round2_todos: CONSTRUCTION_ROUND2_COMPLETE done=15/15
2026-05-23T04:28:06.449163Z  INFO construction_round3_todos: CONSTRUCTION_ROUND3_COMPLETE done=27/27
2026-05-23T04:28:06.449169Z  INFO construction_operational_todos: CONSTRUCTION_OPERATIONAL_GREEN
2026-05-23T04:28:06.449206Z  INFO stage5_live_todos: STAGE5_MAP_CAMERA_HOOK post_mirror desired_xy=(160.00,160.00) zoom=1.0000 world_main_xy=(160.00,160.00) zoom=1.0000 bridge_drift=0.0000
2026-05-23T04:28:06.459796Z  INFO stage5_live_todos: STAGE5_FIRE_HOOK fire_visual_producer_count=1 (expect 1 for FIRE-01)
2026-05-23T04:28:06.460264Z  INFO stall: STALL after_tile_storage_apply: 20.29ms
2026-05-23T04:28:06.460924Z  INFO stage5_live_todos: STAGE5_SPINE_HOOK policy_present=true graph_present=true fence_committed=true fence_fire_tick=25 world_frame_present=true overlay_rev=0 overlay_chunk_cells=0 atm_partial_dispatch=0 atm_gpu_tex_uploads=0 atm_full_field_fallback=false
2026-05-23T04:28:06.465632Z  INFO industrial_activation_todos: INDUSTRIAL_ACTIVATION_GREEN
2026-05-23T04:28:06.465682Z  INFO stall: STALL pre_egui: 5.42ms
2026-05-23T04:28:06.465691Z  INFO viewport_authority: VIEWPORT_AUTHORITY source=UiMeasured valid=true min=Vec2(0.0, 0.0) max=Vec2(1280.0, 720.0) w=1280.0 h=720.0
2026-05-23T04:28:06.465699Z  INFO viewport_authority::solver: VIEWPORT_SOLVER_TARGET node=SimMapFill valid=true rect.source=SimMapFill w=1280.0 h=720.0
2026-05-23T04:28:06.465702Z  INFO viewport_authority: VIEWPORT_AUTHORITY source=LayoutSolver valid=true min=Vec2(0.0, 0.0) max=Vec2(1280.0, 720.0) w=1280.0 h=720.0
2026-05-23T04:28:06.465705Z  INFO viewport_authority: VIEWPORT_AUTHORITY source=LayoutSolver valid=true min=Vec2(0.0, 0.0) max=Vec2(1280.0, 720.0) w=1280.0 h=720.0
2026-05-23T04:28:06.465708Z  INFO viewport_authority: VIEWPORT_AUTHORITY source=UiCommitted valid=true min=Vec2(0.0, 0.0) max=Vec2(1280.0, 720.0) w=1280.0 h=720.0
2026-05-23T04:28:06.465719Z  INFO viewport_authority: VIEWPORT_AUTHORITY source=CameraApplied valid=true min=Vec2(0.0, 0.0) max=Vec2(1280.0, 720.0) w=1280.0 h=720.0
2026-05-23T04:28:06.465745Z  INFO stage5_live_todos: STAGE5_READINESS_HOOK passes=true violations_first=(none) producer_count=1
2026-05-23T04:28:06.465753Z  INFO visual_aidv2_live_todos: VISUAL_AID_V2_BOARD done=3/6 footprint_ok=false readability=true icons=0
2026-05-23T04:28:06.465764Z  INFO stage5_readiness::truth: 
========== STAGE5_FULL_APP_TRUTH (post_update_invocation=25 sim_tick=25) ==========
FULL_APP_PROFILE_ACTIVE: true
stage5_readiness_passes: true
--- AppStage5ReadinessReport (hard gates) ---
vt4_ok: true  [src: evaluate_app_stage5_readiness / VtCiMatrixLiveReport OR VisualAgreementFrame]
vt5_ok: true  [src: evaluate_app_stage5_readiness / VtCiMatrixLiveReport]
single_fire_extract: true  [src: fire_visual_producer_count / REGISTERED_VISUAL_PRODUCERS]
gpu_field_authoritative: true  [src: P2H_GPU_PARTIAL_WRITES_AUTHORITATIVE]
preview_render_target_active: true  [src: preview_authoritative_surface]
phase_d_ok: true  [derived: !require_preview || preview_render_target_active]
overlay_from_shared_buffers_only: true  [src: SharedOverlayFieldBuffers resource exists]
particle_lod_scales: true  [src: GpuRepresentationMetrics vs RepresentationResult band]
phase_f_lod_proof_ok: true  [src: PhaseFLodProofReport]
instanced_dispatch_ok: true  [src: GpuIndirectDrawSpine vs WorldFireParticleDrawDispatch]
phase_f_ok: true  [derived: particle_lod_scales && phase_f_lod_proof_ok && instanced_dispatch_ok]
projection_domains (report): 3  [src: RenderProjectionGraph via evaluate_stage5_spine_checklist]
registered_producers: 2
duplicate_visual_scan_count: 0
--- violations (first = primary suspect) ---
first: (none)
all: []
--- input wiring (MISSING = UNKNOWNÔåÆoperator FAIL) ---
RepresentationResult: true
WorldRepresentationFrame: true
RenderProjectionGraph: true
CommittedVisualSnapshotFence: true
SharedOverlayFieldBuffers: true
GpuRepresentationMetrics: true
VisualAgreementFrame: true
VtCiMatrixLiveReport: true
AtmospherePartialWriteMetrics: true
PreviewCameraState: true
WorldPreviewGpuRuntime: true
PhaseFLodProofReport: true
GpuIndirectDrawSpine: true
WorldFireParticleDrawDispatch: true
FireSimulationSnapshot: true
MISSING_WIRING_FULL_APP: none
================================================================

2026-05-23T04:28:06.465836Z  INFO worldgen_chrome::egui: WORLD_GEN_EGUI_DRAW preview_window_open=true flow=NewWorldSetup
2026-05-23T04:28:06.467622Z  INFO stage5_live_todos: STAGE5_GPU_HOOK indirect_instances=0 dispatch_count=0 draw_instances=0 (PHF-01 alignment)
2026-05-23T04:28:06.467778Z  INFO visual_diag: VISUAL_DIAG window frame=24 periodic=false win_logical=(1280, 720) win_physical=(1280, 720) scale=1.0 app=1 base=1 flow=1 worldgen=0 readiness_profile=Stage5ReadinessProfile { require_vt4: true, require_vt5: true, require_preview: true, require_partial_metrics: true, require_world_frame: true, require_phase_f_proof: true, require_instanced_draw: true }
2026-05-23T04:28:06.467779Z  INFO worldgen_chrome::trace: CHROME_STATE app=Res(State(WorldGen)) worldgen=Res(State(Idle)) base=Res(State(Editor)) flow=Res(State(NewWorldSetup)) latch_dismissed=false world_gen_visible=true preview_window_open=true lifecycle=GeneratingWorld last_dismiss="never"
2026-05-23T04:28:06.467789Z  INFO visual_diag: VISUAL_DIAG sim_viewport frame=24 sim_valid=true sim_adequate=true sim_min=Vec2(0.0, 0.0) sim_max=Vec2(1280.0, 720.0) sim_wh=(1280, 720) measured_valid=true measured_wh=(1280, 720) committed_wh=(1280, 720) sim_held=true settle_streak=4 layout_settled=true frozen=true last_commit="hole_hold" pending_wh=(1280, 720) pending_min=Vec2(0.0, 0.0) pending_max=Vec2(1280.0, 720.0)
2026-05-23T04:28:06.467785Z  INFO sim_view_sync: SIM_VIEW_SYNC frame=24 win_logical=(1280, 720) win_physical=(1280, 720) sim_valid=true sim_adequate=true sim_min=Vec2(0.0, 0.0) sim_max=Vec2(1280.0, 720.0) measured_valid=true measured_wh=Vec2(1280.0, 720.0) committed_wh=Vec2(1280.0, 720.0) sim_wh=Vec2(1280.0, 720.0) settle_streak=4 layout_settled=true sim_held=true last_commit="hole_hold" frozen=true pending_wh=Vec2(1280.0, 720.0) cam_hole=true render_hole=true cam_invalid_streak=0 cam_valid_streak=23 cam_scissor=Some((0, 0, 1280, 720)) ortho_fixed_wh=(1280, 720) map_view_px=(1280, 720) raster_rev=10 resolved_rev=50 app=1 base=1 flow=1 worldgen=0 cmd_shell=false overlay_tray=false transmission=false rect_sanity_issues=0 left_stack_collapsed=true map_cam_scale=Vec3(1.0, 1.0, 1.0) minimap_visible=true
2026-05-23T04:28:06.467797Z  INFO visual_diag: VISUAL_DIAG camera frame=24 cam_desired_x=160.0 cam_desired_y=160.0 cam_zoom=1.0 latch_hole=true render_hole=true latch_invalid_streak=0 latch_valid_streak=23 cam_scissor=Some((0, 0, 1280, 720)) ortho_fixed_w=1280 ortho_fixed_h=720 map_view_px_w=1280 map_view_px_h=720 world_w=320 world_h=320
2026-05-23T04:28:06.467812Z  INFO visual_diag: VISUAL_DIAG resolved_viewports frame=24 resolved_rev=50 primary_valid=true primary_wh=(1280, 720) sim_resolved_valid=true sim_resolved_wh=(1280, 720) preview_valid=true preview_wh=(372, 362) minimap_valid=true minimap_wh=(397, 160) mismatch_preview=false mismatch_minimap=false mismatch_sim_map=false mismatch_stale_tex=false
2026-05-23T04:28:06.467818Z  INFO visual_diag: VISUAL_DIAG map_view_frames frame=24 world_preview_proj_rev=1554780161531 minimap_proj_rev=687203767786 sim_map_proj_rev=3092385454429
2026-05-23T04:28:06.467821Z  INFO visual_diag: VISUAL_DIAG map_presentation frame=24 wp_fit=Contain wp_viewport=UVec2(372, 362) wp_fit_scale=1.10595703125 wp_expected_fit_scale=1.10595703125 wp_zoom=1.0407500267028809 mm_fit=Cover mm_viewport=UVec2(397, 160) mm_fit_scale=1.2409179210662842
2026-05-23T04:28:06.467826Z  INFO visual_diag: VISUAL_DIAG render_spine frame=24 raster_rev=10 repr_band=0 repr_lod="LocalTactical" particle_rows_cap=262144 visual_intent="Strategic" visual_zoom_alpha=0.00700009148567915 fire_particle_rows=0 fire_particle_stamp=25 overlay_rev=0 overlay_chunk_cells=0 graph_fire_inst=0 graph_fire_heat=0 gpu_instance_rows=0 gpu_dispatch=0 gpu_draw=0
2026-05-23T04:28:06.467830Z  INFO visual_diag: VISUAL_DIAG perf frame=24 tile_raster_ms=3.294100046157837 tile_raster_ran=true world_repr_ms=0.004900000058114529 projection_graph_ms=0.0003000000142492354 domain_merge_ms=0.00010000000474974513 readiness_ms=0.020800000056624413 cpu_pre_egui_ms=0.0 cpu_egui_ms=0.0 cpu_post_egui_ms=0.0 gpu_gap_ms=0.0
2026-05-23T04:28:06.467833Z  INFO visual_diag: VISUAL_DIAG hud_shell frame=24 cmd_shell=false overlay_tray=false transmission=false
2026-05-23T04:28:06.467855Z  INFO perf: PERF wall=27.90 instr=3.32 gap=24.58 | cpu_pre_egui=25.75 cpu_egui=1.23 cpu_post_egui=0.92 gpu_gap=0.00 | spine=0.00 world_repr=0.00 graph=0.00 merge=0.00 atm=0.00 readiness=0.02 raster=3.29 | upd_attrib sum=1.57 pv_cpu=0.00 pv_gpu=0.02 fire=0.08 stream=1.08 map_fit=0.00 hud=0.14 wgen=0.26 | budget_sum=3.45 hud=0.14 overlay=0.00 raster_b=3.29 particles=0.00 residency=0.01 tex_reg=0.00 render_x=0.00 | egui_unbudgeted=1.09 | stall first+preupd=0.03 update=0.00 post_dom=0.00 post_vt=0.01 postÔåÆready=0.00 ready=0.07 postÔåÆegui=5.42 egui=1.15 post_egui=0.86 | stall_hits=[after_tile_storage_apply:20.3,pre_egui:5.4]
2026-05-23T04:28:06.467864Z  INFO perf: PERF frame=27.9ms update=25.7ms egui=1.2ms preview=0.0ms streaming=1.1ms tile_apply=0.0ms viewport=0.0ms map_fit=0.0ms repr=0.0ms raster=3.3ms
2026-05-23T04:28:06.467868Z  INFO stall: STALL culprit=after_tile_storage_apply duration=20.3ms frame=27.9ms
2026-05-23T04:28:06.469747Z  INFO viewport_authority: VIEWPORT_AUTHORITY source=ResolvedViewport valid=true min=Vec2(0.0, 0.0) max=Vec2(1280.0, 720.0) w=1280.0 h=720.0
2026-05-23T04:28:06.470648Z  INFO construction_finish_todos: CONSTRUCTION_FINISH_COMPLETE done=8/8
2026-05-23T04:28:06.470659Z  INFO construction_round2_todos: CONSTRUCTION_ROUND2_COMPLETE done=15/15
2026-05-23T04:28:06.470664Z  INFO construction_round3_todos: CONSTRUCTION_ROUND3_COMPLETE done=27/27
2026-05-23T04:28:06.470668Z  INFO construction_operational_todos: CONSTRUCTION_OPERATIONAL_GREEN
2026-05-23T04:28:06.471560Z  INFO stage5_live_todos: STAGE5_MAP_CAMERA_HOOK post_mirror desired_xy=(160.00,160.00) zoom=1.0000 world_main_xy=(160.00,160.00) zoom=1.0000 bridge_drift=0.0000
2026-05-23T04:28:06.479094Z  INFO stage5_live_todos: STAGE5_FIRE_HOOK fire_visual_producer_count=1 (expect 1 for FIRE-01)
2026-05-23T04:28:06.479569Z  INFO stall: STALL after_tile_storage_apply: 10.92ms
2026-05-23T04:28:06.480198Z  INFO stage5_live_todos: STAGE5_SPINE_HOOK policy_present=true graph_present=true fence_committed=true fence_fire_tick=26 world_frame_present=true overlay_rev=0 overlay_chunk_cells=0 atm_partial_dispatch=0 atm_gpu_tex_uploads=0 atm_full_field_fallback=false
2026-05-23T04:28:06.485378Z  INFO industrial_activation_todos: INDUSTRIAL_ACTIVATION_GREEN
2026-05-23T04:28:06.485423Z  INFO stall: STALL pre_egui: 5.85ms
2026-05-23T04:28:06.485428Z  INFO viewport_authority: VIEWPORT_AUTHORITY source=UiMeasured valid=true min=Vec2(0.0, 0.0) max=Vec2(1280.0, 720.0) w=1280.0 h=720.0
2026-05-23T04:28:06.485434Z  INFO viewport_authority::solver: VIEWPORT_SOLVER_TARGET node=SimMapFill valid=true rect.source=SimMapFill w=1280.0 h=720.0
2026-05-23T04:28:06.485437Z  INFO viewport_authority: VIEWPORT_AUTHORITY source=LayoutSolver valid=true min=Vec2(0.0, 0.0) max=Vec2(1280.0, 720.0) w=1280.0 h=720.0
2026-05-23T04:28:06.485439Z  INFO viewport_authority: VIEWPORT_AUTHORITY source=LayoutSolver valid=true min=Vec2(0.0, 0.0) max=Vec2(1280.0, 720.0) w=1280.0 h=720.0
2026-05-23T04:28:06.485442Z  INFO viewport_authority: VIEWPORT_AUTHORITY source=UiCommitted valid=true min=Vec2(0.0, 0.0) max=Vec2(1280.0, 720.0) w=1280.0 h=720.0
2026-05-23T04:28:06.485450Z  INFO viewport_authority: VIEWPORT_AUTHORITY source=CameraApplied valid=true min=Vec2(0.0, 0.0) max=Vec2(1280.0, 720.0) w=1280.0 h=720.0
2026-05-23T04:28:06.485467Z  INFO stage5_live_todos: STAGE5_READINESS_HOOK passes=true violations_first=(none) producer_count=1
2026-05-23T04:28:06.485473Z  INFO visual_aidv2_live_todos: VISUAL_AID_V2_BOARD done=3/6 footprint_ok=false readability=true icons=0
2026-05-23T04:28:06.485486Z  INFO stage5_readiness::truth: 
========== STAGE5_FULL_APP_TRUTH (post_update_invocation=26 sim_tick=26) ==========
FULL_APP_PROFILE_ACTIVE: true
stage5_readiness_passes: true
--- AppStage5ReadinessReport (hard gates) ---
vt4_ok: true  [src: evaluate_app_stage5_readiness / VtCiMatrixLiveReport OR VisualAgreementFrame]
vt5_ok: true  [src: evaluate_app_stage5_readiness / VtCiMatrixLiveReport]
single_fire_extract: true  [src: fire_visual_producer_count / REGISTERED_VISUAL_PRODUCERS]
gpu_field_authoritative: true  [src: P2H_GPU_PARTIAL_WRITES_AUTHORITATIVE]
preview_render_target_active: true  [src: preview_authoritative_surface]
phase_d_ok: true  [derived: !require_preview || preview_render_target_active]
overlay_from_shared_buffers_only: true  [src: SharedOverlayFieldBuffers resource exists]
particle_lod_scales: true  [src: GpuRepresentationMetrics vs RepresentationResult band]
phase_f_lod_proof_ok: true  [src: PhaseFLodProofReport]
instanced_dispatch_ok: true  [src: GpuIndirectDrawSpine vs WorldFireParticleDrawDispatch]
phase_f_ok: true  [derived: particle_lod_scales && phase_f_lod_proof_ok && instanced_dispatch_ok]
projection_domains (report): 3  [src: RenderProjectionGraph via evaluate_stage5_spine_checklist]
registered_producers: 2
duplicate_visual_scan_count: 0
--- violations (first = primary suspect) ---
first: (none)
all: []
--- input wiring (MISSING = UNKNOWNÔåÆoperator FAIL) ---
RepresentationResult: true
WorldRepresentationFrame: true
RenderProjectionGraph: true
CommittedVisualSnapshotFence: true
SharedOverlayFieldBuffers: true
GpuRepresentationMetrics: true
VisualAgreementFrame: true
VtCiMatrixLiveReport: true
AtmospherePartialWriteMetrics: true
PreviewCameraState: true
WorldPreviewGpuRuntime: true
PhaseFLodProofReport: true
GpuIndirectDrawSpine: true
WorldFireParticleDrawDispatch: true
FireSimulationSnapshot: true
MISSING_WIRING_FULL_APP: none
================================================================

2026-05-23T04:28:06.485564Z  INFO worldgen_chrome::egui: WORLD_GEN_EGUI_DRAW preview_window_open=true flow=Idle
2026-05-23T04:28:06.487314Z  INFO stage5_live_todos: STAGE5_GPU_HOOK indirect_instances=0 dispatch_count=0 draw_instances=0 (PHF-01 alignment)
2026-05-23T04:28:06.488008Z  INFO worldgen_chrome::trace: CHROME_STATE app=Res(State(WorldGen)) worldgen=Res(State(Generating)) base=Res(State(Editor)) flow=Res(State(Idle)) latch_dismissed=false world_gen_visible=true preview_window_open=true lifecycle=GeneratingWorld last_dismiss="never"
2026-05-23T04:28:06.488011Z  INFO visual_diag: VISUAL_DIAG window frame=25 periodic=false win_logical=(1280, 720) win_physical=(1280, 720) scale=1.0 app=1 base=1 flow=0 worldgen=2 readiness_profile=Stage5ReadinessProfile { require_vt4: true, require_vt5: true, require_preview: true, require_partial_metrics: true, require_world_frame: true, require_phase_f_proof: true, require_instanced_draw: true }
2026-05-23T04:28:06.488017Z  INFO sim_view_sync: SIM_VIEW_SYNC frame=25 win_logical=(1280, 720) win_physical=(1280, 720) sim_valid=true sim_adequate=true sim_min=Vec2(0.0, 0.0) sim_max=Vec2(1280.0, 720.0) measured_valid=true measured_wh=Vec2(1280.0, 720.0) committed_wh=Vec2(1280.0, 720.0) sim_wh=Vec2(1280.0, 720.0) settle_streak=4 layout_settled=true sim_held=true last_commit="hole_hold" frozen=true pending_wh=Vec2(1280.0, 720.0) cam_hole=true render_hole=true cam_invalid_streak=0 cam_valid_streak=24 cam_scissor=Some((0, 0, 1280, 720)) ortho_fixed_wh=(1280, 720) map_view_px=(1280, 720) raster_rev=11 resolved_rev=52 app=1 base=1 flow=0 worldgen=2 cmd_shell=false overlay_tray=false transmission=false rect_sanity_issues=0 left_stack_collapsed=true map_cam_scale=Vec3(1.0, 1.0, 1.0) minimap_visible=true
2026-05-23T04:28:06.488024Z  INFO visual_diag: VISUAL_DIAG sim_viewport frame=25 sim_valid=true sim_adequate=true sim_min=Vec2(0.0, 0.0) sim_max=Vec2(1280.0, 720.0) sim_wh=(1280, 720) measured_valid=true measured_wh=(1280, 720) committed_wh=(1280, 720) sim_held=true settle_streak=4 layout_settled=true frozen=true last_commit="hole_hold" pending_wh=(1280, 720) pending_min=Vec2(0.0, 0.0) pending_max=Vec2(1280.0, 720.0)
2026-05-23T04:28:06.488033Z  INFO visual_diag: VISUAL_DIAG camera frame=25 cam_desired_x=160.0 cam_desired_y=160.0 cam_zoom=1.0 latch_hole=true render_hole=true latch_invalid_streak=0 latch_valid_streak=24 cam_scissor=Some((0, 0, 1280, 720)) ortho_fixed_w=1280 ortho_fixed_h=720 map_view_px_w=1280 map_view_px_h=720 world_w=320 world_h=320
2026-05-23T04:28:06.488037Z  INFO visual_diag: VISUAL_DIAG resolved_viewports frame=25 resolved_rev=52 primary_valid=true primary_wh=(1280, 720) sim_resolved_valid=true sim_resolved_wh=(1280, 720) preview_valid=true preview_wh=(372, 362) minimap_valid=true minimap_wh=(397, 160) mismatch_preview=false mismatch_minimap=false mismatch_sim_map=false mismatch_stale_tex=false
2026-05-23T04:28:06.488040Z  INFO visual_diag: VISUAL_DIAG map_view_frames frame=25 world_preview_proj_rev=1554780161531 minimap_proj_rev=687204767789 sim_map_proj_rev=3092386454432
2026-05-23T04:28:06.488043Z  INFO visual_diag: VISUAL_DIAG map_presentation frame=25 wp_fit=Contain wp_viewport=UVec2(372, 362) wp_fit_scale=1.10595703125 wp_expected_fit_scale=1.10595703125 wp_zoom=1.0407500267028809 mm_fit=Cover mm_viewport=UVec2(397, 160) mm_fit_scale=1.2409179210662842
2026-05-23T04:28:06.488047Z  INFO visual_diag: VISUAL_DIAG render_spine frame=25 raster_rev=11 repr_band=0 repr_lod="LocalTactical" particle_rows_cap=262144 visual_intent="Strategic" visual_zoom_alpha=0.00700009148567915 fire_particle_rows=0 fire_particle_stamp=26 overlay_rev=0 overlay_chunk_cells=0 graph_fire_inst=0 graph_fire_heat=0 gpu_instance_rows=0 gpu_dispatch=0 gpu_draw=0
2026-05-23T04:28:06.488050Z  INFO visual_diag: VISUAL_DIAG perf frame=25 tile_raster_ms=3.652899980545044 tile_raster_ran=true world_repr_ms=0.005100000184029341 projection_graph_ms=0.00010000000474974513 domain_merge_ms=0.0 readiness_ms=0.01730000041425228 cpu_pre_egui_ms=0.0 cpu_egui_ms=0.0 cpu_post_egui_ms=0.0 gpu_gap_ms=0.0
2026-05-23T04:28:06.488053Z  INFO visual_diag: VISUAL_DIAG hud_shell frame=25 cmd_shell=false overlay_tray=false transmission=false
2026-05-23T04:28:06.488069Z  INFO perf: PERF wall=19.45 instr=3.68 gap=15.78 | cpu_pre_egui=16.82 cpu_egui=1.12 cpu_post_egui=1.51 gpu_gap=0.00 | spine=0.00 world_repr=0.01 graph=0.00 merge=0.00 atm=0.00 readiness=0.02 raster=3.65 | upd_attrib sum=1.47 pv_cpu=0.00 pv_gpu=0.00 fire=0.08 stream=1.06 map_fit=0.00 hud=0.09 wgen=0.23 | budget_sum=3.76 hud=0.09 overlay=0.00 raster_b=3.65 particles=0.00 residency=0.01 tex_reg=0.00 render_x=0.00 | egui_unbudgeted=1.03 | stall first+preupd=0.03 update=0.00 post_dom=0.00 post_vt=0.01 postÔåÆready=0.00 ready=0.04 postÔåÆegui=5.85 egui=1.06 post_egui=1.45 | stall_hits=[after_tile_storage_apply:10.9,pre_egui:5.9]
2026-05-23T04:28:06.488077Z  INFO perf: PERF frame=19.5ms update=16.8ms egui=1.1ms preview=0.0ms streaming=1.1ms tile_apply=0.0ms viewport=0.0ms map_fit=0.0ms repr=0.0ms raster=3.7ms
2026-05-23T04:28:06.488080Z  INFO stall: STALL culprit=after_tile_storage_apply duration=10.9ms frame=19.5ms
2026-05-23T04:28:06.488806Z  INFO viewport_authority: VIEWPORT_AUTHORITY source=ResolvedViewport valid=true min=Vec2(0.0, 0.0) max=Vec2(1280.0, 720.0) w=1280.0 h=720.0
2026-05-23T04:28:06.489978Z  INFO construction_finish_todos: CONSTRUCTION_FINISH_COMPLETE done=8/8
2026-05-23T04:28:06.489987Z  INFO construction_round2_todos: CONSTRUCTION_ROUND2_COMPLETE done=15/15
2026-05-23T04:28:06.489990Z  INFO construction_round3_todos: CONSTRUCTION_ROUND3_COMPLETE done=27/27
2026-05-23T04:28:06.489993Z  INFO construction_operational_todos: CONSTRUCTION_OPERATIONAL_GREEN
2026-05-23T04:28:06.491010Z  INFO stage5_live_todos: STAGE5_MAP_CAMERA_HOOK post_mirror desired_xy=(160.00,160.00) zoom=1.0000 world_main_xy=(160.00,160.00) zoom=1.0000 bridge_drift=0.0000
2026-05-23T04:28:06.499651Z  INFO stage5_live_todos: STAGE5_FIRE_HOOK fire_visual_producer_count=1 (expect 1 for FIRE-01)
2026-05-23T04:28:06.500118Z  INFO stall: STALL after_tile_storage_apply: 11.56ms
2026-05-23T04:28:06.500760Z  INFO stage5_live_todos: STAGE5_SPINE_HOOK policy_present=true graph_present=true fence_committed=true fence_fire_tick=27 world_frame_present=true overlay_rev=0 overlay_chunk_cells=0 atm_partial_dispatch=0 atm_gpu_tex_uploads=0 atm_full_field_fallback=false
2026-05-23T04:28:06.506196Z  INFO industrial_activation_todos: INDUSTRIAL_ACTIVATION_GREEN
2026-05-23T04:28:06.506236Z  INFO stall: STALL pre_egui: 6.12ms
2026-05-23T04:28:06.506247Z  INFO viewport_authority: VIEWPORT_AUTHORITY source=UiMeasured valid=true min=Vec2(0.0, 0.0) max=Vec2(1280.0, 720.0) w=1280.0 h=720.0
2026-05-23T04:28:06.506252Z  INFO viewport_authority::solver: VIEWPORT_SOLVER_TARGET node=SimMapFill valid=true rect.source=SimMapFill w=1280.0 h=720.0
2026-05-23T04:28:06.506256Z  INFO viewport_authority: VIEWPORT_AUTHORITY source=LayoutSolver valid=true min=Vec2(0.0, 0.0) max=Vec2(1280.0, 720.0) w=1280.0 h=720.0
2026-05-23T04:28:06.506260Z  INFO viewport_authority: VIEWPORT_AUTHORITY source=LayoutSolver valid=true min=Vec2(0.0, 0.0) max=Vec2(1280.0, 720.0) w=1280.0 h=720.0
2026-05-23T04:28:06.506262Z  INFO viewport_authority: VIEWPORT_AUTHORITY source=UiCommitted valid=true min=Vec2(0.0, 0.0) max=Vec2(1280.0, 720.0) w=1280.0 h=720.0
2026-05-23T04:28:06.506274Z  INFO viewport_authority: VIEWPORT_AUTHORITY source=CameraApplied valid=true min=Vec2(0.0, 0.0) max=Vec2(1280.0, 720.0) w=1280.0 h=720.0
2026-05-23T04:28:06.506299Z  INFO stage5_live_todos: STAGE5_READINESS_HOOK passes=true violations_first=(none) producer_count=1
2026-05-23T04:28:06.506308Z  INFO visual_aidv2_live_todos: VISUAL_AID_V2_BOARD done=3/6 footprint_ok=false readability=true icons=0
2026-05-23T04:28:06.506320Z  INFO stage5_readiness::truth: 
========== STAGE5_FULL_APP_TRUTH (post_update_invocation=27 sim_tick=27) ==========
FULL_APP_PROFILE_ACTIVE: true
stage5_readiness_passes: true
--- AppStage5ReadinessReport (hard gates) ---
vt4_ok: true  [src: evaluate_app_stage5_readiness / VtCiMatrixLiveReport OR VisualAgreementFrame]
vt5_ok: true  [src: evaluate_app_stage5_readiness / VtCiMatrixLiveReport]
single_fire_extract: true  [src: fire_visual_producer_count / REGISTERED_VISUAL_PRODUCERS]
gpu_field_authoritative: true  [src: P2H_GPU_PARTIAL_WRITES_AUTHORITATIVE]
preview_render_target_active: true  [src: preview_authoritative_surface]
phase_d_ok: true  [derived: !require_preview || preview_render_target_active]
overlay_from_shared_buffers_only: true  [src: SharedOverlayFieldBuffers resource exists]
particle_lod_scales: true  [src: GpuRepresentationMetrics vs RepresentationResult band]
phase_f_lod_proof_ok: true  [src: PhaseFLodProofReport]
instanced_dispatch_ok: true  [src: GpuIndirectDrawSpine vs WorldFireParticleDrawDispatch]
phase_f_ok: true  [derived: particle_lod_scales && phase_f_lod_proof_ok && instanced_dispatch_ok]
projection_domains (report): 3  [src: RenderProjectionGraph via evaluate_stage5_spine_checklist]
registered_producers: 2
duplicate_visual_scan_count: 0
--- violations (first = primary suspect) ---
first: (none)
all: []
--- input wiring (MISSING = UNKNOWNÔåÆoperator FAIL) ---
RepresentationResult: true
WorldRepresentationFrame: true
RenderProjectionGraph: true
CommittedVisualSnapshotFence: true
SharedOverlayFieldBuffers: true
GpuRepresentationMetrics: true
VisualAgreementFrame: true
VtCiMatrixLiveReport: true
AtmospherePartialWriteMetrics: true
PreviewCameraState: true
WorldPreviewGpuRuntime: true
PhaseFLodProofReport: true
GpuIndirectDrawSpine: true
WorldFireParticleDrawDispatch: true
FireSimulationSnapshot: true
MISSING_WIRING_FULL_APP: none
================================================================

2026-05-23T04:28:06.506380Z  INFO worldgen_chrome::egui: WORLD_GEN_EGUI_DRAW preview_window_open=true flow=NewWorldSetup
2026-05-23T04:28:06.508251Z  INFO stage5_live_todos: STAGE5_GPU_HOOK indirect_instances=0 dispatch_count=0 draw_instances=0 (PHF-01 alignment)
2026-05-23T04:28:06.508413Z  INFO worldgen_chrome::trace: CHROME_STATE app=Res(State(WorldGen)) worldgen=Res(State(Idle)) base=Res(State(Editor)) flow=Res(State(NewWorldSetup)) latch_dismissed=false world_gen_visible=true preview_window_open=true lifecycle=GeneratingWorld last_dismiss="never"
2026-05-23T04:28:06.508420Z  INFO visual_diag: VISUAL_DIAG window frame=26 periodic=false win_logical=(1280, 720) win_physical=(1280, 720) scale=1.0 app=1 base=1 flow=1 worldgen=0 readiness_profile=Stage5ReadinessProfile { require_vt4: true, require_vt5: true, require_preview: true, require_partial_metrics: true, require_world_frame: true, require_phase_f_proof: true, require_instanced_draw: true }
2026-05-23T04:28:06.508422Z  INFO sim_view_sync: SIM_VIEW_SYNC frame=26 win_logical=(1280, 720) win_physical=(1280, 720) sim_valid=true sim_adequate=true sim_min=Vec2(0.0, 0.0) sim_max=Vec2(1280.0, 720.0) measured_valid=true measured_wh=Vec2(1280.0, 720.0) committed_wh=Vec2(1280.0, 720.0) sim_wh=Vec2(1280.0, 720.0) settle_streak=4 layout_settled=true sim_held=true last_commit="hole_hold" frozen=true pending_wh=Vec2(1280.0, 720.0) cam_hole=true render_hole=true cam_invalid_streak=0 cam_valid_streak=25 cam_scissor=Some((0, 0, 1280, 720)) ortho_fixed_wh=(1280, 720) map_view_px=(1280, 720) raster_rev=12 resolved_rev=54 app=1 base=1 flow=1 worldgen=0 cmd_shell=false overlay_tray=false transmission=false rect_sanity_issues=0 left_stack_collapsed=true map_cam_scale=Vec3(1.0, 1.0, 1.0) minimap_visible=true
2026-05-23T04:28:06.508429Z  INFO visual_diag: VISUAL_DIAG sim_viewport frame=26 sim_valid=true sim_adequate=true sim_min=Vec2(0.0, 0.0) sim_max=Vec2(1280.0, 720.0) sim_wh=(1280, 720) measured_valid=true measured_wh=(1280, 720) committed_wh=(1280, 720) sim_held=true settle_streak=4 layout_settled=true frozen=true last_commit="hole_hold" pending_wh=(1280, 720) pending_min=Vec2(0.0, 0.0) pending_max=Vec2(1280.0, 720.0)
2026-05-23T04:28:06.508438Z  INFO visual_diag: VISUAL_DIAG camera frame=26 cam_desired_x=160.0 cam_desired_y=160.0 cam_zoom=1.0 latch_hole=true render_hole=true latch_invalid_streak=0 latch_valid_streak=25 cam_scissor=Some((0, 0, 1280, 720)) ortho_fixed_w=1280 ortho_fixed_h=720 map_view_px_w=1280 map_view_px_h=720 world_w=320 world_h=320
2026-05-23T04:28:06.508442Z  INFO visual_diag: VISUAL_DIAG resolved_viewports frame=26 resolved_rev=54 primary_valid=true primary_wh=(1280, 720) sim_resolved_valid=true sim_resolved_wh=(1280, 720) preview_valid=true preview_wh=(372, 362) minimap_valid=true minimap_wh=(397, 160) mismatch_preview=false mismatch_minimap=false mismatch_sim_map=false mismatch_stale_tex=false
2026-05-23T04:28:06.508446Z  INFO visual_diag: VISUAL_DIAG map_view_frames frame=26 world_preview_proj_rev=1554780161531 minimap_proj_rev=687205767792 sim_map_proj_rev=3092387454435
2026-05-23T04:28:06.508449Z  INFO visual_diag: VISUAL_DIAG map_presentation frame=26 wp_fit=Contain wp_viewport=UVec2(372, 362) wp_fit_scale=1.10595703125 wp_expected_fit_scale=1.10595703125 wp_zoom=1.0407500267028809 mm_fit=Cover mm_viewport=UVec2(397, 160) mm_fit_scale=1.2409179210662842
2026-05-23T04:28:06.508454Z  INFO visual_diag: VISUAL_DIAG render_spine frame=26 raster_rev=12 repr_band=0 repr_lod="LocalTactical" particle_rows_cap=262144 visual_intent="Strategic" visual_zoom_alpha=0.00700009148567915 fire_particle_rows=0 fire_particle_stamp=27 overlay_rev=0 overlay_chunk_cells=0 graph_fire_inst=0 graph_fire_heat=0 gpu_instance_rows=0 gpu_dispatch=0 gpu_draw=0
2026-05-23T04:28:06.508457Z  INFO visual_diag: VISUAL_DIAG perf frame=26 tile_raster_ms=3.7964000701904297 tile_raster_ran=true world_repr_ms=0.006300000008195639 projection_graph_ms=0.00020000000949949026 domain_merge_ms=0.0 readiness_ms=0.020999999716877937 cpu_pre_egui_ms=0.0 cpu_egui_ms=0.0 cpu_post_egui_ms=0.0 gpu_gap_ms=0.0
2026-05-23T04:28:06.508461Z  INFO visual_diag: VISUAL_DIAG hud_shell frame=26 cmd_shell=false overlay_tray=false transmission=false
2026-05-23T04:28:06.508479Z  INFO perf: PERF wall=19.95 instr=3.82 gap=16.13 | cpu_pre_egui=17.73 cpu_egui=1.25 cpu_post_egui=0.97 gpu_gap=0.00 | spine=0.00 world_repr=0.01 graph=0.00 merge=0.00 atm=0.00 readiness=0.02 raster=3.80 | upd_attrib sum=1.51 pv_cpu=0.00 pv_gpu=0.00 fire=0.08 stream=1.06 map_fit=0.00 hud=0.11 wgen=0.26 | budget_sum=3.92 hud=0.11 overlay=0.00 raster_b=3.80 particles=0.00 residency=0.01 tex_reg=0.00 render_x=0.00 | egui_unbudgeted=1.14 | stall first+preupd=0.03 update=0.00 post_dom=0.00 post_vt=0.01 postÔåÆready=0.00 ready=0.06 postÔåÆegui=6.12 egui=1.17 post_egui=0.92 | stall_hits=[after_tile_storage_apply:11.6,pre_egui:6.1]
2026-05-23T04:28:06.508489Z  INFO perf: PERF frame=20.0ms update=17.7ms egui=1.2ms preview=0.0ms streaming=1.1ms tile_apply=0.0ms viewport=0.0ms map_fit=0.0ms repr=0.0ms raster=3.8ms
2026-05-23T04:28:06.508493Z  INFO stall: STALL culprit=after_tile_storage_apply duration=11.6ms frame=20.0ms
2026-05-23T04:28:06.509932Z  INFO viewport_authority: VIEWPORT_AUTHORITY source=ResolvedViewport valid=true min=Vec2(0.0, 0.0) max=Vec2(1280.0, 720.0) w=1280.0 h=720.0
2026-05-23T04:28:06.510999Z  INFO construction_finish_todos: CONSTRUCTION_FINISH_COMPLETE done=8/8
2026-05-23T04:28:06.511007Z  INFO construction_round2_todos: CONSTRUCTION_ROUND2_COMPLETE done=15/15
2026-05-23T04:28:06.511011Z  INFO construction_round3_todos: CONSTRUCTION_ROUND3_COMPLETE done=27/27
2026-05-23T04:28:06.511015Z  INFO construction_operational_todos: CONSTRUCTION_OPERATIONAL_GREEN
2026-05-23T04:28:06.512263Z  INFO stage5_live_todos: STAGE5_MAP_CAMERA_HOOK post_mirror desired_xy=(160.00,160.00) zoom=1.0000 world_main_xy=(160.00,160.00) zoom=1.0000 bridge_drift=0.0000
2026-05-23T04:28:06.520781Z  INFO stage5_live_todos: STAGE5_FIRE_HOOK fire_visual_producer_count=1 (expect 1 for FIRE-01)
2026-05-23T04:28:06.521232Z  INFO stall: STALL after_tile_storage_apply: 11.52ms
2026-05-23T04:28:06.521875Z  INFO stage5_live_todos: STAGE5_SPINE_HOOK policy_present=true graph_present=true fence_committed=true fence_fire_tick=28 world_frame_present=true overlay_rev=0 overlay_chunk_cells=0 atm_partial_dispatch=0 atm_gpu_tex_uploads=0 atm_full_field_fallback=false
2026-05-23T04:28:06.527563Z  INFO industrial_activation_todos: INDUSTRIAL_ACTIVATION_GREEN
2026-05-23T04:28:06.527608Z  INFO stall: STALL pre_egui: 6.38ms
2026-05-23T04:28:06.527611Z  INFO viewport_authority: VIEWPORT_AUTHORITY source=UiMeasured valid=true min=Vec2(0.0, 0.0) max=Vec2(1280.0, 720.0) w=1280.0 h=720.0
2026-05-23T04:28:06.527619Z  INFO viewport_authority::solver: VIEWPORT_SOLVER_TARGET node=SimMapFill valid=true rect.source=SimMapFill w=1280.0 h=720.0
2026-05-23T04:28:06.527623Z  INFO viewport_authority: VIEWPORT_AUTHORITY source=LayoutSolver valid=true min=Vec2(0.0, 0.0) max=Vec2(1280.0, 720.0) w=1280.0 h=720.0
2026-05-23T04:28:06.527626Z  INFO viewport_authority: VIEWPORT_AUTHORITY source=LayoutSolver valid=true min=Vec2(0.0, 0.0) max=Vec2(1280.0, 720.0) w=1280.0 h=720.0
2026-05-23T04:28:06.527628Z  INFO viewport_authority: VIEWPORT_AUTHORITY source=UiCommitted valid=true min=Vec2(0.0, 0.0) max=Vec2(1280.0, 720.0) w=1280.0 h=720.0
2026-05-23T04:28:06.527636Z  INFO viewport_authority: VIEWPORT_AUTHORITY source=CameraApplied valid=true min=Vec2(0.0, 0.0) max=Vec2(1280.0, 720.0) w=1280.0 h=720.0
2026-05-23T04:28:06.527652Z  INFO stage5_live_todos: STAGE5_READINESS_HOOK passes=true violations_first=(none) producer_count=1
2026-05-23T04:28:06.527658Z  INFO visual_aidv2_live_todos: VISUAL_AID_V2_BOARD done=3/6 footprint_ok=false readability=true icons=0
2026-05-23T04:28:06.527669Z  INFO stage5_readiness::truth: 
========== STAGE5_FULL_APP_TRUTH (post_update_invocation=28 sim_tick=28) ==========
FULL_APP_PROFILE_ACTIVE: true
stage5_readiness_passes: true
--- AppStage5ReadinessReport (hard gates) ---
vt4_ok: true  [src: evaluate_app_stage5_readiness / VtCiMatrixLiveReport OR VisualAgreementFrame]
vt5_ok: true  [src: evaluate_app_stage5_readiness / VtCiMatrixLiveReport]
single_fire_extract: true  [src: fire_visual_producer_count / REGISTERED_VISUAL_PRODUCERS]
gpu_field_authoritative: true  [src: P2H_GPU_PARTIAL_WRITES_AUTHORITATIVE]
preview_render_target_active: true  [src: preview_authoritative_surface]
phase_d_ok: true  [derived: !require_preview || preview_render_target_active]
overlay_from_shared_buffers_only: true  [src: SharedOverlayFieldBuffers resource exists]
particle_lod_scales: true  [src: GpuRepresentationMetrics vs RepresentationResult band]
phase_f_lod_proof_ok: true  [src: PhaseFLodProofReport]
instanced_dispatch_ok: true  [src: GpuIndirectDrawSpine vs WorldFireParticleDrawDispatch]
phase_f_ok: true  [derived: particle_lod_scales && phase_f_lod_proof_ok && instanced_dispatch_ok]
projection_domains (report): 3  [src: RenderProjectionGraph via evaluate_stage5_spine_checklist]
registered_producers: 2
duplicate_visual_scan_count: 0
--- violations (first = primary suspect) ---
first: (none)
all: []
--- input wiring (MISSING = UNKNOWNÔåÆoperator FAIL) ---
RepresentationResult: true
WorldRepresentationFrame: true
RenderProjectionGraph: true
CommittedVisualSnapshotFence: true
SharedOverlayFieldBuffers: true
GpuRepresentationMetrics: true
VisualAgreementFrame: true
VtCiMatrixLiveReport: true
AtmospherePartialWriteMetrics: true
PreviewCameraState: true
WorldPreviewGpuRuntime: true
PhaseFLodProofReport: true
GpuIndirectDrawSpine: true
WorldFireParticleDrawDispatch: true
FireSimulationSnapshot: true
MISSING_WIRING_FULL_APP: none
================================================================

2026-05-23T04:28:06.527724Z  INFO worldgen_chrome::egui: WORLD_GEN_EGUI_DRAW preview_window_open=true flow=Idle
2026-05-23T04:28:06.529305Z  INFO stage5_live_todos: STAGE5_GPU_HOOK indirect_instances=0 dispatch_count=0 draw_instances=0 (PHF-01 alignment)
2026-05-23T04:28:06.529451Z  INFO visual_diag: VISUAL_DIAG window frame=27 periodic=false win_logical=(1280, 720) win_physical=(1280, 720) scale=1.0 app=1 base=1 flow=0 worldgen=2 readiness_profile=Stage5ReadinessProfile { require_vt4: true, require_vt5: true, require_preview: true, require_partial_metrics: true, require_world_frame: true, require_phase_f_proof: true, require_instanced_draw: true }
2026-05-23T04:28:06.529453Z  INFO worldgen_chrome::trace: CHROME_STATE app=Res(State(WorldGen)) worldgen=Res(State(Generating)) base=Res(State(Editor)) flow=Res(State(Idle)) latch_dismissed=false world_gen_visible=true preview_window_open=true lifecycle=GeneratingWorld last_dismiss="never"
2026-05-23T04:28:06.529457Z  INFO sim_view_sync: SIM_VIEW_SYNC frame=27 win_logical=(1280, 720) win_physical=(1280, 720) sim_valid=true sim_adequate=true sim_min=Vec2(0.0, 0.0) sim_max=Vec2(1280.0, 720.0) measured_valid=true measured_wh=Vec2(1280.0, 720.0) committed_wh=Vec2(1280.0, 720.0) sim_wh=Vec2(1280.0, 720.0) settle_streak=4 layout_settled=true sim_held=true last_commit="hole_hold" frozen=true pending_wh=Vec2(1280.0, 720.0) cam_hole=true render_hole=true cam_invalid_streak=0 cam_valid_streak=26 cam_scissor=Some((0, 0, 1280, 720)) ortho_fixed_wh=(1280, 720) map_view_px=(1280, 720) raster_rev=13 resolved_rev=56 app=1 base=1 flow=0 worldgen=2 cmd_shell=false overlay_tray=false transmission=false rect_sanity_issues=0 left_stack_collapsed=true map_cam_scale=Vec3(1.0, 1.0, 1.0) minimap_visible=true
2026-05-23T04:28:06.529462Z  INFO visual_diag: VISUAL_DIAG sim_viewport frame=27 sim_valid=true sim_adequate=true sim_min=Vec2(0.0, 0.0) sim_max=Vec2(1280.0, 720.0) sim_wh=(1280, 720) measured_valid=true measured_wh=(1280, 720) committed_wh=(1280, 720) sim_held=true settle_streak=4 layout_settled=true frozen=true last_commit="hole_hold" pending_wh=(1280, 720) pending_min=Vec2(0.0, 0.0) pending_max=Vec2(1280.0, 720.0)
2026-05-23T04:28:06.529485Z  INFO visual_diag: VISUAL_DIAG camera frame=27 cam_desired_x=160.0 cam_desired_y=160.0 cam_zoom=1.0 latch_hole=true render_hole=true latch_invalid_streak=0 latch_valid_streak=26 cam_scissor=Some((0, 0, 1280, 720)) ortho_fixed_w=1280 ortho_fixed_h=720 map_view_px_w=1280 map_view_px_h=720 world_w=320 world_h=320
2026-05-23T04:28:06.529492Z  INFO visual_diag: VISUAL_DIAG resolved_viewports frame=27 resolved_rev=56 primary_valid=true primary_wh=(1280, 720) sim_resolved_valid=true sim_resolved_wh=(1280, 720) preview_valid=true preview_wh=(372, 362) minimap_valid=true minimap_wh=(397, 160) mismatch_preview=false mismatch_minimap=false mismatch_sim_map=false mismatch_stale_tex=false
2026-05-23T04:28:06.529496Z  INFO visual_diag: VISUAL_DIAG map_view_frames frame=27 world_preview_proj_rev=1554780161531 minimap_proj_rev=687206767795 sim_map_proj_rev=3092388454438
2026-05-23T04:28:06.529498Z  INFO visual_diag: VISUAL_DIAG map_presentation frame=27 wp_fit=Contain wp_viewport=UVec2(372, 362) wp_fit_scale=1.10595703125 wp_expected_fit_scale=1.10595703125 wp_zoom=1.0407500267028809 mm_fit=Cover mm_viewport=UVec2(397, 160) mm_fit_scale=1.2409179210662842
2026-05-23T04:28:06.529503Z  INFO visual_diag: VISUAL_DIAG render_spine frame=27 raster_rev=13 repr_band=0 repr_lod="LocalTactical" particle_rows_cap=262144 visual_intent="Strategic" visual_zoom_alpha=0.00700009148567915 fire_particle_rows=0 fire_particle_stamp=28 overlay_rev=0 overlay_chunk_cells=0 graph_fire_inst=0 graph_fire_heat=0 gpu_instance_rows=0 gpu_dispatch=0 gpu_draw=0
2026-05-23T04:28:06.529507Z  INFO visual_diag: VISUAL_DIAG perf frame=27 tile_raster_ms=4.297399997711182 tile_raster_ran=true world_repr_ms=0.004500000271946192 projection_graph_ms=0.00010000000474974513 domain_merge_ms=0.0 readiness_ms=0.01510000042617321 cpu_pre_egui_ms=0.0 cpu_egui_ms=0.0 cpu_post_egui_ms=0.0 gpu_gap_ms=0.0
2026-05-23T04:28:06.529510Z  INFO visual_diag: VISUAL_DIAG hud_shell frame=27 cmd_shell=false overlay_tray=false transmission=false
2026-05-23T04:28:06.529532Z  INFO perf: PERF wall=19.85 instr=4.32 gap=15.53 | cpu_pre_egui=17.94 cpu_egui=0.99 cpu_post_egui=0.91 gpu_gap=0.00 | spine=0.00 world_repr=0.00 graph=0.00 merge=0.00 atm=0.00 readiness=0.02 raster=4.30 | upd_attrib sum=1.41 pv_cpu=0.00 pv_gpu=0.01 fire=0.07 stream=1.05 map_fit=0.00 hud=0.07 wgen=0.21 | budget_sum=4.38 hud=0.07 overlay=0.00 raster_b=4.30 particles=0.00 residency=0.01 tex_reg=0.00 render_x=0.00 | stall first+preupd=0.04 update=0.00 post_dom=0.00 post_vt=0.01 postÔåÆready=0.00 ready=0.05 postÔåÆegui=6.38 egui=0.94 post_egui=0.84 | stall_hits=[after_tile_storage_apply:11.5,pre_egui:6.4]
2026-05-23T04:28:06.529544Z  INFO perf: PERF frame=19.8ms update=17.9ms egui=1.0ms preview=0.0ms streaming=1.0ms tile_apply=0.0ms viewport=0.0ms map_fit=0.0ms repr=0.0ms raster=4.3ms
2026-05-23T04:28:06.529548Z  INFO stall: STALL culprit=after_tile_storage_apply duration=11.5ms frame=19.8ms
2026-05-23T04:28:06.531132Z  INFO viewport_authority: VIEWPORT_AUTHORITY source=ResolvedViewport valid=true min=Vec2(0.0, 0.0) max=Vec2(1280.0, 720.0) w=1280.0 h=720.0
2026-05-23T04:28:06.532059Z  INFO construction_finish_todos: CONSTRUCTION_FINISH_COMPLETE done=8/8
2026-05-23T04:28:06.532069Z  INFO construction_round2_todos: CONSTRUCTION_ROUND2_COMPLETE done=15/15
2026-05-23T04:28:06.532073Z  INFO construction_round3_todos: CONSTRUCTION_ROUND3_COMPLETE done=27/27
2026-05-23T04:28:06.532076Z  INFO construction_operational_todos: CONSTRUCTION_OPERATIONAL_GREEN
2026-05-23T04:28:06.533608Z  INFO stage5_live_todos: STAGE5_MAP_CAMERA_HOOK post_mirror desired_xy=(160.00,160.00) zoom=1.0000 world_main_xy=(160.00,160.00) zoom=1.0000 bridge_drift=0.0000
2026-05-23T04:28:06.537689Z  INFO proc_A_dine01::terrain::generation::world_generator_enhanced: World generation completed (Preview)
2026-05-23T04:28:06.561097Z  INFO stage5_live_todos: STAGE5_FIRE_HOOK fire_visual_producer_count=1 (expect 1 for FIRE-01)
2026-05-23T04:28:06.561578Z  INFO stall: STALL after_tile_storage_apply: 31.32ms
2026-05-23T04:28:06.562231Z  INFO stage5_live_todos: STAGE5_SPINE_HOOK policy_present=true graph_present=true fence_committed=true fence_fire_tick=29 world_frame_present=true overlay_rev=0 overlay_chunk_cells=0 atm_partial_dispatch=0 atm_gpu_tex_uploads=0 atm_full_field_fallback=false
2026-05-23T04:28:06.568953Z  INFO industrial_activation_todos: INDUSTRIAL_ACTIVATION_GREEN
2026-05-23T04:28:06.569010Z  INFO stall: STALL pre_egui: 7.43ms
2026-05-23T04:28:06.569023Z  INFO viewport_authority: VIEWPORT_AUTHORITY source=UiMeasured valid=true min=Vec2(0.0, 0.0) max=Vec2(1280.0, 720.0) w=1280.0 h=720.0
2026-05-23T04:28:06.569032Z  INFO viewport_authority::solver: VIEWPORT_SOLVER_TARGET node=SimMapFill valid=true rect.source=SimMapFill w=1280.0 h=720.0
2026-05-23T04:28:06.569036Z  INFO viewport_authority: VIEWPORT_AUTHORITY source=LayoutSolver valid=true min=Vec2(0.0, 0.0) max=Vec2(1280.0, 720.0) w=1280.0 h=720.0
2026-05-23T04:28:06.569039Z  INFO viewport_authority: VIEWPORT_AUTHORITY source=LayoutSolver valid=true min=Vec2(0.0, 0.0) max=Vec2(1280.0, 720.0) w=1280.0 h=720.0
2026-05-23T04:28:06.569042Z  INFO viewport_authority: VIEWPORT_AUTHORITY source=UiCommitted valid=true min=Vec2(0.0, 0.0) max=Vec2(1280.0, 720.0) w=1280.0 h=720.0
2026-05-23T04:28:06.569055Z  INFO viewport_authority: VIEWPORT_AUTHORITY source=CameraApplied valid=true min=Vec2(0.0, 0.0) max=Vec2(1280.0, 720.0) w=1280.0 h=720.0
2026-05-23T04:28:06.575101Z  INFO stage5_live_todos: STAGE5_READINESS_HOOK passes=true violations_first=(none) producer_count=1
2026-05-23T04:28:06.575113Z  INFO visual_aidv2_live_todos: VISUAL_AID_V2_BOARD done=3/6 footprint_ok=false readability=true icons=0
2026-05-23T04:28:06.575141Z  INFO stage5_readiness::truth: 
========== STAGE5_FULL_APP_TRUTH (post_update_invocation=29 sim_tick=29) ==========
FULL_APP_PROFILE_ACTIVE: true
stage5_readiness_passes: true
--- AppStage5ReadinessReport (hard gates) ---
vt4_ok: true  [src: evaluate_app_stage5_readiness / VtCiMatrixLiveReport OR VisualAgreementFrame]
vt5_ok: true  [src: evaluate_app_stage5_readiness / VtCiMatrixLiveReport]
single_fire_extract: true  [src: fire_visual_producer_count / REGISTERED_VISUAL_PRODUCERS]
gpu_field_authoritative: true  [src: P2H_GPU_PARTIAL_WRITES_AUTHORITATIVE]
preview_render_target_active: true  [src: preview_authoritative_surface]
phase_d_ok: true  [derived: !require_preview || preview_render_target_active]
overlay_from_shared_buffers_only: true  [src: SharedOverlayFieldBuffers resource exists]
particle_lod_scales: true  [src: GpuRepresentationMetrics vs RepresentationResult band]
phase_f_lod_proof_ok: true  [src: PhaseFLodProofReport]
instanced_dispatch_ok: true  [src: GpuIndirectDrawSpine vs WorldFireParticleDrawDispatch]
phase_f_ok: true  [derived: particle_lod_scales && phase_f_lod_proof_ok && instanced_dispatch_ok]
projection_domains (report): 3  [src: RenderProjectionGraph via evaluate_stage5_spine_checklist]
registered_producers: 2
duplicate_visual_scan_count: 0
--- violations (first = primary suspect) ---
first: (none)
all: []
--- input wiring (MISSING = UNKNOWNÔåÆoperator FAIL) ---
RepresentationResult: true
WorldRepresentationFrame: true
RenderProjectionGraph: true
CommittedVisualSnapshotFence: true
SharedOverlayFieldBuffers: true
GpuRepresentationMetrics: true
VisualAgreementFrame: true
VtCiMatrixLiveReport: true
AtmospherePartialWriteMetrics: true
PreviewCameraState: true
WorldPreviewGpuRuntime: true
PhaseFLodProofReport: true
GpuIndirectDrawSpine: true
WorldFireParticleDrawDispatch: true
FireSimulationSnapshot: true
MISSING_WIRING_FULL_APP: none
================================================================

2026-05-23T04:28:06.575149Z  INFO stall: STALL after_readiness: 6.11ms
2026-05-23T04:28:06.575261Z  INFO worldgen_chrome::egui: WORLD_GEN_EGUI_DRAW preview_window_open=true flow=NewWorldSetup
2026-05-23T04:28:06.577955Z  INFO stage5_live_todos: STAGE5_GPU_HOOK indirect_instances=0 dispatch_count=0 draw_instances=0 (PHF-01 alignment)
2026-05-23T04:28:06.578193Z  INFO visual_diag: VISUAL_DIAG window frame=28 periodic=false win_logical=(1280, 720) win_physical=(1280, 720) scale=1.0 app=1 base=1 flow=1 worldgen=0 readiness_profile=Stage5ReadinessProfile { require_vt4: true, require_vt5: true, require_preview: true, require_partial_metrics: true, require_world_frame: true, require_phase_f_proof: true, require_instanced_draw: true }
2026-05-23T04:28:06.578192Z  INFO worldgen_chrome::trace: CHROME_STATE app=Res(State(WorldGen)) worldgen=Res(State(Idle)) base=Res(State(Editor)) flow=Res(State(NewWorldSetup)) latch_dismissed=false world_gen_visible=true preview_window_open=true lifecycle=GeneratingWorld last_dismiss="never"
2026-05-23T04:28:06.578201Z  INFO sim_view_sync: SIM_VIEW_SYNC frame=28 win_logical=(1280, 720) win_physical=(1280, 720) sim_valid=true sim_adequate=true sim_min=Vec2(0.0, 0.0) sim_max=Vec2(1280.0, 720.0) measured_valid=true measured_wh=Vec2(1280.0, 720.0) committed_wh=Vec2(1280.0, 720.0) sim_wh=Vec2(1280.0, 720.0) settle_streak=4 layout_settled=true sim_held=true last_commit="hole_hold" frozen=true pending_wh=Vec2(1280.0, 720.0) cam_hole=true render_hole=true cam_invalid_streak=0 cam_valid_streak=27 cam_scissor=Some((0, 0, 1280, 720)) ortho_fixed_wh=(1280, 720) map_view_px=(1280, 720) raster_rev=14 resolved_rev=58 app=1 base=1 flow=1 worldgen=0 cmd_shell=false overlay_tray=false transmission=false rect_sanity_issues=0 left_stack_collapsed=true map_cam_scale=Vec3(1.0, 1.0, 1.0) minimap_visible=true
2026-05-23T04:28:06.578207Z  INFO visual_diag: VISUAL_DIAG sim_viewport frame=28 sim_valid=true sim_adequate=true sim_min=Vec2(0.0, 0.0) sim_max=Vec2(1280.0, 720.0) sim_wh=(1280, 720) measured_valid=true measured_wh=(1280, 720) committed_wh=(1280, 720) sim_held=true settle_streak=4 layout_settled=true frozen=true last_commit="hole_hold" pending_wh=(1280, 720) pending_min=Vec2(0.0, 0.0) pending_max=Vec2(1280.0, 720.0)
2026-05-23T04:28:06.578269Z  INFO visual_diag: VISUAL_DIAG camera frame=28 cam_desired_x=160.0 cam_desired_y=160.0 cam_zoom=1.0 latch_hole=true render_hole=true latch_invalid_streak=0 latch_valid_streak=27 cam_scissor=Some((0, 0, 1280, 720)) ortho_fixed_w=1280 ortho_fixed_h=720 map_view_px_w=1280 map_view_px_h=720 world_w=320 world_h=320
2026-05-23T04:28:06.578276Z  INFO visual_diag: VISUAL_DIAG resolved_viewports frame=28 resolved_rev=58 primary_valid=true primary_wh=(1280, 720) sim_resolved_valid=true sim_resolved_wh=(1280, 720) preview_valid=true preview_wh=(372, 362) minimap_valid=true minimap_wh=(397, 160) mismatch_preview=false mismatch_minimap=false mismatch_sim_map=false mismatch_stale_tex=false
2026-05-23T04:28:06.578281Z  INFO visual_diag: VISUAL_DIAG map_view_frames frame=28 world_preview_proj_rev=1554780161531 minimap_proj_rev=687207767798 sim_map_proj_rev=3092389454441
2026-05-23T04:28:06.578284Z  INFO visual_diag: VISUAL_DIAG map_presentation frame=28 wp_fit=Contain wp_viewport=UVec2(372, 362) wp_fit_scale=1.10595703125 wp_expected_fit_scale=1.10595703125 wp_zoom=1.0407500267028809 mm_fit=Cover mm_viewport=UVec2(397, 160) mm_fit_scale=1.2409179210662842
2026-05-23T04:28:06.578290Z  INFO visual_diag: VISUAL_DIAG render_spine frame=28 raster_rev=14 repr_band=0 repr_lod="LocalTactical" particle_rows_cap=262144 visual_intent="Strategic" visual_zoom_alpha=0.00700009148567915 fire_particle_rows=0 fire_particle_stamp=29 overlay_rev=0 overlay_chunk_cells=0 graph_fire_inst=0 graph_fire_heat=0 gpu_instance_rows=0 gpu_dispatch=0 gpu_draw=0
2026-05-23T04:28:06.578294Z  INFO visual_diag: VISUAL_DIAG perf frame=28 tile_raster_ms=5.115699768066406 tile_raster_ran=true world_repr_ms=0.006000000052154064 projection_graph_ms=0.00010000000474974513 domain_merge_ms=0.00010000000474974513 readiness_ms=0.02969999983906746 cpu_pre_egui_ms=0.0 cpu_egui_ms=0.0 cpu_post_egui_ms=0.0 gpu_gap_ms=0.0
2026-05-23T04:28:06.578297Z  INFO visual_diag: VISUAL_DIAG hud_shell frame=28 cmd_shell=false overlay_tray=false transmission=false
2026-05-23T04:28:06.578323Z  INFO perf: PERF wall=48.08 instr=5.15 gap=42.93 | cpu_pre_egui=38.80 cpu_egui=7.81 cpu_post_egui=1.47 gpu_gap=0.00 | spine=0.00 world_repr=0.01 graph=0.00 merge=0.00 atm=0.00 readiness=0.03 raster=5.12 | upd_attrib sum=1.63 pv_cpu=0.00 pv_gpu=0.01 fire=0.10 stream=1.07 map_fit=0.00 hud=0.10 wgen=0.35 | budget_sum=5.23 hud=0.10 overlay=0.00 raster_b=5.12 particles=0.00 residency=0.02 tex_reg=0.00 render_x=0.00 | egui_unbudgeted=7.72 | stall first+preupd=0.02 update=0.00 post_dom=0.00 post_vt=0.02 postÔåÆready=0.00 ready=6.11 postÔåÆegui=7.43 egui=1.69 post_egui=1.35 | stall_hits=[after_tile_storage_apply:31.3,pre_egui:7.4,after_readiness:6.1]
2026-05-23T04:28:06.578340Z  INFO perf: PERF frame=48.1ms update=38.8ms egui=7.8ms preview=0.0ms streaming=1.1ms tile_apply=0.0ms viewport=0.0ms map_fit=0.0ms repr=0.0ms raster=5.1ms
2026-05-23T04:28:06.578344Z  INFO stall: STALL culprit=after_tile_storage_apply duration=31.3ms frame=48.1ms
2026-05-23T04:28:06.580502Z  INFO viewport_authority: VIEWPORT_AUTHORITY source=ResolvedViewport valid=true min=Vec2(0.0, 0.0) max=Vec2(1280.0, 720.0) w=1280.0 h=720.0
2026-05-23T04:28:06.580585Z  INFO proc_A_dine01::gui::editor::world_preview::preview_readiness: PREVIEW STATE: world=true cam=true tex=true proj=true state=Ready world_ready=true camera_ready=true texture_ready=true projection_ready=true missing=None contract_valid=true wp_half_x=186.21875 wp_half_y=180.953125 wp_logical_w=372.4375 wp_logical_h=361.90625 viewport_rev=60
2026-05-23T04:28:06.581709Z  INFO construction_finish_todos: CONSTRUCTION_FINISH_COMPLETE done=8/8
2026-05-23T04:28:06.581741Z  INFO construction_round2_todos: CONSTRUCTION_ROUND2_COMPLETE done=15/15
2026-05-23T04:28:06.581745Z  INFO construction_round3_todos: CONSTRUCTION_ROUND3_COMPLETE done=27/27
2026-05-23T04:28:06.581749Z  INFO construction_operational_todos: CONSTRUCTION_OPERATIONAL_GREEN
2026-05-23T04:28:06.583032Z  INFO stage5_live_todos: STAGE5_MAP_CAMERA_HOOK post_mirror desired_xy=(160.00,160.00) zoom=1.0000 world_main_xy=(160.00,160.00) zoom=1.0000 bridge_drift=0.0000
2026-05-23T04:28:06.583611Z  INFO stage5_live_todos: STAGE5_FIRE_HOOK fire_visual_producer_count=1 (expect 1 for FIRE-01)
2026-05-23T04:28:06.584734Z  INFO stage5_live_todos: STAGE5_SPINE_HOOK policy_present=true graph_present=true fence_committed=true fence_fire_tick=30 world_frame_present=true overlay_rev=0 overlay_chunk_cells=0 atm_partial_dispatch=0 atm_gpu_tex_uploads=0 atm_full_field_fallback=false
2026-05-23T04:28:06.585866Z  INFO industrial_activation_todos: INDUSTRIAL_ACTIVATION_GREEN
2026-05-23T04:28:06.585917Z  INFO viewport_authority: VIEWPORT_AUTHORITY source=UiMeasured valid=true min=Vec2(0.0, 0.0) max=Vec2(1280.0, 720.0) w=1280.0 h=720.0
2026-05-23T04:28:06.585926Z  INFO viewport_authority::solver: VIEWPORT_SOLVER_TARGET node=SimMapFill valid=true rect.source=SimMapFill w=1280.0 h=720.0
2026-05-23T04:28:06.585929Z  INFO viewport_authority: VIEWPORT_AUTHORITY source=LayoutSolver valid=true min=Vec2(0.0, 0.0) max=Vec2(1280.0, 720.0) w=1280.0 h=720.0
2026-05-23T04:28:06.585933Z  INFO viewport_authority: VIEWPORT_AUTHORITY source=LayoutSolver valid=true min=Vec2(0.0, 0.0) max=Vec2(1280.0, 720.0) w=1280.0 h=720.0
2026-05-23T04:28:06.585936Z  INFO viewport_authority: VIEWPORT_AUTHORITY source=UiCommitted valid=true min=Vec2(0.0, 0.0) max=Vec2(1280.0, 720.0) w=1280.0 h=720.0
2026-05-23T04:28:06.585951Z  INFO viewport_authority: VIEWPORT_AUTHORITY source=CameraApplied valid=true min=Vec2(0.0, 0.0) max=Vec2(1280.0, 720.0) w=1280.0 h=720.0
2026-05-23T04:28:06.585976Z  INFO stage5_live_todos: STAGE5_READINESS_HOOK passes=true violations_first=(none) producer_count=1
2026-05-23T04:28:06.585985Z  INFO visual_aidv2_live_todos: VISUAL_AID_V2_BOARD done=3/6 footprint_ok=false readability=true icons=0
2026-05-23T04:28:06.585997Z  INFO stage5_readiness::truth: 
========== STAGE5_FULL_APP_TRUTH (post_update_invocation=30 sim_tick=30) ==========
FULL_APP_PROFILE_ACTIVE: true
stage5_readiness_passes: true
--- AppStage5ReadinessReport (hard gates) ---
vt4_ok: true  [src: evaluate_app_stage5_readiness / VtCiMatrixLiveReport OR VisualAgreementFrame]
vt5_ok: true  [src: evaluate_app_stage5_readiness / VtCiMatrixLiveReport]
single_fire_extract: true  [src: fire_visual_producer_count / REGISTERED_VISUAL_PRODUCERS]
gpu_field_authoritative: true  [src: P2H_GPU_PARTIAL_WRITES_AUTHORITATIVE]
preview_render_target_active: true  [src: preview_authoritative_surface]
phase_d_ok: true  [derived: !require_preview || preview_render_target_active]
overlay_from_shared_buffers_only: true  [src: SharedOverlayFieldBuffers resource exists]
particle_lod_scales: true  [src: GpuRepresentationMetrics vs RepresentationResult band]
phase_f_lod_proof_ok: true  [src: PhaseFLodProofReport]
instanced_dispatch_ok: true  [src: GpuIndirectDrawSpine vs WorldFireParticleDrawDispatch]
phase_f_ok: true  [derived: particle_lod_scales && phase_f_lod_proof_ok && instanced_dispatch_ok]
projection_domains (report): 3  [src: RenderProjectionGraph via evaluate_stage5_spine_checklist]
registered_producers: 2
duplicate_visual_scan_count: 0
--- violations (first = primary suspect) ---
first: (none)
all: []
--- input wiring (MISSING = UNKNOWNÔåÆoperator FAIL) ---
RepresentationResult: true
WorldRepresentationFrame: true
RenderProjectionGraph: true
CommittedVisualSnapshotFence: true
SharedOverlayFieldBuffers: true
GpuRepresentationMetrics: true
VisualAgreementFrame: true
VtCiMatrixLiveReport: true
AtmospherePartialWriteMetrics: true
PreviewCameraState: true
WorldPreviewGpuRuntime: true
PhaseFLodProofReport: true
GpuIndirectDrawSpine: true
WorldFireParticleDrawDispatch: true
FireSimulationSnapshot: true
MISSING_WIRING_FULL_APP: none
================================================================

2026-05-23T04:28:06.586069Z  INFO worldgen_chrome::egui: WORLD_GEN_EGUI_DRAW preview_window_open=true flow=PreviewReady
2026-05-23T04:28:06.587840Z  INFO stage5_live_todos: STAGE5_GPU_HOOK indirect_instances=0 dispatch_count=0 draw_instances=0 (PHF-01 alignment)
2026-05-23T04:28:06.588006Z  INFO worldgen_chrome::trace: CHROME_STATE app=Res(State(WorldGen)) worldgen=Res(State(Generating)) base=Res(State(Editor)) flow=Res(State(PreviewReady)) latch_dismissed=false world_gen_visible=true preview_window_open=true lifecycle=ReadyToRender last_dismiss="never"
2026-05-23T04:28:06.588013Z  INFO stage5_readiness::live: READINESS_FRAME_FENCE_OK eval_inv=30 frame_tick=30 passes=true
2026-05-23T04:28:06.588009Z  INFO sim_view_sync: SIM_VIEW_SYNC frame=29 win_logical=(1280, 720) win_physical=(1280, 720) sim_valid=true sim_adequate=true sim_min=Vec2(0.0, 0.0) sim_max=Vec2(1280.0, 720.0) measured_valid=true measured_wh=Vec2(1280.0, 720.0) committed_wh=Vec2(1280.0, 720.0) sim_wh=Vec2(1280.0, 720.0) settle_streak=4 layout_settled=true sim_held=true last_commit="hole_hold" frozen=true pending_wh=Vec2(1280.0, 720.0) cam_hole=true render_hole=true cam_invalid_streak=0 cam_valid_streak=28 cam_scissor=Some((0, 0, 1280, 720)) ortho_fixed_wh=(1280, 720) map_view_px=(1280, 720) raster_rev=14 resolved_rev=60 app=1 base=1 flow=2 worldgen=2 cmd_shell=false overlay_tray=false transmission=false rect_sanity_issues=0 left_stack_collapsed=true map_cam_scale=Vec3(1.0, 1.0, 1.0) minimap_visible=true
2026-05-23T04:28:06.588018Z  INFO visual_diag: VISUAL_DIAG window frame=29 periodic=false win_logical=(1280, 720) win_physical=(1280, 720) scale=1.0 app=1 base=1 flow=2 worldgen=2 readiness_profile=Stage5ReadinessProfile { require_vt4: true, require_vt5: true, require_preview: true, require_partial_metrics: true, require_world_frame: true, require_phase_f_proof: true, require_instanced_draw: true }
2026-05-23T04:28:06.588038Z  INFO visual_diag: VISUAL_DIAG sim_viewport frame=29 sim_valid=true sim_adequate=true sim_min=Vec2(0.0, 0.0) sim_max=Vec2(1280.0, 720.0) sim_wh=(1280, 720) measured_valid=true measured_wh=(1280, 720) committed_wh=(1280, 720) sim_held=true settle_streak=4 layout_settled=true frozen=true last_commit="hole_hold" pending_wh=(1280, 720) pending_min=Vec2(0.0, 0.0) pending_max=Vec2(1280.0, 720.0)
2026-05-23T04:28:06.588045Z  INFO visual_diag: VISUAL_DIAG camera frame=29 cam_desired_x=160.0 cam_desired_y=160.0 cam_zoom=1.0 latch_hole=true render_hole=true latch_invalid_streak=0 latch_valid_streak=28 cam_scissor=Some((0, 0, 1280, 720)) ortho_fixed_w=1280 ortho_fixed_h=720 map_view_px_w=1280 map_view_px_h=720 world_w=320 world_h=320
2026-05-23T04:28:06.588050Z  INFO visual_diag: VISUAL_DIAG resolved_viewports frame=29 resolved_rev=60 primary_valid=true primary_wh=(1280, 720) sim_resolved_valid=true sim_resolved_wh=(1280, 720) preview_valid=true preview_wh=(372, 362) minimap_valid=true minimap_wh=(397, 160) mismatch_preview=false mismatch_minimap=false mismatch_sim_map=false mismatch_stale_tex=false
2026-05-23T04:28:06.588053Z  INFO visual_diag: VISUAL_DIAG map_view_frames frame=29 world_preview_proj_rev=1554780161531 minimap_proj_rev=687208767801 sim_map_proj_rev=3092390454444
2026-05-23T04:28:06.588056Z  INFO visual_diag: VISUAL_DIAG map_presentation frame=29 wp_fit=Contain wp_viewport=UVec2(372, 362) wp_fit_scale=1.10595703125 wp_expected_fit_scale=1.10595703125 wp_zoom=1.0407500267028809 mm_fit=Cover mm_viewport=UVec2(397, 160) mm_fit_scale=1.2409179210662842
2026-05-23T04:28:06.588061Z  INFO visual_diag: VISUAL_DIAG render_spine frame=29 raster_rev=14 repr_band=0 repr_lod="LocalTactical" particle_rows_cap=262144 visual_intent="Strategic" visual_zoom_alpha=0.00700009148567915 fire_particle_rows=0 fire_particle_stamp=30 overlay_rev=0 overlay_chunk_cells=0 graph_fire_inst=0 graph_fire_heat=0 gpu_instance_rows=0 gpu_dispatch=0 gpu_draw=0
2026-05-23T04:28:06.588064Z  INFO visual_diag: VISUAL_DIAG perf frame=29 tile_raster_ms=0.0 tile_raster_ran=false world_repr_ms=0.005799999926239252 projection_graph_ms=0.0004000000189989805 domain_merge_ms=0.0 readiness_ms=0.0215000007301569 cpu_pre_egui_ms=0.0 cpu_egui_ms=0.0 cpu_post_egui_ms=0.0 gpu_gap_ms=0.0
2026-05-23T04:28:06.588068Z  INFO visual_diag: VISUAL_DIAG hud_shell frame=29 cmd_shell=false overlay_tray=false transmission=false
2026-05-23T04:28:06.588087Z  INFO perf: PERF wall=8.00 instr=0.03 gap=7.97 | cpu_pre_egui=5.84 cpu_egui=1.25 cpu_post_egui=0.91 gpu_gap=0.00 | spine=0.00 world_repr=0.01 graph=0.00 merge=0.00 atm=0.00 readiness=0.02 raster=0.00 (idle) | upd_attrib sum=1.50 pv_cpu=0.00 pv_gpu=0.00 fire=0.10 stream=1.07 map_fit=0.00 hud=0.06 wgen=0.27 | budget_sum=5.19 hud=0.06 overlay=0.00 raster_b=5.12 particles=0.00 residency=0.01 tex_reg=0.00 render_x=0.00 | egui_unbudgeted=1.19 | stall first+preupd=0.05 update=0.00 post_dom=0.00 post_vt=0.01 postÔåÆready=0.00 ready=0.08 postÔåÆegui=1.82 egui=1.16 post_egui=0.84
2026-05-23T04:28:06.588096Z  INFO perf: PERF frame=8.0ms update=5.8ms egui=1.2ms preview=0.0ms streaming=1.1ms tile_apply=0.0ms viewport=0.0ms map_fit=0.0ms repr=0.0ms raster=0.0ms
2026-05-23T04:28:06.588906Z  INFO viewport_authority: VIEWPORT_AUTHORITY source=ResolvedViewport valid=true min=Vec2(0.0, 0.0) max=Vec2(1280.0, 720.0) w=1280.0 h=720.0
2026-05-23T04:28:06.590191Z  INFO stage5_live_todos: STAGE5_MAP_CAMERA_HOOK post_mirror desired_xy=(160.00,160.00) zoom=1.0000 world_main_xy=(160.00,160.00) zoom=1.0000 bridge_drift=0.0000
2026-05-23T04:28:06.590218Z  INFO construction_finish_todos: CONSTRUCTION_FINISH_COMPLETE done=8/8
2026-05-23T04:28:06.590227Z  INFO construction_round2_todos: CONSTRUCTION_ROUND2_COMPLETE done=15/15
2026-05-23T04:28:06.590230Z  INFO construction_round3_todos: CONSTRUCTION_ROUND3_COMPLETE done=27/27
2026-05-23T04:28:06.590235Z  INFO construction_operational_todos: CONSTRUCTION_OPERATIONAL_GREEN
2026-05-23T04:28:06.590252Z  INFO proc_A_dine01::terrain::generation::world_generator_enhanced: Generating Full world with seed: 16535959400916658830 (320├ù320)
2026-05-23T04:28:06.697643Z  INFO stage5_live_todos: STAGE5_FIRE_HOOK fire_visual_producer_count=1 (expect 1 for FIRE-01)
2026-05-23T04:28:06.698111Z  INFO stall: STALL after_tile_storage_apply: 109.67ms
2026-05-23T04:28:06.698782Z  INFO stage5_live_todos: STAGE5_SPINE_HOOK policy_present=true graph_present=true fence_committed=true fence_fire_tick=31 world_frame_present=true overlay_rev=0 overlay_chunk_cells=0 atm_partial_dispatch=0 atm_gpu_tex_uploads=0 atm_full_field_fallback=false
2026-05-23T04:28:06.699787Z  INFO industrial_activation_todos: INDUSTRIAL_ACTIVATION_GREEN
2026-05-23T04:28:06.699858Z  INFO viewport_authority: VIEWPORT_AUTHORITY source=UiMeasured valid=true min=Vec2(0.0, 0.0) max=Vec2(1280.0, 720.0) w=1280.0 h=720.0
2026-05-23T04:28:06.699867Z  INFO viewport_authority::solver: VIEWPORT_SOLVER_TARGET node=SimMapFill valid=true rect.source=SimMapFill w=1280.0 h=720.0
2026-05-23T04:28:06.699871Z  INFO viewport_authority: VIEWPORT_AUTHORITY source=LayoutSolver valid=true min=Vec2(0.0, 0.0) max=Vec2(1280.0, 720.0) w=1280.0 h=720.0
2026-05-23T04:28:06.699873Z  INFO viewport_authority: VIEWPORT_AUTHORITY source=LayoutSolver valid=true min=Vec2(0.0, 0.0) max=Vec2(1280.0, 720.0) w=1280.0 h=720.0
2026-05-23T04:28:06.699876Z  INFO viewport_authority: VIEWPORT_AUTHORITY source=UiCommitted valid=true min=Vec2(0.0, 0.0) max=Vec2(1280.0, 720.0) w=1280.0 h=720.0
2026-05-23T04:28:06.699893Z  INFO viewport_authority: VIEWPORT_AUTHORITY source=CameraApplied valid=true min=Vec2(0.0, 0.0) max=Vec2(1280.0, 720.0) w=1280.0 h=720.0
2026-05-23T04:28:06.699917Z  INFO stage5_live_todos: STAGE5_READINESS_HOOK passes=true violations_first=(none) producer_count=1
2026-05-23T04:28:06.699925Z  INFO visual_aidv2_live_todos: VISUAL_AID_V2_BOARD done=3/6 footprint_ok=false readability=true icons=0
2026-05-23T04:28:06.699942Z  INFO stage5_readiness::truth: 
========== STAGE5_FULL_APP_TRUTH (post_update_invocation=31 sim_tick=31) ==========
FULL_APP_PROFILE_ACTIVE: true
stage5_readiness_passes: true
--- AppStage5ReadinessReport (hard gates) ---
vt4_ok: true  [src: evaluate_app_stage5_readiness / VtCiMatrixLiveReport OR VisualAgreementFrame]
vt5_ok: true  [src: evaluate_app_stage5_readiness / VtCiMatrixLiveReport]
single_fire_extract: true  [src: fire_visual_producer_count / REGISTERED_VISUAL_PRODUCERS]
gpu_field_authoritative: true  [src: P2H_GPU_PARTIAL_WRITES_AUTHORITATIVE]
preview_render_target_active: true  [src: preview_authoritative_surface]
phase_d_ok: true  [derived: !require_preview || preview_render_target_active]
overlay_from_shared_buffers_only: true  [src: SharedOverlayFieldBuffers resource exists]
particle_lod_scales: true  [src: GpuRepresentationMetrics vs RepresentationResult band]
phase_f_lod_proof_ok: true  [src: PhaseFLodProofReport]
instanced_dispatch_ok: true  [src: GpuIndirectDrawSpine vs WorldFireParticleDrawDispatch]
phase_f_ok: true  [derived: particle_lod_scales && phase_f_lod_proof_ok && instanced_dispatch_ok]
projection_domains (report): 3  [src: RenderProjectionGraph via evaluate_stage5_spine_checklist]
registered_producers: 2
duplicate_visual_scan_count: 0
--- violations (first = primary suspect) ---
first: (none)
all: []
--- input wiring (MISSING = UNKNOWNÔåÆoperator FAIL) ---
RepresentationResult: true
WorldRepresentationFrame: true
RenderProjectionGraph: true
CommittedVisualSnapshotFence: true
SharedOverlayFieldBuffers: true
GpuRepresentationMetrics: true
VisualAgreementFrame: true
VtCiMatrixLiveReport: true
AtmospherePartialWriteMetrics: true
PreviewCameraState: true
WorldPreviewGpuRuntime: true
PhaseFLodProofReport: true
GpuIndirectDrawSpine: true
WorldFireParticleDrawDispatch: true
FireSimulationSnapshot: true
MISSING_WIRING_FULL_APP: none
================================================================

2026-05-23T04:28:06.700031Z  INFO worldgen_chrome::egui: WORLD_GEN_EGUI_DRAW preview_window_open=true flow=PreviewReady
2026-05-23T04:28:06.700612Z  WARN worldgen_chrome::preview_egui: PREVIEW_EGUI_REBIND (egui texture id churn ÔÇö flicker) rebinds_frame=1 rebinds_total=3 projection_revision=1554780161532 window_open=true preview_ready=true texture_bound=true lifecycle=Rendering
2026-05-23T04:28:06.702366Z  INFO stage5_live_todos: STAGE5_GPU_HOOK indirect_instances=0 dispatch_count=0 draw_instances=0 (PHF-01 alignment)
2026-05-23T04:28:06.702728Z  INFO worldgen_chrome::trace: CHROME_STATE app=Res(State(WorldGen)) worldgen=Res(State(Ready)) base=Res(State(Editor)) flow=Res(State(PreviewReady)) latch_dismissed=false world_gen_visible=true preview_window_open=true lifecycle=Rendering last_dismiss="never"
2026-05-23T04:28:06.702729Z  INFO sim_view_sync: SIM_VIEW_SYNC frame=30 win_logical=(1280, 720) win_physical=(1280, 720) sim_valid=true sim_adequate=true sim_min=Vec2(0.0, 0.0) sim_max=Vec2(1280.0, 720.0) measured_valid=true measured_wh=Vec2(1280.0, 720.0) committed_wh=Vec2(1280.0, 720.0) sim_wh=Vec2(1280.0, 720.0) settle_streak=4 layout_settled=true sim_held=true last_commit="hole_hold" frozen=true pending_wh=Vec2(1280.0, 720.0) cam_hole=true render_hole=true cam_invalid_streak=0 cam_valid_streak=29 cam_scissor=Some((0, 0, 1280, 720)) ortho_fixed_wh=(1280, 720) map_view_px=(1280, 720) raster_rev=14 resolved_rev=62 app=1 base=1 flow=2 worldgen=3 cmd_shell=false overlay_tray=false transmission=false rect_sanity_issues=0 left_stack_collapsed=true map_cam_scale=Vec3(1.0, 1.0, 1.0) minimap_visible=true
2026-05-23T04:28:06.702742Z  INFO visual_diag: VISUAL_DIAG window frame=30 periodic=false win_logical=(1280, 720) win_physical=(1280, 720) scale=1.0 app=1 base=1 flow=2 worldgen=3 readiness_profile=Stage5ReadinessProfile { require_vt4: true, require_vt5: true, require_preview: true, require_partial_metrics: true, require_world_frame: true, require_phase_f_proof: true, require_instanced_draw: true }
2026-05-23T04:28:06.702748Z  INFO visual_diag: VISUAL_DIAG sim_viewport frame=30 sim_valid=true sim_adequate=true sim_min=Vec2(0.0, 0.0) sim_max=Vec2(1280.0, 720.0) sim_wh=(1280, 720) measured_valid=true measured_wh=(1280, 720) committed_wh=(1280, 720) sim_held=true settle_streak=4 layout_settled=true frozen=true last_commit="hole_hold" pending_wh=(1280, 720) pending_min=Vec2(0.0, 0.0) pending_max=Vec2(1280.0, 720.0)
2026-05-23T04:28:06.702753Z  INFO visual_diag: VISUAL_DIAG camera frame=30 cam_desired_x=160.0 cam_desired_y=160.0 cam_zoom=1.0 latch_hole=true render_hole=true latch_invalid_streak=0 latch_valid_streak=29 cam_scissor=Some((0, 0, 1280, 720)) ortho_fixed_w=1280 ortho_fixed_h=720 map_view_px_w=1280 map_view_px_h=720 world_w=320 world_h=320
2026-05-23T04:28:06.702758Z  INFO visual_diag: VISUAL_DIAG resolved_viewports frame=30 resolved_rev=62 primary_valid=true primary_wh=(1280, 720) sim_resolved_valid=true sim_resolved_wh=(1280, 720) preview_valid=true preview_wh=(372, 362) minimap_valid=true minimap_wh=(397, 160) mismatch_preview=false mismatch_minimap=false mismatch_sim_map=false mismatch_stale_tex=false
2026-05-23T04:28:06.702762Z  INFO visual_diag: VISUAL_DIAG map_view_frames frame=30 world_preview_proj_rev=1554780161532 minimap_proj_rev=687208767801 sim_map_proj_rev=3092390454444
2026-05-23T04:28:06.702764Z  INFO visual_diag: VISUAL_DIAG map_presentation frame=30 wp_fit=Contain wp_viewport=UVec2(372, 362) wp_fit_scale=1.10595703125 wp_expected_fit_scale=1.10595703125 wp_zoom=1.0407500267028809 mm_fit=Cover mm_viewport=UVec2(397, 160) mm_fit_scale=1.2409179210662842
2026-05-23T04:28:06.702769Z  INFO visual_diag: VISUAL_DIAG render_spine frame=30 raster_rev=14 repr_band=0 repr_lod="LocalTactical" particle_rows_cap=262144 visual_intent="Strategic" visual_zoom_alpha=0.00700009148567915 fire_particle_rows=0 fire_particle_stamp=31 overlay_rev=0 overlay_chunk_cells=0 graph_fire_inst=0 graph_fire_heat=0 gpu_instance_rows=0 gpu_dispatch=0 gpu_draw=0
2026-05-23T04:28:06.702773Z  INFO visual_diag: VISUAL_DIAG perf frame=30 tile_raster_ms=0.0 tile_raster_ran=false world_repr_ms=0.006000000052154064 projection_graph_ms=0.00020000000949949026 domain_merge_ms=0.0 readiness_ms=0.024299999698996544 cpu_pre_egui_ms=0.0 cpu_egui_ms=0.0 cpu_post_egui_ms=0.0 gpu_gap_ms=0.0
2026-05-23T04:28:06.702776Z  INFO visual_diag: VISUAL_DIAG hud_shell frame=30 cmd_shell=false overlay_tray=false transmission=false
2026-05-23T04:28:06.702793Z  INFO perf: PERF wall=114.39 instr=0.03 gap=114.36 | cpu_pre_egui=111.45 cpu_egui=1.47 cpu_post_egui=1.46 gpu_gap=0.00 | spine=0.00 world_repr=0.01 graph=0.00 merge=0.00 atm=0.00 readiness=0.02 raster=0.00 (idle) | upd_attrib sum=1.62 pv_cpu=0.00 pv_gpu=0.02 fire=0.10 stream=1.09 map_fit=0.00 hud=0.09 wgen=0.32 | budget_sum=5.22 hud=0.09 overlay=0.00 raster_b=5.12 particles=0.00 residency=0.01 tex_reg=0.00 render_x=0.00 | egui_unbudgeted=1.38 | stall first+preupd=0.04 update=0.01 post_dom=0.00 post_vt=0.01 postÔåÆready=0.00 ready=0.09 postÔåÆegui=1.72 egui=1.38 post_egui=1.40 | stall_hits=[after_tile_storage_apply:109.7]
2026-05-23T04:28:06.702801Z  INFO perf: PERF frame=114.4ms update=111.5ms egui=1.5ms preview=0.0ms streaming=1.1ms tile_apply=0.0ms viewport=0.0ms map_fit=0.0ms repr=0.0ms raster=0.0ms
2026-05-23T04:28:06.702805Z  INFO stall: STALL culprit=after_tile_storage_apply duration=109.7ms frame=114.4ms
2026-05-23T04:28:06.703317Z  INFO viewport_authority: VIEWPORT_AUTHORITY source=ResolvedViewport valid=true min=Vec2(0.0, 0.0) max=Vec2(1280.0, 720.0) w=1280.0 h=720.0
2026-05-23T04:28:06.703358Z  INFO proc_A_dine01::gui::editor::world_preview::preview_readiness: PREVIEW STATE: world=false cam=true tex=true proj=true state=Loading world_ready=false camera_ready=true texture_ready=true projection_ready=true missing=Some("world_generation") contract_valid=true wp_half_x=186.21875 wp_half_y=180.953125 wp_logical_w=372.4375 wp_logical_h=361.90625 viewport_rev=64
2026-05-23T04:28:06.704245Z  INFO stage5_live_todos: STAGE5_MAP_CAMERA_HOOK post_mirror desired_xy=(160.00,160.00) zoom=1.0000 world_main_xy=(160.00,160.00) zoom=1.0000 bridge_drift=0.0000
2026-05-23T04:28:06.704277Z  INFO construction_finish_todos: CONSTRUCTION_FINISH_COMPLETE done=8/8
2026-05-23T04:28:06.704289Z  INFO construction_round2_todos: CONSTRUCTION_ROUND2_COMPLETE done=15/15
2026-05-23T04:28:06.704299Z  INFO construction_round3_todos: CONSTRUCTION_ROUND3_COMPLETE done=27/27
2026-05-23T04:28:06.704302Z  INFO construction_operational_todos: CONSTRUCTION_OPERATIONAL_GREEN
2026-05-23T04:28:06.704457Z  INFO stage5_live_todos: STAGE5_FIRE_HOOK fire_visual_producer_count=1 (expect 1 for FIRE-01)
2026-05-23T04:28:06.705562Z  INFO stage5_live_todos: STAGE5_SPINE_HOOK policy_present=true graph_present=true fence_committed=true fence_fire_tick=32 world_frame_present=true overlay_rev=0 overlay_chunk_cells=0 atm_partial_dispatch=0 atm_gpu_tex_uploads=0 atm_full_field_fallback=false
2026-05-23T04:28:06.706456Z  INFO industrial_activation_todos: INDUSTRIAL_ACTIVATION_GREEN
2026-05-23T04:28:06.706508Z  INFO viewport_authority: VIEWPORT_AUTHORITY source=UiMeasured valid=true min=Vec2(0.0, 0.0) max=Vec2(1280.0, 720.0) w=1280.0 h=720.0
2026-05-23T04:28:06.706516Z  INFO viewport_authority::solver: VIEWPORT_SOLVER_TARGET node=SimMapFill valid=true rect.source=SimMapFill w=1280.0 h=720.0
2026-05-23T04:28:06.706520Z  INFO viewport_authority: VIEWPORT_AUTHORITY source=LayoutSolver valid=true min=Vec2(0.0, 0.0) max=Vec2(1280.0, 720.0) w=1280.0 h=720.0
2026-05-23T04:28:06.706522Z  INFO viewport_authority: VIEWPORT_AUTHORITY source=LayoutSolver valid=true min=Vec2(0.0, 0.0) max=Vec2(1280.0, 720.0) w=1280.0 h=720.0
2026-05-23T04:28:06.706525Z  INFO viewport_authority: VIEWPORT_AUTHORITY source=UiCommitted valid=true min=Vec2(0.0, 0.0) max=Vec2(1280.0, 720.0) w=1280.0 h=720.0
2026-05-23T04:28:06.706546Z  INFO viewport_authority: VIEWPORT_AUTHORITY source=CameraApplied valid=true min=Vec2(0.0, 0.0) max=Vec2(1280.0, 720.0) w=1280.0 h=720.0
2026-05-23T04:28:06.706563Z  INFO stage5_live_todos: STAGE5_READINESS_HOOK passes=true violations_first=(none) producer_count=1
2026-05-23T04:28:06.706571Z  INFO visual_aidv2_live_todos: VISUAL_AID_V2_BOARD done=3/6 footprint_ok=false readability=true icons=0
2026-05-23T04:28:06.706608Z  INFO worldgen_chrome::egui: WORLD_GEN_EGUI_DRAW preview_window_open=true flow=PreviewReady
2026-05-23T04:28:06.707010Z  WARN worldgen_chrome::preview_egui: PREVIEW_EGUI_REBIND (egui texture id churn ÔÇö flicker) rebinds_frame=1 rebinds_total=4 projection_revision=1554780161533 window_open=true preview_ready=false texture_bound=true lifecycle=GeneratingWorld
2026-05-23T04:28:06.707985Z  INFO stage5_live_todos: STAGE5_GPU_HOOK indirect_instances=0 dispatch_count=0 draw_instances=0 (PHF-01 alignment)
2026-05-23T04:28:06.708110Z  INFO worldgen_chrome::trace: CHROME_STATE app=Res(State(WorldGen)) worldgen=Res(State(Ready)) base=Res(State(Editor)) flow=Res(State(PreviewReady)) latch_dismissed=false world_gen_visible=true preview_window_open=true lifecycle=GeneratingWorld last_dismiss="never"
2026-05-23T04:28:06.708123Z  INFO visual_diag: VISUAL_DIAG window frame=31 periodic=false win_logical=(1280, 720) win_physical=(1280, 720) scale=1.0 app=1 base=1 flow=2 worldgen=3 readiness_profile=Stage5ReadinessProfile { require_vt4: true, require_vt5: true, require_preview: true, require_partial_metrics: true, require_world_frame: true, require_phase_f_proof: true, require_instanced_draw: true }
2026-05-23T04:28:06.708127Z  INFO visual_diag: VISUAL_DIAG sim_viewport frame=31 sim_valid=true sim_adequate=true sim_min=Vec2(0.0, 0.0) sim_max=Vec2(1280.0, 720.0) sim_wh=(1280, 720) measured_valid=true measured_wh=(1280, 720) committed_wh=(1280, 720) sim_held=true settle_streak=4 layout_settled=true frozen=true last_commit="hole_hold" pending_wh=(1280, 720) pending_min=Vec2(0.0, 0.0) pending_max=Vec2(1280.0, 720.0)
2026-05-23T04:28:06.708133Z  INFO visual_diag: VISUAL_DIAG camera frame=31 cam_desired_x=160.0 cam_desired_y=160.0 cam_zoom=1.0 latch_hole=true render_hole=true latch_invalid_streak=0 latch_valid_streak=30 cam_scissor=Some((0, 0, 1280, 720)) ortho_fixed_w=1280 ortho_fixed_h=720 map_view_px_w=1280 map_view_px_h=720 world_w=320 world_h=320
2026-05-23T04:28:06.708136Z  INFO visual_diag: VISUAL_DIAG resolved_viewports frame=31 resolved_rev=64 primary_valid=true primary_wh=(1280, 720) sim_resolved_valid=true sim_resolved_wh=(1280, 720) preview_valid=true preview_wh=(372, 362) minimap_valid=true minimap_wh=(397, 160) mismatch_preview=false mismatch_minimap=false mismatch_sim_map=false mismatch_stale_tex=false
2026-05-23T04:28:06.708140Z  INFO visual_diag: VISUAL_DIAG map_view_frames frame=31 world_preview_proj_rev=1554780161533 minimap_proj_rev=687208767801 sim_map_proj_rev=3092390454444
2026-05-23T04:28:06.708142Z  INFO visual_diag: VISUAL_DIAG map_presentation frame=31 wp_fit=Contain wp_viewport=UVec2(372, 362) wp_fit_scale=1.10595703125 wp_expected_fit_scale=1.10595703125 wp_zoom=1.0407500267028809 mm_fit=Cover mm_viewport=UVec2(397, 160) mm_fit_scale=1.2409179210662842
2026-05-23T04:28:06.708148Z  INFO visual_diag: VISUAL_DIAG render_spine frame=31 raster_rev=14 repr_band=0 repr_lod="LocalTactical" particle_rows_cap=262144 visual_intent="Strategic" visual_zoom_alpha=0.00700009148567915 fire_particle_rows=0 fire_particle_stamp=32 overlay_rev=0 overlay_chunk_cells=0 graph_fire_inst=0 graph_fire_heat=0 gpu_instance_rows=0 gpu_dispatch=0 gpu_draw=0
2026-05-23T04:28:06.708152Z  INFO visual_diag: VISUAL_DIAG perf frame=31 tile_raster_ms=0.0 tile_raster_ran=false world_repr_ms=0.004100000020116568 projection_graph_ms=0.00010000000474974513 domain_merge_ms=0.00010000000474974513 readiness_ms=0.019299998879432678 cpu_pre_egui_ms=0.0 cpu_egui_ms=0.0 cpu_post_egui_ms=0.0 gpu_gap_ms=0.0
2026-05-23T04:28:06.708155Z  INFO visual_diag: VISUAL_DIAG hud_shell frame=31 cmd_shell=false overlay_tray=false transmission=false
2026-05-23T04:28:06.708160Z  INFO sim_view_sync: SIM_VIEW_SYNC frame=31 win_logical=(1280, 720) win_physical=(1280, 720) sim_valid=true sim_adequate=true sim_min=Vec2(0.0, 0.0) sim_max=Vec2(1280.0, 720.0) measured_valid=true measured_wh=Vec2(1280.0, 720.0) committed_wh=Vec2(1280.0, 720.0) sim_wh=Vec2(1280.0, 720.0) settle_streak=4 layout_settled=true sim_held=true last_commit="hole_hold" frozen=true pending_wh=Vec2(1280.0, 720.0) cam_hole=true render_hole=true cam_invalid_streak=0 cam_valid_streak=30 cam_scissor=Some((0, 0, 1280, 720)) ortho_fixed_wh=(1280, 720) map_view_px=(1280, 720) raster_rev=14 resolved_rev=64 app=1 base=1 flow=2 worldgen=3 cmd_shell=false overlay_tray=false transmission=false rect_sanity_issues=0 left_stack_collapsed=true map_cam_scale=Vec3(1.0, 1.0, 1.0) minimap_visible=true
2026-05-23T04:28:06.708181Z  INFO perf: PERF wall=5.11 instr=0.02 gap=5.08 | cpu_pre_egui=3.44 cpu_egui=0.95 cpu_post_egui=0.72 gpu_gap=0.00 | spine=0.00 world_repr=0.00 graph=0.00 merge=0.00 atm=0.00 readiness=0.02 raster=0.00 (idle) | upd_attrib sum=2.43 pv_cpu=0.00 pv_gpu=0.00 fire=1.11 stream=1.07 map_fit=0.00 hud=0.05 wgen=0.19 | budget_sum=5.18 hud=0.05 overlay=0.00 raster_b=5.12 particles=0.00 residency=0.01 tex_reg=0.00 render_x=0.00 | stall first+preupd=0.03 update=0.01 post_dom=0.00 post_vt=0.04 postÔåÆready=0.01 ready=0.03 postÔåÆegui=0.96 egui=0.87 post_egui=0.65
2026-05-23T04:28:06.708189Z  INFO perf: PERF frame=5.1ms update=3.4ms egui=0.9ms preview=0.0ms streaming=1.1ms tile_apply=0.0ms viewport=0.0ms map_fit=0.0ms repr=0.0ms raster=0.0ms
2026-05-23T04:28:07.143434Z  INFO viewport_authority: VIEWPORT_AUTHORITY source=ResolvedViewport valid=true min=Vec2(0.0, 0.0) max=Vec2(1280.0, 720.0) w=1280.0 h=720.0
2026-05-23T04:28:07.144381Z  INFO stage5_live_todos: STAGE5_MAP_CAMERA_HOOK post_mirror desired_xy=(160.00,160.00) zoom=1.0000 world_main_xy=(160.00,160.00) zoom=1.0000 bridge_drift=0.0000
2026-05-23T04:28:07.144406Z  INFO construction_finish_todos: CONSTRUCTION_FINISH_COMPLETE done=8/8
2026-05-23T04:28:07.144417Z  INFO construction_round2_todos: CONSTRUCTION_ROUND2_COMPLETE done=15/15
2026-05-23T04:28:07.144426Z  INFO construction_round3_todos: CONSTRUCTION_ROUND3_COMPLETE done=27/27
2026-05-23T04:28:07.144431Z  INFO construction_operational_todos: CONSTRUCTION_OPERATIONAL_GREEN
2026-05-23T04:28:07.195084Z  INFO stage5_live_todos: STAGE5_FIRE_HOOK fire_visual_producer_count=1 (expect 1 for FIRE-01)
2026-05-23T04:28:07.196714Z  INFO stall: STALL after_tile_storage_apply: 53.76ms
2026-05-23T04:28:07.196833Z  INFO stage5_live_todos: STAGE5_SPINE_HOOK policy_present=true graph_present=true fence_committed=true fence_fire_tick=33 world_frame_present=true overlay_rev=0 overlay_chunk_cells=0 atm_partial_dispatch=0 atm_gpu_tex_uploads=0 atm_full_field_fallback=false
2026-05-23T04:28:07.198308Z  INFO industrial_activation_todos: INDUSTRIAL_ACTIVATION_GREEN
2026-05-23T04:28:07.198475Z  INFO viewport_authority: VIEWPORT_AUTHORITY source=UiMeasured valid=true min=Vec2(0.0, 0.0) max=Vec2(1280.0, 720.0) w=1280.0 h=720.0
2026-05-23T04:28:07.198486Z  INFO viewport_authority::solver: VIEWPORT_SOLVER_TARGET node=SimMapFill valid=true rect.source=SimMapFill w=1280.0 h=720.0
2026-05-23T04:28:07.198490Z  INFO viewport_authority: VIEWPORT_AUTHORITY source=LayoutSolver valid=true min=Vec2(0.0, 0.0) max=Vec2(1280.0, 720.0) w=1280.0 h=720.0
2026-05-23T04:28:07.198494Z  INFO viewport_authority: VIEWPORT_AUTHORITY source=LayoutSolver valid=true min=Vec2(0.0, 0.0) max=Vec2(1280.0, 720.0) w=1280.0 h=720.0
2026-05-23T04:28:07.198497Z  INFO viewport_authority: VIEWPORT_AUTHORITY source=UiCommitted valid=true min=Vec2(0.0, 0.0) max=Vec2(1280.0, 720.0) w=1280.0 h=720.0
2026-05-23T04:28:07.198527Z  INFO viewport_authority: VIEWPORT_AUTHORITY source=CameraApplied valid=true min=Vec2(0.0, 0.0) max=Vec2(1280.0, 720.0) w=1280.0 h=720.0
2026-05-23T04:28:07.198549Z  INFO stage5_live_todos: STAGE5_READINESS_HOOK passes=true violations_first=(none) producer_count=1
2026-05-23T04:28:07.198555Z  INFO visual_aidv2_live_todos: VISUAL_AID_V2_BOARD done=3/6 footprint_ok=false readability=true icons=0
2026-05-23T04:28:07.198598Z  INFO worldgen_chrome::egui: WORLD_GEN_EGUI_DRAW preview_window_open=true flow=PreviewReady
2026-05-23T04:28:07.200445Z  INFO stage5_live_todos: STAGE5_GPU_HOOK indirect_instances=0 dispatch_count=0 draw_instances=0 (PHF-01 alignment)
2026-05-23T04:28:07.200588Z  INFO visual_diag: VISUAL_DIAG window frame=32 periodic=false win_logical=(1280, 720) win_physical=(1280, 720) scale=1.0 app=1 base=1 flow=2 worldgen=3 readiness_profile=Stage5ReadinessProfile { require_vt4: true, require_vt5: true, require_preview: true, require_partial_metrics: true, require_world_frame: true, require_phase_f_proof: true, require_instanced_draw: true }
2026-05-23T04:28:07.200595Z  INFO visual_diag: VISUAL_DIAG sim_viewport frame=32 sim_valid=true sim_adequate=true sim_min=Vec2(0.0, 0.0) sim_max=Vec2(1280.0, 720.0) sim_wh=(1280, 720) measured_valid=true measured_wh=(1280, 720) committed_wh=(1280, 720) sim_held=true settle_streak=4 layout_settled=true frozen=true last_commit="hole_hold" pending_wh=(1280, 720) pending_min=Vec2(0.0, 0.0) pending_max=Vec2(1280.0, 720.0)
2026-05-23T04:28:07.200600Z  INFO visual_diag: VISUAL_DIAG camera frame=32 cam_desired_x=160.0 cam_desired_y=160.0 cam_zoom=1.0 latch_hole=true render_hole=true latch_invalid_streak=0 latch_valid_streak=31 cam_scissor=Some((0, 0, 1280, 720)) ortho_fixed_w=1280 ortho_fixed_h=720 map_view_px_w=1280 map_view_px_h=720 world_w=320 world_h=320
2026-05-23T04:28:07.200604Z  INFO visual_diag: VISUAL_DIAG resolved_viewports frame=32 resolved_rev=66 primary_valid=true primary_wh=(1280, 720) sim_resolved_valid=true sim_resolved_wh=(1280, 720) preview_valid=true preview_wh=(372, 362) minimap_valid=true minimap_wh=(397, 160) mismatch_preview=false mismatch_minimap=false mismatch_sim_map=false mismatch_stale_tex=false
2026-05-23T04:28:07.200608Z  INFO visual_diag: VISUAL_DIAG map_view_frames frame=32 world_preview_proj_rev=1554780161533 minimap_proj_rev=687208767801 sim_map_proj_rev=3092390454444
2026-05-23T04:28:07.200611Z  INFO visual_diag: VISUAL_DIAG map_presentation frame=32 wp_fit=Contain wp_viewport=UVec2(372, 362) wp_fit_scale=1.10595703125 wp_expected_fit_scale=1.10595703125 wp_zoom=1.0407500267028809 mm_fit=Cover mm_viewport=UVec2(397, 160) mm_fit_scale=1.2409179210662842
2026-05-23T04:28:07.200616Z  INFO visual_diag: VISUAL_DIAG render_spine frame=32 raster_rev=14 repr_band=0 repr_lod="LocalTactical" particle_rows_cap=262144 visual_intent="Strategic" visual_zoom_alpha=0.00700009148567915 fire_particle_rows=0 fire_particle_stamp=33 overlay_rev=0 overlay_chunk_cells=0 graph_fire_inst=0 graph_fire_heat=0 gpu_instance_rows=0 gpu_dispatch=0 gpu_draw=0
2026-05-23T04:28:07.200619Z  INFO visual_diag: VISUAL_DIAG perf frame=32 tile_raster_ms=0.0 tile_raster_ran=false world_repr_ms=0.005400000140070915 projection_graph_ms=0.00010000000474974513 domain_merge_ms=0.0 readiness_ms=0.01759999990463257 cpu_pre_egui_ms=0.0 cpu_egui_ms=0.0 cpu_post_egui_ms=0.0 gpu_gap_ms=0.0
2026-05-23T04:28:07.200623Z  INFO visual_diag: VISUAL_DIAG hud_shell frame=32 cmd_shell=false overlay_tray=false transmission=false
2026-05-23T04:28:07.200648Z  INFO sim_view_sync: SIM_VIEW_SYNC frame=32 win_logical=(1280, 720) win_physical=(1280, 720) sim_valid=true sim_adequate=true sim_min=Vec2(0.0, 0.0) sim_max=Vec2(1280.0, 720.0) measured_valid=true measured_wh=Vec2(1280.0, 720.0) committed_wh=Vec2(1280.0, 720.0) sim_wh=Vec2(1280.0, 720.0) settle_streak=4 layout_settled=true sim_held=true last_commit="hole_hold" frozen=true pending_wh=Vec2(1280.0, 720.0) cam_hole=true render_hole=true cam_invalid_streak=0 cam_valid_streak=31 cam_scissor=Some((0, 0, 1280, 720)) ortho_fixed_wh=(1280, 720) map_view_px=(1280, 720) raster_rev=14 resolved_rev=66 app=1 base=1 flow=2 worldgen=3 cmd_shell=false overlay_tray=false transmission=false rect_sanity_issues=0 left_stack_collapsed=true map_cam_scale=Vec3(1.0, 1.0, 1.0) minimap_visible=true
2026-05-23T04:28:07.200669Z  WARN proc_A_dine01::gui::hud::frame_budget: frame budget anomaly FrameSpike: frame 250.0 ms (avg 59.9 ms)
2026-05-23T04:28:07.200681Z  INFO perf: PERF wall=57.75 instr=0.02 gap=57.72 | cpu_pre_egui=55.55 cpu_egui=1.24 cpu_post_egui=0.96 gpu_gap=0.00 | spine=0.00 world_repr=0.01 graph=0.00 merge=0.00 atm=0.00 readiness=0.02 raster=0.00 (idle) | upd_attrib sum=3.46 pv_cpu=0.00 pv_gpu=0.00 fire=1.75 stream=1.37 map_fit=0.00 hud=0.07 wgen=0.26 | budget_sum=5.20 hud=0.07 overlay=0.00 raster_b=5.12 particles=0.00 residency=0.01 tex_reg=0.00 render_x=0.00 | egui_unbudgeted=1.17 | stall first+preupd=0.04 update=0.01 post_dom=0.01 post_vt=0.06 postÔåÆready=0.01 ready=0.03 postÔåÆegui=1.74 egui=1.15 post_egui=0.88 | stall_hits=[after_tile_storage_apply:53.8]
2026-05-23T04:28:07.200707Z  INFO perf: PERF frame=57.7ms update=55.6ms egui=1.2ms preview=0.0ms streaming=1.4ms tile_apply=0.0ms viewport=0.0ms map_fit=0.0ms repr=0.0ms raster=0.0ms
2026-05-23T04:28:07.200710Z  INFO stall: STALL culprit=after_tile_storage_apply duration=53.8ms frame=57.7ms
2026-05-23T04:28:07.345432Z  INFO stall: STALL preupdate_end: 37.70ms
2026-05-23T04:28:07.345754Z  INFO viewport_authority: VIEWPORT_AUTHORITY source=ResolvedViewport valid=true min=Vec2(0.0, 0.0) max=Vec2(1280.0, 720.0) w=1280.0 h=720.0
2026-05-23T04:28:07.346683Z  INFO construction_finish_todos: CONSTRUCTION_FINISH_COMPLETE done=8/8
2026-05-23T04:28:07.346697Z  INFO construction_round2_todos: CONSTRUCTION_ROUND2_COMPLETE done=15/15
2026-05-23T04:28:07.346704Z  INFO construction_round3_todos: CONSTRUCTION_ROUND3_COMPLETE done=27/27
2026-05-23T04:28:07.346709Z  INFO construction_operational_todos: CONSTRUCTION_OPERATIONAL_GREEN
2026-05-23T04:28:07.346717Z  INFO stage5_live_todos: STAGE5_MAP_CAMERA_HOOK post_mirror desired_xy=(160.00,160.00) zoom=1.0000 world_main_xy=(160.00,160.00) zoom=1.0000 bridge_drift=0.0000
2026-05-23T04:28:07.346910Z  INFO stage5_live_todos: STAGE5_FIRE_HOOK fire_visual_producer_count=1 (expect 1 for FIRE-01)
2026-05-23T04:28:07.348050Z  INFO stage5_live_todos: STAGE5_SPINE_HOOK policy_present=true graph_present=true fence_committed=true fence_fire_tick=34 world_frame_present=true overlay_rev=0 overlay_chunk_cells=0 atm_partial_dispatch=0 atm_gpu_tex_uploads=0 atm_full_field_fallback=false
2026-05-23T04:28:07.348873Z  INFO industrial_activation_todos: INDUSTRIAL_ACTIVATION_GREEN
2026-05-23T04:28:07.348939Z  INFO viewport_authority: VIEWPORT_AUTHORITY source=UiMeasured valid=true min=Vec2(0.0, 0.0) max=Vec2(1280.0, 720.0) w=1280.0 h=720.0
2026-05-23T04:28:07.348946Z  INFO viewport_authority::solver: VIEWPORT_SOLVER_TARGET node=SimMapFill valid=true rect.source=SimMapFill w=1280.0 h=720.0
2026-05-23T04:28:07.348950Z  INFO viewport_authority: VIEWPORT_AUTHORITY source=LayoutSolver valid=true min=Vec2(0.0, 0.0) max=Vec2(1280.0, 720.0) w=1280.0 h=720.0
2026-05-23T04:28:07.348952Z  INFO viewport_authority: VIEWPORT_AUTHORITY source=LayoutSolver valid=true min=Vec2(0.0, 0.0) max=Vec2(1280.0, 720.0) w=1280.0 h=720.0
2026-05-23T04:28:07.348955Z  INFO viewport_authority: VIEWPORT_AUTHORITY source=UiCommitted valid=true min=Vec2(0.0, 0.0) max=Vec2(1280.0, 720.0) w=1280.0 h=720.0
2026-05-23T04:28:07.348979Z  INFO viewport_authority: VIEWPORT_AUTHORITY source=CameraApplied valid=true min=Vec2(0.0, 0.0) max=Vec2(1280.0, 720.0) w=1280.0 h=720.0
2026-05-23T04:28:07.349001Z  INFO stage5_live_todos: STAGE5_READINESS_HOOK passes=true violations_first=(none) producer_count=1
2026-05-23T04:28:07.349014Z  INFO visual_aidv2_live_todos: VISUAL_AID_V2_BOARD done=3/6 footprint_ok=false readability=true icons=0
2026-05-23T04:28:07.378795Z  INFO worldgen_chrome::egui: WORLD_GEN_EGUI_DRAW preview_window_open=true flow=PreviewReady
2026-05-23T04:28:07.379806Z  INFO stall: STALL post_egui: 30.78ms
2026-05-23T04:28:07.380387Z  INFO stage5_live_todos: STAGE5_GPU_HOOK indirect_instances=0 dispatch_count=0 draw_instances=0 (PHF-01 alignment)
2026-05-23T04:28:07.380496Z  INFO visual_diag: VISUAL_DIAG window frame=33 periodic=false win_logical=(1280, 720) win_physical=(1280, 720) scale=1.0 app=1 base=1 flow=2 worldgen=3 readiness_profile=Stage5ReadinessProfile { require_vt4: true, require_vt5: true, require_preview: true, require_partial_metrics: true, require_world_frame: true, require_phase_f_proof: true, require_instanced_draw: true }
2026-05-23T04:28:07.380497Z  INFO sim_view_sync: SIM_VIEW_SYNC frame=33 win_logical=(1280, 720) win_physical=(1280, 720) sim_valid=true sim_adequate=true sim_min=Vec2(0.0, 0.0) sim_max=Vec2(1280.0, 720.0) measured_valid=true measured_wh=Vec2(1280.0, 720.0) committed_wh=Vec2(1280.0, 720.0) sim_wh=Vec2(1280.0, 720.0) settle_streak=4 layout_settled=true sim_held=true last_commit="hole_hold" frozen=true pending_wh=Vec2(1280.0, 720.0) cam_hole=true render_hole=true cam_invalid_streak=0 cam_valid_streak=32 cam_scissor=Some((0, 0, 1280, 720)) ortho_fixed_wh=(1280, 720) map_view_px=(1280, 720) raster_rev=14 resolved_rev=68 app=1 base=1 flow=2 worldgen=3 cmd_shell=false overlay_tray=false transmission=false rect_sanity_issues=0 left_stack_collapsed=true map_cam_scale=Vec3(1.0, 1.0, 1.0) minimap_visible=true
2026-05-23T04:28:07.380503Z  INFO visual_diag: VISUAL_DIAG sim_viewport frame=33 sim_valid=true sim_adequate=true sim_min=Vec2(0.0, 0.0) sim_max=Vec2(1280.0, 720.0) sim_wh=(1280, 720) measured_valid=true measured_wh=(1280, 720) committed_wh=(1280, 720) sim_held=true settle_streak=4 layout_settled=true frozen=true last_commit="hole_hold" pending_wh=(1280, 720) pending_min=Vec2(0.0, 0.0) pending_max=Vec2(1280.0, 720.0)
2026-05-23T04:28:07.380512Z  INFO visual_diag: VISUAL_DIAG camera frame=33 cam_desired_x=160.0 cam_desired_y=160.0 cam_zoom=1.0 latch_hole=true render_hole=true latch_invalid_streak=0 latch_valid_streak=32 cam_scissor=Some((0, 0, 1280, 720)) ortho_fixed_w=1280 ortho_fixed_h=720 map_view_px_w=1280 map_view_px_h=720 world_w=320 world_h=320
2026-05-23T04:28:07.380516Z  INFO visual_diag: VISUAL_DIAG resolved_viewports frame=33 resolved_rev=68 primary_valid=true primary_wh=(1280, 720) sim_resolved_valid=true sim_resolved_wh=(1280, 720) preview_valid=true preview_wh=(372, 362) minimap_valid=true minimap_wh=(397, 160) mismatch_preview=false mismatch_minimap=false mismatch_sim_map=false mismatch_stale_tex=false
2026-05-23T04:28:07.380519Z  INFO visual_diag: VISUAL_DIAG map_view_frames frame=33 world_preview_proj_rev=1554780161533 minimap_proj_rev=687208767801 sim_map_proj_rev=3092390454444
2026-05-23T04:28:07.380522Z  INFO visual_diag: VISUAL_DIAG map_presentation frame=33 wp_fit=Contain wp_viewport=UVec2(372, 362) wp_fit_scale=1.10595703125 wp_expected_fit_scale=1.10595703125 wp_zoom=1.0407500267028809 mm_fit=Cover mm_viewport=UVec2(397, 160) mm_fit_scale=1.2409179210662842
2026-05-23T04:28:07.380526Z  INFO visual_diag: VISUAL_DIAG render_spine frame=33 raster_rev=14 repr_band=0 repr_lod="LocalTactical" particle_rows_cap=262144 visual_intent="Strategic" visual_zoom_alpha=0.00700009148567915 fire_particle_rows=0 fire_particle_stamp=34 overlay_rev=0 overlay_chunk_cells=0 graph_fire_inst=0 graph_fire_heat=0 gpu_instance_rows=0 gpu_dispatch=0 gpu_draw=0
2026-05-23T04:28:07.380529Z  INFO visual_diag: VISUAL_DIAG perf frame=33 tile_raster_ms=0.0 tile_raster_ran=false world_repr_ms=0.00430000014603138 projection_graph_ms=0.00020000000949949026 domain_merge_ms=0.0 readiness_ms=0.028200000524520874 cpu_pre_egui_ms=0.0 cpu_egui_ms=0.0 cpu_post_egui_ms=0.0 gpu_gap_ms=0.0
2026-05-23T04:28:07.380533Z  INFO visual_diag: VISUAL_DIAG hud_shell frame=33 cmd_shell=false overlay_tray=false transmission=false
2026-05-23T04:28:07.380552Z  INFO perf: PERF wall=72.81 instr=0.03 gap=72.78 | cpu_pre_egui=41.21 cpu_egui=30.87 cpu_post_egui=0.73 gpu_gap=0.00 | spine=0.00 world_repr=0.00 graph=0.00 merge=0.00 atm=0.00 readiness=0.03 raster=0.00 (idle) | upd_attrib sum=2.60 pv_cpu=0.00 pv_gpu=0.01 fire=1.15 stream=1.11 map_fit=0.00 hud=0.09 wgen=0.25 | budget_sum=5.21 hud=0.09 overlay=0.00 raster_b=5.12 particles=0.00 residency=0.01 tex_reg=0.00 render_x=0.00 | egui_unbudgeted=30.78 | stall first+preupd=37.70 update=0.01 post_dom=0.01 post_vt=0.04 postÔåÆready=0.01 ready=0.04 postÔåÆegui=0.90 egui=30.78 post_egui=0.69 | stall_hits=[preupdate_end:37.7,post_egui:30.8]
2026-05-23T04:28:07.380904Z  INFO perf: PERF frame=72.8ms update=41.2ms egui=30.9ms preview=0.0ms streaming=1.1ms tile_apply=0.0ms viewport=0.0ms map_fit=0.0ms repr=0.0ms raster=0.0ms
2026-05-23T04:28:07.380908Z  INFO stall: STALL culprit=preupdate_end duration=37.7ms frame=72.8ms
2026-05-23T04:28:07.465535Z  INFO viewport_authority: VIEWPORT_AUTHORITY source=ResolvedViewport valid=true min=Vec2(0.0, 0.0) max=Vec2(1280.0, 720.0) w=1280.0 h=720.0
2026-05-23T04:28:07.466796Z  INFO stage5_live_todos: STAGE5_MAP_CAMERA_HOOK post_mirror desired_xy=(160.00,160.00) zoom=1.0000 world_main_xy=(160.00,160.00) zoom=1.0000 bridge_drift=0.0000
2026-05-23T04:28:07.466818Z  INFO construction_finish_todos: CONSTRUCTION_FINISH_COMPLETE done=8/8
2026-05-23T04:28:07.466831Z  INFO construction_round2_todos: CONSTRUCTION_ROUND2_COMPLETE done=15/15
2026-05-23T04:28:07.466845Z  INFO construction_round3_todos: CONSTRUCTION_ROUND3_COMPLETE done=27/27
2026-05-23T04:28:07.466854Z  INFO construction_operational_todos: CONSTRUCTION_OPERATIONAL_GREEN
2026-05-23T04:28:07.467054Z  INFO stage5_live_todos: STAGE5_FIRE_HOOK fire_visual_producer_count=1 (expect 1 for FIRE-01)
2026-05-23T04:28:07.468365Z  INFO stage5_live_todos: STAGE5_SPINE_HOOK policy_present=true graph_present=true fence_committed=true fence_fire_tick=35 world_frame_present=true overlay_rev=0 overlay_chunk_cells=0 atm_partial_dispatch=0 atm_gpu_tex_uploads=0 atm_full_field_fallback=false
2026-05-23T04:28:07.480610Z  INFO industrial_activation_todos: INDUSTRIAL_ACTIVATION_GREEN
2026-05-23T04:28:07.480720Z  INFO stall: STALL pre_egui: 13.11ms
2026-05-23T04:28:07.480833Z  INFO viewport_authority: VIEWPORT_AUTHORITY source=UiMeasured valid=true min=Vec2(0.0, 0.0) max=Vec2(1280.0, 720.0) w=1280.0 h=720.0
2026-05-23T04:28:07.480837Z  INFO viewport_authority::solver: VIEWPORT_SOLVER_TARGET node=SimMapFill valid=true rect.source=SimMapFill w=1280.0 h=720.0
2026-05-23T04:28:07.480840Z  INFO viewport_authority: VIEWPORT_AUTHORITY source=LayoutSolver valid=true min=Vec2(0.0, 0.0) max=Vec2(1280.0, 720.0) w=1280.0 h=720.0
2026-05-23T04:28:07.480843Z  INFO viewport_authority: VIEWPORT_AUTHORITY source=LayoutSolver valid=true min=Vec2(0.0, 0.0) max=Vec2(1280.0, 720.0) w=1280.0 h=720.0
2026-05-23T04:28:07.480845Z  INFO viewport_authority: VIEWPORT_AUTHORITY source=UiCommitted valid=true min=Vec2(0.0, 0.0) max=Vec2(1280.0, 720.0) w=1280.0 h=720.0
2026-05-23T04:28:07.480957Z  INFO viewport_authority: VIEWPORT_AUTHORITY source=CameraApplied valid=true min=Vec2(0.0, 0.0) max=Vec2(1280.0, 720.0) w=1280.0 h=720.0
2026-05-23T04:28:07.480999Z  INFO stage5_live_todos: STAGE5_READINESS_HOOK passes=true violations_first=(none) producer_count=1
2026-05-23T04:28:07.481004Z  INFO visual_aidv2_live_todos: VISUAL_AID_V2_BOARD done=3/6 footprint_ok=false readability=true icons=0
2026-05-23T04:28:07.481088Z  INFO worldgen_chrome::egui: WORLD_GEN_EGUI_DRAW preview_window_open=true flow=PreviewReady
2026-05-23T04:28:07.484670Z  INFO stage5_live_todos: STAGE5_GPU_HOOK indirect_instances=0 dispatch_count=0 draw_instances=0 (PHF-01 alignment)
2026-05-23T04:28:07.485304Z  INFO visual_diag: VISUAL_DIAG window frame=34 periodic=false win_logical=(1280, 720) win_physical=(1280, 720) scale=1.0 app=1 base=1 flow=2 worldgen=3 readiness_profile=Stage5ReadinessProfile { require_vt4: true, require_vt5: true, require_preview: true, require_partial_metrics: true, require_world_frame: true, require_phase_f_proof: true, require_instanced_draw: true }
2026-05-23T04:28:07.485313Z  INFO visual_diag: VISUAL_DIAG sim_viewport frame=34 sim_valid=true sim_adequate=true sim_min=Vec2(0.0, 0.0) sim_max=Vec2(1280.0, 720.0) sim_wh=(1280, 720) measured_valid=true measured_wh=(1280, 720) committed_wh=(1280, 720) sim_held=true settle_streak=4 layout_settled=true frozen=true last_commit="hole_hold" pending_wh=(1280, 720) pending_min=Vec2(0.0, 0.0) pending_max=Vec2(1280.0, 720.0)
2026-05-23T04:28:07.485311Z  INFO sim_view_sync: SIM_VIEW_SYNC frame=34 win_logical=(1280, 720) win_physical=(1280, 720) sim_valid=true sim_adequate=true sim_min=Vec2(0.0, 0.0) sim_max=Vec2(1280.0, 720.0) measured_valid=true measured_wh=Vec2(1280.0, 720.0) committed_wh=Vec2(1280.0, 720.0) sim_wh=Vec2(1280.0, 720.0) settle_streak=4 layout_settled=true sim_held=true last_commit="hole_hold" frozen=true pending_wh=Vec2(1280.0, 720.0) cam_hole=true render_hole=true cam_invalid_streak=0 cam_valid_streak=33 cam_scissor=Some((0, 0, 1280, 720)) ortho_fixed_wh=(1280, 720) map_view_px=(1280, 720) raster_rev=14 resolved_rev=70 app=1 base=1 flow=2 worldgen=3 cmd_shell=false overlay_tray=false transmission=false rect_sanity_issues=0 left_stack_collapsed=true map_cam_scale=Vec3(1.0, 1.0, 1.0) minimap_visible=true
2026-05-23T04:28:07.485319Z  INFO visual_diag: VISUAL_DIAG camera frame=34 cam_desired_x=160.0 cam_desired_y=160.0 cam_zoom=1.0 latch_hole=true render_hole=true latch_invalid_streak=0 latch_valid_streak=33 cam_scissor=Some((0, 0, 1280, 720)) ortho_fixed_w=1280 ortho_fixed_h=720 map_view_px_w=1280 map_view_px_h=720 world_w=320 world_h=320
2026-05-23T04:28:07.485335Z  INFO visual_diag: VISUAL_DIAG resolved_viewports frame=34 resolved_rev=70 primary_valid=true primary_wh=(1280, 720) sim_resolved_valid=true sim_resolved_wh=(1280, 720) preview_valid=true preview_wh=(372, 362) minimap_valid=true minimap_wh=(397, 160) mismatch_preview=false mismatch_minimap=false mismatch_sim_map=false mismatch_stale_tex=false
2026-05-23T04:28:07.485342Z  INFO visual_diag: VISUAL_DIAG map_view_frames frame=34 world_preview_proj_rev=1554780161533 minimap_proj_rev=687208767801 sim_map_proj_rev=3092390454444
2026-05-23T04:28:07.485345Z  INFO visual_diag: VISUAL_DIAG map_presentation frame=34 wp_fit=Contain wp_viewport=UVec2(372, 362) wp_fit_scale=1.10595703125 wp_expected_fit_scale=1.10595703125 wp_zoom=1.0407500267028809 mm_fit=Cover mm_viewport=UVec2(397, 160) mm_fit_scale=1.2409179210662842
2026-05-23T04:28:07.485351Z  INFO visual_diag: VISUAL_DIAG render_spine frame=34 raster_rev=14 repr_band=0 repr_lod="LocalTactical" particle_rows_cap=262144 visual_intent="Strategic" visual_zoom_alpha=0.00700009148567915 fire_particle_rows=0 fire_particle_stamp=35 overlay_rev=0 overlay_chunk_cells=0 graph_fire_inst=0 graph_fire_heat=0 gpu_instance_rows=0 gpu_dispatch=0 gpu_draw=0
2026-05-23T04:28:07.485356Z  INFO visual_diag: VISUAL_DIAG perf frame=34 tile_raster_ms=0.0 tile_raster_ran=false world_repr_ms=0.004699999932199717 projection_graph_ms=0.00020000000949949026 domain_merge_ms=0.0 readiness_ms=0.014299999922513962 cpu_pre_egui_ms=0.0 cpu_egui_ms=0.0 cpu_post_egui_ms=0.0 gpu_gap_ms=0.0
2026-05-23T04:28:07.485359Z  INFO visual_diag: VISUAL_DIAG hud_shell frame=34 cmd_shell=false overlay_tray=false transmission=false
2026-05-23T04:28:07.485383Z  INFO perf: PERF wall=20.16 instr=0.02 gap=20.14 | cpu_pre_egui=15.60 cpu_egui=1.24 cpu_post_egui=3.32 gpu_gap=0.00 | spine=0.00 world_repr=0.00 graph=0.00 merge=0.00 atm=0.00 readiness=0.01 raster=0.00 (idle) | upd_attrib sum=1.62 pv_cpu=0.00 pv_gpu=0.00 fire=0.08 stream=1.27 map_fit=0.00 hud=0.06 wgen=0.21 | budget_sum=5.18 hud=0.06 overlay=0.00 raster_b=5.12 particles=0.00 residency=0.01 tex_reg=0.00 render_x=0.00 | egui_unbudgeted=1.19 | stall first+preupd=0.03 update=0.05 post_dom=0.03 post_vt=0.15 postÔåÆready=0.02 ready=0.06 postÔåÆegui=13.11 egui=1.02 post_egui=3.25 | stall_hits=[pre_egui:13.1]
2026-05-23T04:28:07.485391Z  INFO perf: PERF frame=20.2ms update=15.6ms egui=1.2ms preview=0.0ms streaming=1.3ms tile_apply=0.0ms viewport=0.0ms map_fit=0.0ms repr=0.0ms raster=0.0ms
2026-05-23T04:28:07.485395Z  INFO stall: STALL culprit=pre_egui duration=13.1ms frame=20.2ms
2026-05-23T04:28:07.580179Z  INFO viewport_authority: VIEWPORT_AUTHORITY source=ResolvedViewport valid=true min=Vec2(0.0, 0.0) max=Vec2(1280.0, 720.0) w=1280.0 h=720.0
2026-05-23T04:28:07.589573Z  INFO stage5_live_todos: STAGE5_MAP_CAMERA_HOOK post_mirror desired_xy=(160.00,160.00) zoom=1.0000 world_main_xy=(160.00,160.00) zoom=1.0000 bridge_drift=0.0000
2026-05-23T04:28:07.589746Z  INFO construction_finish_todos: CONSTRUCTION_FINISH_COMPLETE done=8/8
2026-05-23T04:28:07.589827Z  INFO construction_round2_todos: CONSTRUCTION_ROUND2_COMPLETE done=15/15
2026-05-23T04:28:07.589870Z  INFO construction_round3_todos: CONSTRUCTION_ROUND3_COMPLETE done=27/27
2026-05-23T04:28:07.589912Z  INFO construction_operational_todos: CONSTRUCTION_OPERATIONAL_GREEN
2026-05-23T04:28:07.591671Z  INFO stage5_live_todos: STAGE5_FIRE_HOOK fire_visual_producer_count=1 (expect 1 for FIRE-01)
2026-05-23T04:28:07.593649Z  INFO stall: STALL after_tile_storage_apply: 13.65ms
2026-05-23T04:28:07.593805Z  INFO stage5_live_todos: STAGE5_SPINE_HOOK policy_present=true graph_present=true fence_committed=true fence_fire_tick=36 world_frame_present=true overlay_rev=0 overlay_chunk_cells=0 atm_partial_dispatch=0 atm_gpu_tex_uploads=0 atm_full_field_fallback=false
2026-05-23T04:28:07.595570Z  INFO industrial_activation_todos: INDUSTRIAL_ACTIVATION_GREEN
2026-05-23T04:28:07.595730Z  INFO viewport_authority: VIEWPORT_AUTHORITY source=UiMeasured valid=true min=Vec2(0.0, 0.0) max=Vec2(1280.0, 720.0) w=1280.0 h=720.0
2026-05-23T04:28:07.595736Z  INFO viewport_authority::solver: VIEWPORT_SOLVER_TARGET node=SimMapFill valid=true rect.source=SimMapFill w=1280.0 h=720.0
2026-05-23T04:28:07.595739Z  INFO viewport_authority: VIEWPORT_AUTHORITY source=LayoutSolver valid=true min=Vec2(0.0, 0.0) max=Vec2(1280.0, 720.0) w=1280.0 h=720.0
2026-05-23T04:28:07.595742Z  INFO viewport_authority: VIEWPORT_AUTHORITY source=LayoutSolver valid=true min=Vec2(0.0, 0.0) max=Vec2(1280.0, 720.0) w=1280.0 h=720.0
2026-05-23T04:28:07.595745Z  INFO viewport_authority: VIEWPORT_AUTHORITY source=UiCommitted valid=true min=Vec2(0.0, 0.0) max=Vec2(1280.0, 720.0) w=1280.0 h=720.0
2026-05-23T04:28:07.595754Z  INFO viewport_authority: VIEWPORT_AUTHORITY source=CameraApplied valid=true min=Vec2(0.0, 0.0) max=Vec2(1280.0, 720.0) w=1280.0 h=720.0
2026-05-23T04:28:07.595783Z  INFO stage5_live_todos: STAGE5_READINESS_HOOK passes=true violations_first=(none) producer_count=1
2026-05-23T04:28:07.595793Z  INFO visual_aidv2_live_todos: VISUAL_AID_V2_BOARD done=3/6 footprint_ok=false readability=true icons=0
2026-05-23T04:28:07.595854Z  INFO worldgen_chrome::egui: WORLD_GEN_EGUI_DRAW preview_window_open=true flow=PreviewReady
2026-05-23T04:28:07.597392Z  INFO stage5_live_todos: STAGE5_GPU_HOOK indirect_instances=0 dispatch_count=0 draw_instances=0 (PHF-01 alignment)
2026-05-23T04:28:07.644744Z  INFO stall: STALL last: 47.89ms
2026-05-23T04:28:07.644746Z  INFO visual_diag: VISUAL_DIAG window frame=35 periodic=false win_logical=(1280, 720) win_physical=(1280, 720) scale=1.0 app=1 base=1 flow=2 worldgen=3 readiness_profile=Stage5ReadinessProfile { require_vt4: true, require_vt5: true, require_preview: true, require_partial_metrics: true, require_world_frame: true, require_phase_f_proof: true, require_instanced_draw: true }
2026-05-23T04:28:07.644748Z  INFO sim_view_sync: SIM_VIEW_SYNC frame=35 win_logical=(1280, 720) win_physical=(1280, 720) sim_valid=true sim_adequate=true sim_min=Vec2(0.0, 0.0) sim_max=Vec2(1280.0, 720.0) measured_valid=true measured_wh=Vec2(1280.0, 720.0) committed_wh=Vec2(1280.0, 720.0) sim_wh=Vec2(1280.0, 720.0) settle_streak=4 layout_settled=true sim_held=true last_commit="hole_hold" frozen=true pending_wh=Vec2(1280.0, 720.0) cam_hole=true render_hole=true cam_invalid_streak=0 cam_valid_streak=34 cam_scissor=Some((0, 0, 1280, 720)) ortho_fixed_wh=(1280, 720) map_view_px=(1280, 720) raster_rev=14 resolved_rev=72 app=1 base=1 flow=2 worldgen=3 cmd_shell=false overlay_tray=false transmission=false rect_sanity_issues=0 left_stack_collapsed=true map_cam_scale=Vec3(1.0, 1.0, 1.0) minimap_visible=true
2026-05-23T04:28:07.644765Z  INFO visual_diag: VISUAL_DIAG sim_viewport frame=35 sim_valid=true sim_adequate=true sim_min=Vec2(0.0, 0.0) sim_max=Vec2(1280.0, 720.0) sim_wh=(1280, 720) measured_valid=true measured_wh=(1280, 720) committed_wh=(1280, 720) sim_held=true settle_streak=4 layout_settled=true frozen=true last_commit="hole_hold" pending_wh=(1280, 720) pending_min=Vec2(0.0, 0.0) pending_max=Vec2(1280.0, 720.0)
2026-05-23T04:28:07.644774Z  INFO visual_diag: VISUAL_DIAG camera frame=35 cam_desired_x=160.0 cam_desired_y=160.0 cam_zoom=1.0 latch_hole=true render_hole=true latch_invalid_streak=0 latch_valid_streak=34 cam_scissor=Some((0, 0, 1280, 720)) ortho_fixed_w=1280 ortho_fixed_h=720 map_view_px_w=1280 map_view_px_h=720 world_w=320 world_h=320
2026-05-23T04:28:07.644779Z  INFO visual_diag: VISUAL_DIAG resolved_viewports frame=35 resolved_rev=72 primary_valid=true primary_wh=(1280, 720) sim_resolved_valid=true sim_resolved_wh=(1280, 720) preview_valid=true preview_wh=(372, 362) minimap_valid=true minimap_wh=(397, 160) mismatch_preview=false mismatch_minimap=false mismatch_sim_map=false mismatch_stale_tex=false
2026-05-23T04:28:07.644783Z  INFO visual_diag: VISUAL_DIAG map_view_frames frame=35 world_preview_proj_rev=1554780161533 minimap_proj_rev=687208767801 sim_map_proj_rev=3092390454444
2026-05-23T04:28:07.644786Z  INFO visual_diag: VISUAL_DIAG map_presentation frame=35 wp_fit=Contain wp_viewport=UVec2(372, 362) wp_fit_scale=1.10595703125 wp_expected_fit_scale=1.10595703125 wp_zoom=1.0407500267028809 mm_fit=Cover mm_viewport=UVec2(397, 160) mm_fit_scale=1.2409179210662842
2026-05-23T04:28:07.644793Z  INFO visual_diag: VISUAL_DIAG render_spine frame=35 raster_rev=14 repr_band=0 repr_lod="LocalTactical" particle_rows_cap=262144 visual_intent="Strategic" visual_zoom_alpha=0.00700009148567915 fire_particle_rows=0 fire_particle_stamp=36 overlay_rev=0 overlay_chunk_cells=0 graph_fire_inst=0 graph_fire_heat=0 gpu_instance_rows=0 gpu_dispatch=0 gpu_draw=0
2026-05-23T04:28:07.644797Z  INFO visual_diag: VISUAL_DIAG perf frame=35 tile_raster_ms=0.0 tile_raster_ran=false world_repr_ms=0.005799999926239252 projection_graph_ms=0.0003000000142492354 domain_merge_ms=0.0 readiness_ms=0.022700000554323196 cpu_pre_egui_ms=0.0 cpu_egui_ms=0.0 cpu_post_egui_ms=0.0 gpu_gap_ms=0.0
2026-05-23T04:28:07.644801Z  INFO visual_diag: VISUAL_DIAG hud_shell frame=35 cmd_shell=false overlay_tray=false transmission=false
2026-05-23T04:28:07.644824Z  INFO perf: PERF wall=64.85 instr=0.03 gap=64.82 | cpu_pre_egui=15.77 cpu_egui=1.12 cpu_post_egui=47.96 gpu_gap=0.00 | spine=0.00 world_repr=0.01 graph=0.00 merge=0.00 atm=0.00 readiness=0.02 raster=0.00 (idle) | upd_attrib sum=4.13 pv_cpu=0.00 pv_gpu=0.00 fire=2.13 stream=1.67 map_fit=0.00 hud=0.07 wgen=0.25 | budget_sum=5.20 hud=0.07 overlay=0.00 raster_b=5.12 particles=0.00 residency=0.01 tex_reg=0.00 render_x=0.00 | egui_unbudgeted=1.05 | stall first+preupd=0.03 update=0.00 post_dom=0.01 post_vt=0.01 postÔåÆready=0.00 ready=0.05 postÔåÆegui=2.08 egui=1.04 post_egui=47.89 | stall_hits=[after_tile_storage_apply:13.7,last:47.9]
2026-05-23T04:28:07.644860Z  INFO perf: PERF frame=64.9ms update=15.8ms egui=1.1ms preview=0.0ms streaming=1.7ms tile_apply=0.0ms viewport=0.0ms map_fit=0.0ms repr=0.0ms raster=0.0ms
2026-05-23T04:28:07.644865Z  INFO stall: STALL culprit=last duration=47.9ms frame=64.9ms
2026-05-23T04:28:07.727773Z  INFO viewport_authority: VIEWPORT_AUTHORITY source=ResolvedViewport valid=true min=Vec2(0.0, 0.0) max=Vec2(1280.0, 720.0) w=1280.0 h=720.0
2026-05-23T04:28:07.728745Z  INFO construction_finish_todos: CONSTRUCTION_FINISH_COMPLETE done=8/8
2026-05-23T04:28:07.728757Z  INFO construction_round2_todos: CONSTRUCTION_ROUND2_COMPLETE done=15/15
2026-05-23T04:28:07.728763Z  INFO construction_round3_todos: CONSTRUCTION_ROUND3_COMPLETE done=27/27
2026-05-23T04:28:07.728767Z  INFO construction_operational_todos: CONSTRUCTION_OPERATIONAL_GREEN
2026-05-23T04:28:07.728773Z  INFO stage5_live_todos: STAGE5_MAP_CAMERA_HOOK post_mirror desired_xy=(160.00,160.00) zoom=1.0000 world_main_xy=(160.00,160.00) zoom=1.0000 bridge_drift=0.0000
2026-05-23T04:28:07.728958Z  INFO stage5_live_todos: STAGE5_FIRE_HOOK fire_visual_producer_count=1 (expect 1 for FIRE-01)
2026-05-23T04:28:07.730055Z  INFO stage5_live_todos: STAGE5_SPINE_HOOK policy_present=true graph_present=true fence_committed=true fence_fire_tick=37 world_frame_present=true overlay_rev=0 overlay_chunk_cells=0 atm_partial_dispatch=0 atm_gpu_tex_uploads=0 atm_full_field_fallback=false
2026-05-23T04:28:07.730870Z  INFO industrial_activation_todos: INDUSTRIAL_ACTIVATION_GREEN
2026-05-23T04:28:07.730935Z  INFO viewport_authority: VIEWPORT_AUTHORITY source=UiMeasured valid=true min=Vec2(0.0, 0.0) max=Vec2(1280.0, 720.0) w=1280.0 h=720.0
2026-05-23T04:28:07.730941Z  INFO viewport_authority::solver: VIEWPORT_SOLVER_TARGET node=SimMapFill valid=true rect.source=SimMapFill w=1280.0 h=720.0
2026-05-23T04:28:07.730945Z  INFO viewport_authority: VIEWPORT_AUTHORITY source=LayoutSolver valid=true min=Vec2(0.0, 0.0) max=Vec2(1280.0, 720.0) w=1280.0 h=720.0
2026-05-23T04:28:07.730948Z  INFO viewport_authority: VIEWPORT_AUTHORITY source=LayoutSolver valid=true min=Vec2(0.0, 0.0) max=Vec2(1280.0, 720.0) w=1280.0 h=720.0
2026-05-23T04:28:07.730951Z  INFO viewport_authority: VIEWPORT_AUTHORITY source=UiCommitted valid=true min=Vec2(0.0, 0.0) max=Vec2(1280.0, 720.0) w=1280.0 h=720.0
2026-05-23T04:28:07.730979Z  INFO viewport_authority: VIEWPORT_AUTHORITY source=CameraApplied valid=true min=Vec2(0.0, 0.0) max=Vec2(1280.0, 720.0) w=1280.0 h=720.0
2026-05-23T04:28:07.730998Z  INFO stage5_live_todos: STAGE5_READINESS_HOOK passes=true violations_first=(none) producer_count=1
2026-05-23T04:28:07.731003Z  INFO visual_aidv2_live_todos: VISUAL_AID_V2_BOARD done=3/6 footprint_ok=false readability=true icons=0
2026-05-23T04:28:07.731044Z  INFO worldgen_chrome::egui: WORLD_GEN_EGUI_DRAW preview_window_open=true flow=PreviewReady
2026-05-23T04:28:07.732697Z  INFO stage5_live_todos: STAGE5_GPU_HOOK indirect_instances=0 dispatch_count=0 draw_instances=0 (PHF-01 alignment)
2026-05-23T04:28:07.732818Z  INFO visual_diag: VISUAL_DIAG window frame=36 periodic=false win_logical=(1280, 720) win_physical=(1280, 720) scale=1.0 app=1 base=1 flow=2 worldgen=3 readiness_profile=Stage5ReadinessProfile { require_vt4: true, require_vt5: true, require_preview: true, require_partial_metrics: true, require_world_frame: true, require_phase_f_proof: true, require_instanced_draw: true }
2026-05-23T04:28:07.732825Z  INFO visual_diag: VISUAL_DIAG sim_viewport frame=36 sim_valid=true sim_adequate=true sim_min=Vec2(0.0, 0.0) sim_max=Vec2(1280.0, 720.0) sim_wh=(1280, 720) measured_valid=true measured_wh=(1280, 720) committed_wh=(1280, 720) sim_held=true settle_streak=4 layout_settled=true frozen=true last_commit="hole_hold" pending_wh=(1280, 720) pending_min=Vec2(0.0, 0.0) pending_max=Vec2(1280.0, 720.0)
2026-05-23T04:28:07.732830Z  INFO visual_diag: VISUAL_DIAG camera frame=36 cam_desired_x=160.0 cam_desired_y=160.0 cam_zoom=1.0 latch_hole=true render_hole=true latch_invalid_streak=0 latch_valid_streak=35 cam_scissor=Some((0, 0, 1280, 720)) ortho_fixed_w=1280 ortho_fixed_h=720 map_view_px_w=1280 map_view_px_h=720 world_w=320 world_h=320
2026-05-23T04:28:07.732834Z  INFO visual_diag: VISUAL_DIAG resolved_viewports frame=36 resolved_rev=74 primary_valid=true primary_wh=(1280, 720) sim_resolved_valid=true sim_resolved_wh=(1280, 720) preview_valid=true preview_wh=(372, 362) minimap_valid=true minimap_wh=(397, 160) mismatch_preview=false mismatch_minimap=false mismatch_sim_map=false mismatch_stale_tex=false
2026-05-23T04:28:07.748376Z  INFO visual_diag: VISUAL_DIAG map_view_frames frame=36 world_preview_proj_rev=1554780161533 minimap_proj_rev=687208767801 sim_map_proj_rev=3092390454444
2026-05-23T04:28:07.748383Z  INFO visual_diag: VISUAL_DIAG map_presentation frame=36 wp_fit=Contain wp_viewport=UVec2(372, 362) wp_fit_scale=1.10595703125 wp_expected_fit_scale=1.10595703125 wp_zoom=1.0407500267028809 mm_fit=Cover mm_viewport=UVec2(397, 160) mm_fit_scale=1.2409179210662842
2026-05-23T04:28:07.748389Z  INFO visual_diag: VISUAL_DIAG render_spine frame=36 raster_rev=14 repr_band=0 repr_lod="LocalTactical" particle_rows_cap=262144 visual_intent="Strategic" visual_zoom_alpha=0.00700009148567915 fire_particle_rows=0 fire_particle_stamp=37 overlay_rev=0 overlay_chunk_cells=0 graph_fire_inst=0 graph_fire_heat=0 gpu_instance_rows=0 gpu_dispatch=0 gpu_draw=0
2026-05-23T04:28:07.748393Z  INFO visual_diag: VISUAL_DIAG perf frame=36 tile_raster_ms=0.0 tile_raster_ran=false world_repr_ms=0.004900000058114529 projection_graph_ms=0.0005000000237487257 domain_merge_ms=0.0 readiness_ms=0.014700000174343586 cpu_pre_egui_ms=0.0 cpu_egui_ms=0.0 cpu_post_egui_ms=0.0 gpu_gap_ms=0.0
2026-05-23T04:28:07.748397Z  INFO visual_diag: VISUAL_DIAG hud_shell frame=36 cmd_shell=false overlay_tray=false transmission=false
2026-05-23T04:28:07.748405Z  INFO sim_view_sync: SIM_VIEW_SYNC frame=36 win_logical=(1280, 720) win_physical=(1280, 720) sim_valid=true sim_adequate=true sim_min=Vec2(0.0, 0.0) sim_max=Vec2(1280.0, 720.0) measured_valid=true measured_wh=Vec2(1280.0, 720.0) committed_wh=Vec2(1280.0, 720.0) sim_wh=Vec2(1280.0, 720.0) settle_streak=4 layout_settled=true sim_held=true last_commit="hole_hold" frozen=true pending_wh=Vec2(1280.0, 720.0) cam_hole=true render_hole=true cam_invalid_streak=0 cam_valid_streak=35 cam_scissor=Some((0, 0, 1280, 720)) ortho_fixed_wh=(1280, 720) map_view_px=(1280, 720) raster_rev=14 resolved_rev=74 app=1 base=1 flow=2 worldgen=3 cmd_shell=false overlay_tray=false transmission=false rect_sanity_issues=0 left_stack_collapsed=true map_cam_scale=Vec3(1.0, 1.0, 1.0) minimap_visible=true
2026-05-23T04:28:07.748454Z  INFO perf: PERF wall=21.00 instr=0.02 gap=20.98 | cpu_pre_egui=3.48 cpu_egui=1.07 cpu_post_egui=16.44 gpu_gap=0.00 | spine=0.00 world_repr=0.00 graph=0.00 merge=0.00 atm=0.00 readiness=0.01 raster=0.00 (idle) | upd_attrib sum=2.48 pv_cpu=0.00 pv_gpu=0.01 fire=1.10 stream=1.07 map_fit=0.00 hud=0.06 wgen=0.25 | budget_sum=5.19 hud=0.06 overlay=0.00 raster_b=5.12 particles=0.00 residency=0.01 tex_reg=0.00 render_x=0.00 | egui_unbudgeted=1.01 | stall first+preupd=0.03 update=0.01 post_dom=0.01 post_vt=0.05 postÔåÆready=0.01 ready=0.02 postÔåÆegui=0.89 egui=0.99 post_egui=0.81
2026-05-23T04:28:07.748460Z  INFO perf: PERF frame=21.0ms update=3.5ms egui=1.1ms preview=0.0ms streaming=1.1ms tile_apply=0.0ms viewport=0.0ms map_fit=0.0ms repr=0.0ms raster=0.0ms
2026-05-23T04:28:07.796599Z  INFO viewport_authority: VIEWPORT_AUTHORITY source=ResolvedViewport valid=true min=Vec2(0.0, 0.0) max=Vec2(1280.0, 720.0) w=1280.0 h=720.0
2026-05-23T04:28:07.797513Z  INFO stage5_live_todos: STAGE5_MAP_CAMERA_HOOK post_mirror desired_xy=(160.00,160.00) zoom=1.0000 world_main_xy=(160.00,160.00) zoom=1.0000 bridge_drift=0.0000
2026-05-23T04:28:07.797532Z  INFO construction_finish_todos: CONSTRUCTION_FINISH_COMPLETE done=8/8
2026-05-23T04:28:07.797541Z  INFO construction_round2_todos: CONSTRUCTION_ROUND2_COMPLETE done=15/15
2026-05-23T04:28:07.797546Z  INFO construction_round3_todos: CONSTRUCTION_ROUND3_COMPLETE done=27/27
2026-05-23T04:28:07.797550Z  INFO construction_operational_todos: CONSTRUCTION_OPERATIONAL_GREEN
2026-05-23T04:28:07.797710Z  INFO stage5_live_todos: STAGE5_FIRE_HOOK fire_visual_producer_count=1 (expect 1 for FIRE-01)
2026-05-23T04:28:07.798778Z  INFO stage5_live_todos: STAGE5_SPINE_HOOK policy_present=true graph_present=true fence_committed=true fence_fire_tick=38 world_frame_present=true overlay_rev=0 overlay_chunk_cells=0 atm_partial_dispatch=0 atm_gpu_tex_uploads=0 atm_full_field_fallback=false
2026-05-23T04:28:07.799754Z  INFO industrial_activation_todos: INDUSTRIAL_ACTIVATION_GREEN
2026-05-23T04:28:07.799790Z  INFO viewport_authority: VIEWPORT_AUTHORITY source=UiMeasured valid=true min=Vec2(0.0, 0.0) max=Vec2(1280.0, 720.0) w=1280.0 h=720.0
2026-05-23T04:28:07.799795Z  INFO viewport_authority::solver: VIEWPORT_SOLVER_TARGET node=SimMapFill valid=true rect.source=SimMapFill w=1280.0 h=720.0
2026-05-23T04:28:07.799798Z  INFO viewport_authority: VIEWPORT_AUTHORITY source=LayoutSolver valid=true min=Vec2(0.0, 0.0) max=Vec2(1280.0, 720.0) w=1280.0 h=720.0
2026-05-23T04:28:07.799801Z  INFO viewport_authority: VIEWPORT_AUTHORITY source=LayoutSolver valid=true min=Vec2(0.0, 0.0) max=Vec2(1280.0, 720.0) w=1280.0 h=720.0
2026-05-23T04:28:07.799804Z  INFO viewport_authority: VIEWPORT_AUTHORITY source=UiCommitted valid=true min=Vec2(0.0, 0.0) max=Vec2(1280.0, 720.0) w=1280.0 h=720.0
2026-05-23T04:28:07.799811Z  INFO viewport_authority: VIEWPORT_AUTHORITY source=CameraApplied valid=true min=Vec2(0.0, 0.0) max=Vec2(1280.0, 720.0) w=1280.0 h=720.0
2026-05-23T04:28:07.799833Z  INFO stage5_live_todos: STAGE5_READINESS_HOOK passes=true violations_first=(none) producer_count=1
2026-05-23T04:28:07.799843Z  INFO visual_aidv2_live_todos: VISUAL_AID_V2_BOARD done=3/6 footprint_ok=false readability=true icons=0
2026-05-23T04:28:07.799947Z  INFO worldgen_chrome::egui: WORLD_GEN_EGUI_DRAW preview_window_open=true flow=PreviewReady
2026-05-23T04:28:07.801432Z  INFO stage5_live_todos: STAGE5_GPU_HOOK indirect_instances=0 dispatch_count=0 draw_instances=0 (PHF-01 alignment)
2026-05-23T04:28:07.801536Z  INFO visual_diag: VISUAL_DIAG window frame=37 periodic=false win_logical=(1280, 720) win_physical=(1280, 720) scale=1.0 app=1 base=1 flow=2 worldgen=3 readiness_profile=Stage5ReadinessProfile { require_vt4: true, require_vt5: true, require_preview: true, require_partial_metrics: true, require_world_frame: true, require_phase_f_proof: true, require_instanced_draw: true }
2026-05-23T04:28:07.801539Z  INFO sim_view_sync: SIM_VIEW_SYNC frame=37 win_logical=(1280, 720) win_physical=(1280, 720) sim_valid=true sim_adequate=true sim_min=Vec2(0.0, 0.0) sim_max=Vec2(1280.0, 720.0) measured_valid=true measured_wh=Vec2(1280.0, 720.0) committed_wh=Vec2(1280.0, 720.0) sim_wh=Vec2(1280.0, 720.0) settle_streak=4 layout_settled=true sim_held=true last_commit="hole_hold" frozen=true pending_wh=Vec2(1280.0, 720.0) cam_hole=true render_hole=true cam_invalid_streak=0 cam_valid_streak=36 cam_scissor=Some((0, 0, 1280, 720)) ortho_fixed_wh=(1280, 720) map_view_px=(1280, 720) raster_rev=14 resolved_rev=76 app=1 base=1 flow=2 worldgen=3 cmd_shell=false overlay_tray=false transmission=false rect_sanity_issues=0 left_stack_collapsed=true map_cam_scale=Vec3(1.0, 1.0, 1.0) minimap_visible=true
2026-05-23T04:28:07.801547Z  INFO visual_diag: VISUAL_DIAG sim_viewport frame=37 sim_valid=true sim_adequate=true sim_min=Vec2(0.0, 0.0) sim_max=Vec2(1280.0, 720.0) sim_wh=(1280, 720) measured_valid=true measured_wh=(1280, 720) committed_wh=(1280, 720) sim_held=true settle_streak=4 layout_settled=true frozen=true last_commit="hole_hold" pending_wh=(1280, 720) pending_min=Vec2(0.0, 0.0) pending_max=Vec2(1280.0, 720.0)
2026-05-23T04:28:07.801553Z  INFO visual_diag: VISUAL_DIAG camera frame=37 cam_desired_x=160.0 cam_desired_y=160.0 cam_zoom=1.0 latch_hole=true render_hole=true latch_invalid_streak=0 latch_valid_streak=36 cam_scissor=Some((0, 0, 1280, 720)) ortho_fixed_w=1280 ortho_fixed_h=720 map_view_px_w=1280 map_view_px_h=720 world_w=320 world_h=320
2026-05-23T04:28:07.801557Z  INFO visual_diag: VISUAL_DIAG resolved_viewports frame=37 resolved_rev=76 primary_valid=true primary_wh=(1280, 720) sim_resolved_valid=true sim_resolved_wh=(1280, 720) preview_valid=true preview_wh=(372, 362) minimap_valid=true minimap_wh=(397, 160) mismatch_preview=false mismatch_minimap=false mismatch_sim_map=false mismatch_stale_tex=false
2026-05-23T04:28:07.801561Z  INFO visual_diag: VISUAL_DIAG map_view_frames frame=37 world_preview_proj_rev=1554780161533 minimap_proj_rev=687208767801 sim_map_proj_rev=3092390454444
2026-05-23T04:28:07.801563Z  INFO visual_diag: VISUAL_DIAG map_presentation frame=37 wp_fit=Contain wp_viewport=UVec2(372, 362) wp_fit_scale=1.10595703125 wp_expected_fit_scale=1.10595703125 wp_zoom=1.0407500267028809 mm_fit=Cover mm_viewport=UVec2(397, 160) mm_fit_scale=1.2409179210662842
2026-05-23T04:28:07.801567Z  INFO visual_diag: VISUAL_DIAG render_spine frame=37 raster_rev=14 repr_band=0 repr_lod="LocalTactical" particle_rows_cap=262144 visual_intent="Strategic" visual_zoom_alpha=0.00700009148567915 fire_particle_rows=0 fire_particle_stamp=38 overlay_rev=0 overlay_chunk_cells=0 graph_fire_inst=0 graph_fire_heat=0 gpu_instance_rows=0 gpu_dispatch=0 gpu_draw=0
2026-05-23T04:28:07.801572Z  INFO visual_diag: VISUAL_DIAG perf frame=37 tile_raster_ms=0.0 tile_raster_ran=false world_repr_ms=0.0058999997563660145 projection_graph_ms=0.00010000000474974513 domain_merge_ms=0.0 readiness_ms=0.02110000140964985 cpu_pre_egui_ms=0.0 cpu_egui_ms=0.0 cpu_post_egui_ms=0.0 gpu_gap_ms=0.0
2026-05-23T04:28:07.801575Z  INFO visual_diag: VISUAL_DIAG hud_shell frame=37 cmd_shell=false overlay_tray=false transmission=false
2026-05-23T04:28:07.801589Z  INFO perf: PERF wall=5.40 instr=0.03 gap=5.38 | cpu_pre_egui=3.62 cpu_egui=1.09 cpu_post_egui=0.69 gpu_gap=0.00 | spine=0.00 world_repr=0.01 graph=0.00 merge=0.00 atm=0.00 readiness=0.02 raster=0.00 (idle) | upd_attrib sum=1.38 pv_cpu=0.00 pv_gpu=0.00 fire=0.08 stream=1.03 map_fit=0.00 hud=0.06 wgen=0.21 | budget_sum=5.19 hud=0.06 overlay=0.00 raster_b=5.12 particles=0.00 residency=0.01 tex_reg=0.00 render_x=0.00 | egui_unbudgeted=1.04 | stall first+preupd=0.06 update=0.00 post_dom=0.00 post_vt=0.03 postÔåÆready=0.00 ready=0.04 postÔåÆegui=1.63 egui=1.04 post_egui=0.64
2026-05-23T04:28:07.801594Z  INFO perf: PERF frame=5.4ms update=3.6ms egui=1.1ms preview=0.0ms streaming=1.0ms tile_apply=0.0ms viewport=0.0ms map_fit=0.0ms repr=0.0ms raster=0.0ms
2026-05-23T04:28:08.025207Z  INFO viewport_authority: VIEWPORT_AUTHORITY source=ResolvedViewport valid=true min=Vec2(0.0, 0.0) max=Vec2(1280.0, 720.0) w=1280.0 h=720.0
2026-05-23T04:28:08.026305Z  INFO stage5_live_todos: STAGE5_MAP_CAMERA_HOOK post_mirror desired_xy=(160.00,160.00) zoom=1.0000 world_main_xy=(160.00,160.00) zoom=1.0000 bridge_drift=0.0000
2026-05-23T04:28:08.026324Z  INFO construction_finish_todos: CONSTRUCTION_FINISH_COMPLETE done=8/8
2026-05-23T04:28:08.026334Z  INFO construction_round2_todos: CONSTRUCTION_ROUND2_COMPLETE done=15/15
2026-05-23T04:28:08.026339Z  INFO construction_round3_todos: CONSTRUCTION_ROUND3_COMPLETE done=27/27
2026-05-23T04:28:08.026343Z  INFO construction_operational_todos: CONSTRUCTION_OPERATIONAL_GREEN
2026-05-23T04:28:08.026570Z  INFO stage5_live_todos: STAGE5_FIRE_HOOK fire_visual_producer_count=1 (expect 1 for FIRE-01)
2026-05-23T04:28:08.027748Z  INFO stage5_live_todos: STAGE5_SPINE_HOOK policy_present=true graph_present=true fence_committed=true fence_fire_tick=39 world_frame_present=true overlay_rev=0 overlay_chunk_cells=0 atm_partial_dispatch=0 atm_gpu_tex_uploads=0 atm_full_field_fallback=false
2026-05-23T04:28:08.028617Z  INFO industrial_activation_todos: INDUSTRIAL_ACTIVATION_GREEN
2026-05-23T04:28:08.028662Z  INFO viewport_authority: VIEWPORT_AUTHORITY source=UiMeasured valid=true min=Vec2(0.0, 0.0) max=Vec2(1280.0, 720.0) w=1280.0 h=720.0
2026-05-23T04:28:08.028669Z  INFO viewport_authority::solver: VIEWPORT_SOLVER_TARGET node=SimMapFill valid=true rect.source=SimMapFill w=1280.0 h=720.0
2026-05-23T04:28:08.028673Z  INFO viewport_authority: VIEWPORT_AUTHORITY source=LayoutSolver valid=true min=Vec2(0.0, 0.0) max=Vec2(1280.0, 720.0) w=1280.0 h=720.0
2026-05-23T04:28:08.028676Z  INFO viewport_authority: VIEWPORT_AUTHORITY source=LayoutSolver valid=true min=Vec2(0.0, 0.0) max=Vec2(1280.0, 720.0) w=1280.0 h=720.0
2026-05-23T04:28:08.028679Z  INFO viewport_authority: VIEWPORT_AUTHORITY source=UiCommitted valid=true min=Vec2(0.0, 0.0) max=Vec2(1280.0, 720.0) w=1280.0 h=720.0
2026-05-23T04:28:08.028689Z  INFO viewport_authority: VIEWPORT_AUTHORITY source=CameraApplied valid=true min=Vec2(0.0, 0.0) max=Vec2(1280.0, 720.0) w=1280.0 h=720.0
2026-05-23T04:28:08.074844Z  INFO stage5_live_todos: STAGE5_READINESS_HOOK passes=true violations_first=(none) producer_count=1
2026-05-23T04:28:08.074854Z  INFO visual_aidv2_live_todos: VISUAL_AID_V2_BOARD done=3/6 footprint_ok=false readability=true icons=0
2026-05-23T04:28:08.074865Z  INFO stall: STALL after_readiness: 46.19ms
2026-05-23T04:28:08.074925Z  INFO worldgen_chrome::egui: WORLD_GEN_EGUI_DRAW preview_window_open=true flow=PreviewReady
2026-05-23T04:28:08.076584Z  INFO stage5_live_todos: STAGE5_GPU_HOOK indirect_instances=0 dispatch_count=0 draw_instances=0 (PHF-01 alignment)
2026-05-23T04:28:08.105799Z  INFO stall: STALL last: 29.80ms
2026-05-23T04:28:08.105802Z  INFO visual_diag: VISUAL_DIAG window frame=38 periodic=false win_logical=(1280, 720) win_physical=(1280, 720) scale=1.0 app=1 base=1 flow=2 worldgen=3 readiness_profile=Stage5ReadinessProfile { require_vt4: true, require_vt5: true, require_preview: true, require_partial_metrics: true, require_world_frame: true, require_phase_f_proof: true, require_instanced_draw: true }
2026-05-23T04:28:08.105806Z  INFO sim_view_sync: SIM_VIEW_SYNC frame=38 win_logical=(1280, 720) win_physical=(1280, 720) sim_valid=true sim_adequate=true sim_min=Vec2(0.0, 0.0) sim_max=Vec2(1280.0, 720.0) measured_valid=true measured_wh=Vec2(1280.0, 720.0) committed_wh=Vec2(1280.0, 720.0) sim_wh=Vec2(1280.0, 720.0) settle_streak=4 layout_settled=true sim_held=true last_commit="hole_hold" frozen=true pending_wh=Vec2(1280.0, 720.0) cam_hole=true render_hole=true cam_invalid_streak=0 cam_valid_streak=37 cam_scissor=Some((0, 0, 1280, 720)) ortho_fixed_wh=(1280, 720) map_view_px=(1280, 720) raster_rev=14 resolved_rev=78 app=1 base=1 flow=2 worldgen=3 cmd_shell=false overlay_tray=false transmission=false rect_sanity_issues=0 left_stack_collapsed=true map_cam_scale=Vec3(1.0, 1.0, 1.0) minimap_visible=true
2026-05-23T04:28:08.105814Z  INFO visual_diag: VISUAL_DIAG sim_viewport frame=38 sim_valid=true sim_adequate=true sim_min=Vec2(0.0, 0.0) sim_max=Vec2(1280.0, 720.0) sim_wh=(1280, 720) measured_valid=true measured_wh=(1280, 720) committed_wh=(1280, 720) sim_held=true settle_streak=4 layout_settled=true frozen=true last_commit="hole_hold" pending_wh=(1280, 720) pending_min=Vec2(0.0, 0.0) pending_max=Vec2(1280.0, 720.0)
2026-05-23T04:28:08.105821Z  INFO visual_diag: VISUAL_DIAG camera frame=38 cam_desired_x=160.0 cam_desired_y=160.0 cam_zoom=1.0 latch_hole=true render_hole=true latch_invalid_streak=0 latch_valid_streak=37 cam_scissor=Some((0, 0, 1280, 720)) ortho_fixed_w=1280 ortho_fixed_h=720 map_view_px_w=1280 map_view_px_h=720 world_w=320 world_h=320
2026-05-23T04:28:08.105826Z  INFO visual_diag: VISUAL_DIAG resolved_viewports frame=38 resolved_rev=78 primary_valid=true primary_wh=(1280, 720) sim_resolved_valid=true sim_resolved_wh=(1280, 720) preview_valid=true preview_wh=(372, 362) minimap_valid=true minimap_wh=(397, 160) mismatch_preview=false mismatch_minimap=false mismatch_sim_map=false mismatch_stale_tex=false
2026-05-23T04:28:08.105830Z  INFO visual_diag: VISUAL_DIAG map_view_frames frame=38 world_preview_proj_rev=1554780161533 minimap_proj_rev=687208767801 sim_map_proj_rev=3092390454444
2026-05-23T04:28:08.105833Z  INFO visual_diag: VISUAL_DIAG map_presentation frame=38 wp_fit=Contain wp_viewport=UVec2(372, 362) wp_fit_scale=1.10595703125 wp_expected_fit_scale=1.10595703125 wp_zoom=1.0407500267028809 mm_fit=Cover mm_viewport=UVec2(397, 160) mm_fit_scale=1.2409179210662842
2026-05-23T04:28:08.105840Z  INFO visual_diag: VISUAL_DIAG render_spine frame=38 raster_rev=14 repr_band=0 repr_lod="LocalTactical" particle_rows_cap=262144 visual_intent="Strategic" visual_zoom_alpha=0.00700009148567915 fire_particle_rows=0 fire_particle_stamp=39 overlay_rev=0 overlay_chunk_cells=0 graph_fire_inst=0 graph_fire_heat=0 gpu_instance_rows=0 gpu_dispatch=0 gpu_draw=0
2026-05-23T04:28:08.105844Z  INFO visual_diag: VISUAL_DIAG perf frame=38 tile_raster_ms=0.0 tile_raster_ran=false world_repr_ms=0.005799999926239252 projection_graph_ms=0.0003000000142492354 domain_merge_ms=0.0 readiness_ms=0.023000000044703484 cpu_pre_egui_ms=0.0 cpu_egui_ms=0.0 cpu_post_egui_ms=0.0 gpu_gap_ms=0.0
2026-05-23T04:28:08.105848Z  INFO visual_diag: VISUAL_DIAG hud_shell frame=38 cmd_shell=false overlay_tray=false transmission=false
2026-05-23T04:28:08.105876Z  INFO perf: PERF wall=81.03 instr=0.03 gap=81.00 | cpu_pre_egui=3.83 cpu_egui=47.34 cpu_post_egui=29.86 gpu_gap=0.00 | spine=0.00 world_repr=0.01 graph=0.00 merge=0.00 atm=0.00 readiness=0.02 raster=0.00 (idle) | upd_attrib sum=1.56 pv_cpu=0.00 pv_gpu=0.01 fire=0.08 stream=1.13 map_fit=0.00 hud=0.09 wgen=0.25 | budget_sum=5.22 hud=0.09 overlay=0.00 raster_b=5.12 particles=0.00 residency=0.01 tex_reg=0.00 render_x=0.00 | egui_unbudgeted=47.25 | stall first+preupd=0.04 update=0.01 post_dom=0.00 post_vt=0.01 postÔåÆready=0.00 ready=46.19 postÔåÆegui=1.55 egui=1.14 post_egui=29.80 | stall_hits=[after_readiness:46.2,last:29.8]
2026-05-23T04:28:08.105888Z  INFO perf: PERF frame=81.0ms update=3.8ms egui=47.3ms preview=0.0ms streaming=1.1ms tile_apply=0.0ms viewport=0.0ms map_fit=0.0ms repr=0.0ms raster=0.0ms
2026-05-23T04:28:08.105892Z  INFO stall: STALL culprit=after_readiness duration=46.2ms frame=81.0ms
2026-05-23T04:28:08.106322Z  INFO viewport_authority: VIEWPORT_AUTHORITY source=ResolvedViewport valid=true min=Vec2(0.0, 0.0) max=Vec2(1280.0, 720.0) w=1280.0 h=720.0
2026-05-23T04:28:08.107318Z  INFO stage5_live_todos: STAGE5_MAP_CAMERA_HOOK post_mirror desired_xy=(160.00,160.00) zoom=1.0000 world_main_xy=(160.00,160.00) zoom=1.0000 bridge_drift=0.0000
2026-05-23T04:28:08.107338Z  INFO construction_finish_todos: CONSTRUCTION_FINISH_COMPLETE done=8/8
2026-05-23T04:28:08.107349Z  INFO construction_round2_todos: CONSTRUCTION_ROUND2_COMPLETE done=15/15
2026-05-23T04:28:08.107356Z  INFO construction_round3_todos: CONSTRUCTION_ROUND3_COMPLETE done=27/27
2026-05-23T04:28:08.107361Z  INFO construction_operational_todos: CONSTRUCTION_OPERATIONAL_GREEN
2026-05-23T04:28:08.107516Z  INFO stage5_live_todos: STAGE5_FIRE_HOOK fire_visual_producer_count=1 (expect 1 for FIRE-01)
2026-05-23T04:28:08.108606Z  INFO stage5_live_todos: STAGE5_SPINE_HOOK policy_present=true graph_present=true fence_committed=true fence_fire_tick=40 world_frame_present=true overlay_rev=0 overlay_chunk_cells=0 atm_partial_dispatch=0 atm_gpu_tex_uploads=0 atm_full_field_fallback=false
2026-05-23T04:28:08.109788Z  INFO industrial_activation_todos: INDUSTRIAL_ACTIVATION_GREEN
2026-05-23T04:28:08.109834Z  INFO viewport_authority: VIEWPORT_AUTHORITY source=UiMeasured valid=true min=Vec2(0.0, 0.0) max=Vec2(1280.0, 720.0) w=1280.0 h=720.0
2026-05-23T04:28:08.109842Z  INFO viewport_authority::solver: VIEWPORT_SOLVER_TARGET node=SimMapFill valid=true rect.source=SimMapFill w=1280.0 h=720.0
2026-05-23T04:28:08.109846Z  INFO viewport_authority: VIEWPORT_AUTHORITY source=LayoutSolver valid=true min=Vec2(0.0, 0.0) max=Vec2(1280.0, 720.0) w=1280.0 h=720.0
2026-05-23T04:28:08.109848Z  INFO viewport_authority: VIEWPORT_AUTHORITY source=LayoutSolver valid=true min=Vec2(0.0, 0.0) max=Vec2(1280.0, 720.0) w=1280.0 h=720.0
2026-05-23T04:28:08.109851Z  INFO viewport_authority: VIEWPORT_AUTHORITY source=UiCommitted valid=true min=Vec2(0.0, 0.0) max=Vec2(1280.0, 720.0) w=1280.0 h=720.0
2026-05-23T04:28:08.109859Z  INFO viewport_authority: VIEWPORT_AUTHORITY source=CameraApplied valid=true min=Vec2(0.0, 0.0) max=Vec2(1280.0, 720.0) w=1280.0 h=720.0
2026-05-23T04:28:08.109873Z  INFO stage5_live_todos: STAGE5_READINESS_HOOK passes=true violations_first=(none) producer_count=1
2026-05-23T04:28:08.109879Z  INFO visual_aidv2_live_todos: VISUAL_AID_V2_BOARD done=3/6 footprint_ok=false readability=true icons=0
2026-05-23T04:28:08.109917Z  INFO worldgen_chrome::egui: WORLD_GEN_EGUI_DRAW preview_window_open=true flow=PreviewReady
2026-05-23T04:28:08.111214Z  INFO stage5_live_todos: STAGE5_GPU_HOOK indirect_instances=0 dispatch_count=0 draw_instances=0 (PHF-01 alignment)
2026-05-23T04:28:08.111325Z  INFO visual_diag: VISUAL_DIAG window frame=39 periodic=false win_logical=(1280, 720) win_physical=(1280, 720) scale=1.0 app=1 base=1 flow=2 worldgen=3 readiness_profile=Stage5ReadinessProfile { require_vt4: true, require_vt5: true, require_preview: true, require_partial_metrics: true, require_world_frame: true, require_phase_f_proof: true, require_instanced_draw: true }
2026-05-23T04:28:08.111337Z  INFO visual_diag: VISUAL_DIAG sim_viewport frame=39 sim_valid=true sim_adequate=true sim_min=Vec2(0.0, 0.0) sim_max=Vec2(1280.0, 720.0) sim_wh=(1280, 720) measured_valid=true measured_wh=(1280, 720) committed_wh=(1280, 720) sim_held=true settle_streak=4 layout_settled=true frozen=true last_commit="hole_hold" pending_wh=(1280, 720) pending_min=Vec2(0.0, 0.0) pending_max=Vec2(1280.0, 720.0)
2026-05-23T04:28:08.111343Z  INFO visual_diag: VISUAL_DIAG camera frame=39 cam_desired_x=160.0 cam_desired_y=160.0 cam_zoom=1.0 latch_hole=true render_hole=true latch_invalid_streak=0 latch_valid_streak=38 cam_scissor=Some((0, 0, 1280, 720)) ortho_fixed_w=1280 ortho_fixed_h=720 map_view_px_w=1280 map_view_px_h=720 world_w=320 world_h=320
2026-05-23T04:28:08.111348Z  INFO visual_diag: VISUAL_DIAG resolved_viewports frame=39 resolved_rev=80 primary_valid=true primary_wh=(1280, 720) sim_resolved_valid=true sim_resolved_wh=(1280, 720) preview_valid=true preview_wh=(372, 362) minimap_valid=true minimap_wh=(397, 160) mismatch_preview=false mismatch_minimap=false mismatch_sim_map=false mismatch_stale_tex=false
2026-05-23T04:28:08.111351Z  INFO visual_diag: VISUAL_DIAG map_view_frames frame=39 world_preview_proj_rev=1554780161533 minimap_proj_rev=687208767801 sim_map_proj_rev=3092390454444
2026-05-23T04:28:08.111355Z  INFO visual_diag: VISUAL_DIAG map_presentation frame=39 wp_fit=Contain wp_viewport=UVec2(372, 362) wp_fit_scale=1.10595703125 wp_expected_fit_scale=1.10595703125 wp_zoom=1.0407500267028809 mm_fit=Cover mm_viewport=UVec2(397, 160) mm_fit_scale=1.2409179210662842
2026-05-23T04:28:08.111361Z  INFO visual_diag: VISUAL_DIAG render_spine frame=39 raster_rev=14 repr_band=0 repr_lod="LocalTactical" particle_rows_cap=262144 visual_intent="Strategic" visual_zoom_alpha=0.00700009148567915 fire_particle_rows=0 fire_particle_stamp=40 overlay_rev=0 overlay_chunk_cells=0 graph_fire_inst=0 graph_fire_heat=0 gpu_instance_rows=0 gpu_dispatch=0 gpu_draw=0
2026-05-23T04:28:08.111365Z  INFO visual_diag: VISUAL_DIAG perf frame=39 tile_raster_ms=0.0 tile_raster_ran=false world_repr_ms=0.0052999998442828655 projection_graph_ms=0.00020000000949949026 domain_merge_ms=0.00010000000474974513 readiness_ms=0.01510000042617321 cpu_pre_egui_ms=0.0 cpu_egui_ms=0.0 cpu_post_egui_ms=0.0 gpu_gap_ms=0.0
2026-05-23T04:28:08.111369Z  INFO visual_diag: VISUAL_DIAG hud_shell frame=39 cmd_shell=false overlay_tray=false transmission=false
2026-05-23T04:28:08.111374Z  INFO sim_view_sync: SIM_VIEW_SYNC frame=39 win_logical=(1280, 720) win_physical=(1280, 720) sim_valid=true sim_adequate=true sim_min=Vec2(0.0, 0.0) sim_max=Vec2(1280.0, 720.0) measured_valid=true measured_wh=Vec2(1280.0, 720.0) committed_wh=Vec2(1280.0, 720.0) sim_wh=Vec2(1280.0, 720.0) settle_streak=4 layout_settled=true sim_held=true last_commit="hole_hold" frozen=true pending_wh=Vec2(1280.0, 720.0) cam_hole=true render_hole=true cam_invalid_streak=0 cam_valid_streak=38 cam_scissor=Some((0, 0, 1280, 720)) ortho_fixed_wh=(1280, 720) map_view_px=(1280, 720) raster_rev=14 resolved_rev=80 app=1 base=1 flow=2 worldgen=3 cmd_shell=false overlay_tray=false transmission=false rect_sanity_issues=0 left_stack_collapsed=true map_cam_scale=Vec3(1.0, 1.0, 1.0) minimap_visible=true
2026-05-23T04:28:08.111398Z  INFO perf: PERF wall=5.26 instr=0.02 gap=5.24 | cpu_pre_egui=3.70 cpu_egui=0.87 cpu_post_egui=0.70 gpu_gap=0.00 | spine=0.00 world_repr=0.01 graph=0.00 merge=0.00 atm=0.00 readiness=0.02 raster=0.00 (idle) | upd_attrib sum=1.39 pv_cpu=0.00 pv_gpu=0.00 fire=0.09 stream=1.06 map_fit=0.00 hud=0.05 wgen=0.19 | budget_sum=5.18 hud=0.05 overlay=0.00 raster_b=5.12 particles=0.00 residency=0.02 tex_reg=0.00 render_x=0.00 | stall first+preupd=0.02 update=0.01 post_dom=0.00 post_vt=0.01 postÔåÆready=0.00 ready=0.04 postÔåÆegui=1.87 egui=0.81 post_egui=0.63
2026-05-23T04:28:08.111406Z  INFO perf: PERF frame=5.3ms update=3.7ms egui=0.9ms preview=0.0ms streaming=1.1ms tile_apply=0.0ms viewport=0.0ms map_fit=0.0ms repr=0.0ms raster=0.0ms
2026-05-23T04:28:08.246758Z  INFO viewport_authority: VIEWPORT_AUTHORITY source=ResolvedViewport valid=true min=Vec2(0.0, 0.0) max=Vec2(1280.0, 720.0) w=1280.0 h=720.0
2026-05-23T04:28:08.248064Z  INFO construction_finish_todos: CONSTRUCTION_FINISH_COMPLETE done=8/8
2026-05-23T04:28:08.248123Z  INFO construction_round2_todos: CONSTRUCTION_ROUND2_COMPLETE done=15/15
2026-05-23T04:28:08.248147Z  INFO construction_round3_todos: CONSTRUCTION_ROUND3_COMPLETE done=27/27
2026-05-23T04:28:08.248171Z  INFO construction_operational_todos: CONSTRUCTION_OPERATIONAL_GREEN
2026-05-23T04:28:08.248196Z  INFO stage5_live_todos: STAGE5_MAP_CAMERA_HOOK post_mirror desired_xy=(160.00,160.00) zoom=1.0000 world_main_xy=(160.00,160.00) zoom=1.0000 bridge_drift=0.0000
2026-05-23T04:28:08.249033Z  INFO stage5_live_todos: STAGE5_FIRE_HOOK fire_visual_producer_count=1 (expect 1 for FIRE-01)
2026-05-23T04:28:08.250311Z  INFO stall: STALL after_tile_storage_apply: 28.68ms
2026-05-23T04:28:08.250387Z  INFO stage5_live_todos: STAGE5_SPINE_HOOK policy_present=true graph_present=true fence_committed=true fence_fire_tick=41 world_frame_present=true overlay_rev=0 overlay_chunk_cells=0 atm_partial_dispatch=0 atm_gpu_tex_uploads=0 atm_full_field_fallback=false
2026-05-23T04:28:08.251607Z  INFO industrial_activation_todos: INDUSTRIAL_ACTIVATION_GREEN
2026-05-23T04:28:08.251832Z  INFO viewport_authority: VIEWPORT_AUTHORITY source=UiMeasured valid=true min=Vec2(0.0, 0.0) max=Vec2(1280.0, 720.0) w=1280.0 h=720.0
2026-05-23T04:28:08.251845Z  INFO viewport_authority::solver: VIEWPORT_SOLVER_TARGET node=SimMapFill valid=true rect.source=SimMapFill w=1280.0 h=720.0
2026-05-23T04:28:08.251856Z  INFO viewport_authority: VIEWPORT_AUTHORITY source=LayoutSolver valid=true min=Vec2(0.0, 0.0) max=Vec2(1280.0, 720.0) w=1280.0 h=720.0
2026-05-23T04:28:08.251866Z  INFO viewport_authority: VIEWPORT_AUTHORITY source=LayoutSolver valid=true min=Vec2(0.0, 0.0) max=Vec2(1280.0, 720.0) w=1280.0 h=720.0
2026-05-23T04:28:08.251879Z  INFO viewport_authority: VIEWPORT_AUTHORITY source=UiCommitted valid=true min=Vec2(0.0, 0.0) max=Vec2(1280.0, 720.0) w=1280.0 h=720.0
2026-05-23T04:28:08.251998Z  INFO viewport_authority: VIEWPORT_AUTHORITY source=CameraApplied valid=true min=Vec2(0.0, 0.0) max=Vec2(1280.0, 720.0) w=1280.0 h=720.0
2026-05-23T04:28:08.252048Z  INFO stage5_live_todos: STAGE5_READINESS_HOOK passes=true violations_first=(none) producer_count=1
2026-05-23T04:28:08.252053Z  INFO visual_aidv2_live_todos: VISUAL_AID_V2_BOARD done=3/6 footprint_ok=false readability=true icons=0
2026-05-23T04:28:08.252151Z  INFO worldgen_chrome::egui: WORLD_GEN_EGUI_DRAW preview_window_open=true flow=PreviewReady
2026-05-23T04:28:08.253795Z  INFO stage5_live_todos: STAGE5_GPU_HOOK indirect_instances=0 dispatch_count=0 draw_instances=0 (PHF-01 alignment)
2026-05-23T04:28:08.254114Z  INFO visual_diag: VISUAL_DIAG window frame=40 periodic=false win_logical=(1280, 720) win_physical=(1280, 720) scale=1.0 app=1 base=1 flow=2 worldgen=3 readiness_profile=Stage5ReadinessProfile { require_vt4: true, require_vt5: true, require_preview: true, require_partial_metrics: true, require_world_frame: true, require_phase_f_proof: true, require_instanced_draw: true }
2026-05-23T04:28:08.254134Z  INFO visual_diag: VISUAL_DIAG sim_viewport frame=40 sim_valid=true sim_adequate=true sim_min=Vec2(0.0, 0.0) sim_max=Vec2(1280.0, 720.0) sim_wh=(1280, 720) measured_valid=true measured_wh=(1280, 720) committed_wh=(1280, 720) sim_held=true settle_streak=4 layout_settled=true frozen=true last_commit="hole_hold" pending_wh=(1280, 720) pending_min=Vec2(0.0, 0.0) pending_max=Vec2(1280.0, 720.0)
2026-05-23T04:28:08.254151Z  INFO visual_diag: VISUAL_DIAG camera frame=40 cam_desired_x=160.0 cam_desired_y=160.0 cam_zoom=1.0 latch_hole=true render_hole=true latch_invalid_streak=0 latch_valid_streak=39 cam_scissor=Some((0, 0, 1280, 720)) ortho_fixed_w=1280 ortho_fixed_h=720 map_view_px_w=1280 map_view_px_h=720 world_w=320 world_h=320
2026-05-23T04:28:08.254167Z  INFO visual_diag: VISUAL_DIAG resolved_viewports frame=40 resolved_rev=82 primary_valid=true primary_wh=(1280, 720) sim_resolved_valid=true sim_resolved_wh=(1280, 720) preview_valid=true preview_wh=(372, 362) minimap_valid=true minimap_wh=(397, 160) mismatch_preview=false mismatch_minimap=false mismatch_sim_map=false mismatch_stale_tex=false
2026-05-23T04:28:08.254180Z  INFO visual_diag: VISUAL_DIAG map_view_frames frame=40 world_preview_proj_rev=1554780161533 minimap_proj_rev=687208767801 sim_map_proj_rev=3092390454444
2026-05-23T04:28:08.254190Z  INFO visual_diag: VISUAL_DIAG map_presentation frame=40 wp_fit=Contain wp_viewport=UVec2(372, 362) wp_fit_scale=1.10595703125 wp_expected_fit_scale=1.10595703125 wp_zoom=1.0407500267028809 mm_fit=Cover mm_viewport=UVec2(397, 160) mm_fit_scale=1.2409179210662842
2026-05-23T04:28:08.254204Z  INFO visual_diag: VISUAL_DIAG render_spine frame=40 raster_rev=14 repr_band=0 repr_lod="LocalTactical" particle_rows_cap=262144 visual_intent="Strategic" visual_zoom_alpha=0.00700009148567915 fire_particle_rows=0 fire_particle_stamp=41 overlay_rev=0 overlay_chunk_cells=0 graph_fire_inst=0 graph_fire_heat=0 gpu_instance_rows=0 gpu_dispatch=0 gpu_draw=0
2026-05-23T04:28:08.254218Z  INFO visual_diag: VISUAL_DIAG perf frame=40 tile_raster_ms=0.0 tile_raster_ran=false world_repr_ms=0.005100000184029341 projection_graph_ms=0.00020000000949949026 domain_merge_ms=0.0 readiness_ms=0.014000000432133675 cpu_pre_egui_ms=0.0 cpu_egui_ms=0.0 cpu_post_egui_ms=0.0 gpu_gap_ms=0.0
2026-05-23T04:28:08.254230Z  INFO visual_diag: VISUAL_DIAG hud_shell frame=40 cmd_shell=false overlay_tray=false transmission=false
2026-05-23T04:28:08.254250Z  INFO sim_view_sync: SIM_VIEW_SYNC frame=40 win_logical=(1280, 720) win_physical=(1280, 720) sim_valid=true sim_adequate=true sim_min=Vec2(0.0, 0.0) sim_max=Vec2(1280.0, 720.0) measured_valid=true measured_wh=Vec2(1280.0, 720.0) committed_wh=Vec2(1280.0, 720.0) sim_wh=Vec2(1280.0, 720.0) settle_streak=4 layout_settled=true sim_held=true last_commit="hole_hold" frozen=true pending_wh=Vec2(1280.0, 720.0) cam_hole=true render_hole=true cam_invalid_streak=0 cam_valid_streak=39 cam_scissor=Some((0, 0, 1280, 720)) ortho_fixed_wh=(1280, 720) map_view_px=(1280, 720) raster_rev=14 resolved_rev=82 app=1 base=1 flow=2 worldgen=3 cmd_shell=false overlay_tray=false transmission=false rect_sanity_issues=0 left_stack_collapsed=true map_cam_scale=Vec3(1.0, 1.0, 1.0) minimap_visible=true
2026-05-23T04:28:08.254379Z  INFO perf: PERF wall=32.77 instr=0.02 gap=32.75 | cpu_pre_egui=30.22 cpu_egui=1.32 cpu_post_egui=1.23 gpu_gap=0.00 | spine=0.00 world_repr=0.01 graph=0.00 merge=0.00 atm=0.00 readiness=0.01 raster=0.00 (idle) | upd_attrib sum=2.94 pv_cpu=0.00 pv_gpu=0.04 fire=1.42 stream=1.23 map_fit=0.00 hud=0.05 wgen=0.20 | budget_sum=5.18 hud=0.05 overlay=0.00 raster_b=5.12 particles=0.00 residency=0.01 tex_reg=0.00 render_x=0.00 | egui_unbudgeted=1.27 | stall first+preupd=0.04 update=0.05 post_dom=0.03 post_vt=0.18 postÔåÆready=0.03 ready=0.07 postÔåÆegui=1.41 egui=1.04 post_egui=0.96 | stall_hits=[after_tile_storage_apply:28.7]
2026-05-23T04:28:08.254398Z  INFO perf: PERF frame=32.8ms update=30.2ms egui=1.3ms preview=0.0ms streaming=1.2ms tile_apply=0.0ms viewport=0.0ms map_fit=0.0ms repr=0.0ms raster=0.0ms
2026-05-23T04:28:08.254408Z  INFO stall: STALL culprit=after_tile_storage_apply duration=28.7ms frame=32.8ms
2026-05-23T04:28:08.315041Z  INFO viewport_authority: VIEWPORT_AUTHORITY source=ResolvedViewport valid=true min=Vec2(0.0, 0.0) max=Vec2(1280.0, 720.0) w=1280.0 h=720.0
2026-05-23T04:28:08.315915Z  INFO construction_finish_todos: CONSTRUCTION_FINISH_COMPLETE done=8/8
2026-05-23T04:28:08.315924Z  INFO construction_round2_todos: CONSTRUCTION_ROUND2_COMPLETE done=15/15
2026-05-23T04:28:08.315928Z  INFO construction_round3_todos: CONSTRUCTION_ROUND3_COMPLETE done=27/27
2026-05-23T04:28:08.315931Z  INFO construction_operational_todos: CONSTRUCTION_OPERATIONAL_GREEN
2026-05-23T04:28:08.316593Z  INFO stage5_live_todos: STAGE5_MAP_CAMERA_HOOK post_mirror desired_xy=(160.00,160.00) zoom=1.0000 world_main_xy=(160.00,160.00) zoom=1.0000 bridge_drift=0.0000
2026-05-23T04:28:08.318034Z  INFO stage5_live_todos: STAGE5_FIRE_HOOK fire_visual_producer_count=1 (expect 1 for FIRE-01)
2026-05-23T04:28:08.319598Z  INFO stage5_live_todos: STAGE5_SPINE_HOOK policy_present=true graph_present=true fence_committed=true fence_fire_tick=42 world_frame_present=true overlay_rev=0 overlay_chunk_cells=0 atm_partial_dispatch=0 atm_gpu_tex_uploads=0 atm_full_field_fallback=false
2026-05-23T04:28:08.320515Z  INFO industrial_activation_todos: INDUSTRIAL_ACTIVATION_GREEN
2026-05-23T04:28:08.320561Z  INFO viewport_authority: VIEWPORT_AUTHORITY source=UiMeasured valid=true min=Vec2(0.0, 0.0) max=Vec2(1280.0, 720.0) w=1280.0 h=720.0
2026-05-23T04:28:08.320569Z  INFO viewport_authority::solver: VIEWPORT_SOLVER_TARGET node=SimMapFill valid=true rect.source=SimMapFill w=1280.0 h=720.0
2026-05-23T04:28:08.320572Z  INFO viewport_authority: VIEWPORT_AUTHORITY source=LayoutSolver valid=true min=Vec2(0.0, 0.0) max=Vec2(1280.0, 720.0) w=1280.0 h=720.0
2026-05-23T04:28:08.320576Z  INFO viewport_authority: VIEWPORT_AUTHORITY source=LayoutSolver valid=true min=Vec2(0.0, 0.0) max=Vec2(1280.0, 720.0) w=1280.0 h=720.0
2026-05-23T04:28:08.320579Z  INFO viewport_authority: VIEWPORT_AUTHORITY source=UiCommitted valid=true min=Vec2(0.0, 0.0) max=Vec2(1280.0, 720.0) w=1280.0 h=720.0
2026-05-23T04:28:08.320589Z  INFO viewport_authority: VIEWPORT_AUTHORITY source=CameraApplied valid=true min=Vec2(0.0, 0.0) max=Vec2(1280.0, 720.0) w=1280.0 h=720.0
2026-05-23T04:28:08.320607Z  INFO stage5_live_todos: STAGE5_READINESS_HOOK passes=true violations_first=(none) producer_count=1
2026-05-23T04:28:08.320612Z  INFO visual_aidv2_live_todos: VISUAL_AID_V2_BOARD done=3/6 footprint_ok=false readability=true icons=0
2026-05-23T04:28:08.320742Z  INFO worldgen_chrome::egui: WORLD_GEN_EGUI_DRAW preview_window_open=true flow=PreviewReady
2026-05-23T04:28:08.323690Z  INFO stage5_live_todos: STAGE5_GPU_HOOK indirect_instances=0 dispatch_count=0 draw_instances=0 (PHF-01 alignment)
2026-05-23T04:28:08.324287Z  INFO visual_diag: VISUAL_DIAG window frame=41 periodic=false win_logical=(1280, 720) win_physical=(1280, 720) scale=1.0 app=1 base=1 flow=2 worldgen=3 readiness_profile=Stage5ReadinessProfile { require_vt4: true, require_vt5: true, require_preview: true, require_partial_metrics: true, require_world_frame: true, require_phase_f_proof: true, require_instanced_draw: true }
2026-05-23T04:28:08.324296Z  INFO sim_view_sync: SIM_VIEW_SYNC frame=41 win_logical=(1280, 720) win_physical=(1280, 720) sim_valid=true sim_adequate=true sim_min=Vec2(0.0, 0.0) sim_max=Vec2(1280.0, 720.0) measured_valid=true measured_wh=Vec2(1280.0, 720.0) committed_wh=Vec2(1280.0, 720.0) sim_wh=Vec2(1280.0, 720.0) settle_streak=4 layout_settled=true sim_held=true last_commit="hole_hold" frozen=true pending_wh=Vec2(1280.0, 720.0) cam_hole=true render_hole=true cam_invalid_streak=0 cam_valid_streak=40 cam_scissor=Some((0, 0, 1280, 720)) ortho_fixed_wh=(1280, 720) map_view_px=(1280, 720) raster_rev=14 resolved_rev=84 app=1 base=1 flow=2 worldgen=3 cmd_shell=false overlay_tray=false transmission=false rect_sanity_issues=0 left_stack_collapsed=true map_cam_scale=Vec3(1.0, 1.0, 1.0) minimap_visible=true
2026-05-23T04:28:08.324324Z  INFO visual_diag: VISUAL_DIAG sim_viewport frame=41 sim_valid=true sim_adequate=true sim_min=Vec2(0.0, 0.0) sim_max=Vec2(1280.0, 720.0) sim_wh=(1280, 720) measured_valid=true measured_wh=(1280, 720) committed_wh=(1280, 720) sim_held=true settle_streak=4 layout_settled=true frozen=true last_commit="hole_hold" pending_wh=(1280, 720) pending_min=Vec2(0.0, 0.0) pending_max=Vec2(1280.0, 720.0)
2026-05-23T04:28:08.324351Z  INFO visual_diag: VISUAL_DIAG camera frame=41 cam_desired_x=160.0 cam_desired_y=160.0 cam_zoom=1.0 latch_hole=true render_hole=true latch_invalid_streak=0 latch_valid_streak=40 cam_scissor=Some((0, 0, 1280, 720)) ortho_fixed_w=1280 ortho_fixed_h=720 map_view_px_w=1280 map_view_px_h=720 world_w=320 world_h=320
2026-05-23T04:28:08.324355Z  INFO visual_diag: VISUAL_DIAG resolved_viewports frame=41 resolved_rev=84 primary_valid=true primary_wh=(1280, 720) sim_resolved_valid=true sim_resolved_wh=(1280, 720) preview_valid=true preview_wh=(372, 362) minimap_valid=true minimap_wh=(397, 160) mismatch_preview=false mismatch_minimap=false mismatch_sim_map=false mismatch_stale_tex=false
2026-05-23T04:28:08.324358Z  INFO visual_diag: VISUAL_DIAG map_view_frames frame=41 world_preview_proj_rev=1554780161533 minimap_proj_rev=687208767801 sim_map_proj_rev=3092390454444
2026-05-23T04:28:08.324361Z  INFO visual_diag: VISUAL_DIAG map_presentation frame=41 wp_fit=Contain wp_viewport=UVec2(372, 362) wp_fit_scale=1.10595703125 wp_expected_fit_scale=1.10595703125 wp_zoom=1.0407500267028809 mm_fit=Cover mm_viewport=UVec2(397, 160) mm_fit_scale=1.2409179210662842
2026-05-23T04:28:08.324365Z  INFO visual_diag: VISUAL_DIAG render_spine frame=41 raster_rev=14 repr_band=0 repr_lod="LocalTactical" particle_rows_cap=262144 visual_intent="Strategic" visual_zoom_alpha=0.00700009148567915 fire_particle_rows=0 fire_particle_stamp=42 overlay_rev=0 overlay_chunk_cells=0 graph_fire_inst=0 graph_fire_heat=0 gpu_instance_rows=0 gpu_dispatch=0 gpu_draw=0
2026-05-23T04:28:08.324369Z  INFO visual_diag: VISUAL_DIAG perf frame=41 tile_raster_ms=0.0 tile_raster_ran=false world_repr_ms=0.004600000102072954 projection_graph_ms=0.00010000000474974513 domain_merge_ms=0.0 readiness_ms=0.01600000075995922 cpu_pre_egui_ms=0.0 cpu_egui_ms=0.0 cpu_post_egui_ms=0.0 gpu_gap_ms=0.0
2026-05-23T04:28:08.324372Z  INFO visual_diag: VISUAL_DIAG hud_shell frame=41 cmd_shell=false overlay_tray=false transmission=false
2026-05-23T04:28:08.324406Z  INFO perf: PERF wall=9.66 instr=0.02 gap=9.64 | cpu_pre_egui=5.84 cpu_egui=1.75 cpu_post_egui=2.07 gpu_gap=0.00 | spine=0.00 world_repr=0.00 graph=0.00 merge=0.00 atm=0.00 readiness=0.02 raster=0.00 (idle) | upd_attrib sum=3.08 pv_cpu=0.00 pv_gpu=0.00 fire=1.60 stream=1.22 map_fit=0.00 hud=0.05 wgen=0.20 | budget_sum=5.18 hud=0.05 overlay=0.00 raster_b=5.12 particles=0.00 residency=0.01 tex_reg=0.00 render_x=0.00 | egui_unbudgeted=1.70 | stall first+preupd=0.08 update=0.00 post_dom=0.00 post_vt=0.02 postÔåÆready=0.00 ready=0.04 postÔåÆegui=1.01 egui=1.69 post_egui=1.97
2026-05-23T04:28:08.324415Z  INFO perf: PERF frame=9.7ms update=5.8ms egui=1.8ms preview=0.0ms streaming=1.2ms tile_apply=0.0ms viewport=0.0ms map_fit=0.0ms repr=0.0ms raster=0.0ms
2026-05-23T04:28:08.324770Z  INFO viewport_authority: VIEWPORT_AUTHORITY source=ResolvedViewport valid=true min=Vec2(0.0, 0.0) max=Vec2(1280.0, 720.0) w=1280.0 h=720.0
2026-05-23T04:28:08.325670Z  INFO construction_finish_todos: CONSTRUCTION_FINISH_COMPLETE done=8/8
2026-05-23T04:28:08.325678Z  INFO construction_round2_todos: CONSTRUCTION_ROUND2_COMPLETE done=15/15
2026-05-23T04:28:08.325682Z  INFO construction_round3_todos: CONSTRUCTION_ROUND3_COMPLETE done=27/27
2026-05-23T04:28:08.325685Z  INFO construction_operational_todos: CONSTRUCTION_OPERATIONAL_GREEN
2026-05-23T04:28:08.325717Z  INFO stage5_live_todos: STAGE5_MAP_CAMERA_HOOK post_mirror desired_xy=(160.00,160.00) zoom=1.0000 world_main_xy=(160.00,160.00) zoom=1.0000 bridge_drift=0.0000
2026-05-23T04:28:08.325884Z  INFO stage5_live_todos: STAGE5_FIRE_HOOK fire_visual_producer_count=1 (expect 1 for FIRE-01)
2026-05-23T04:28:08.326942Z  INFO stage5_live_todos: STAGE5_SPINE_HOOK policy_present=true graph_present=true fence_committed=true fence_fire_tick=43 world_frame_present=true overlay_rev=0 overlay_chunk_cells=0 atm_partial_dispatch=0 atm_gpu_tex_uploads=0 atm_full_field_fallback=false
2026-05-23T04:28:08.327804Z  INFO industrial_activation_todos: INDUSTRIAL_ACTIVATION_GREEN
2026-05-23T04:28:08.327846Z  INFO viewport_authority: VIEWPORT_AUTHORITY source=UiMeasured valid=true min=Vec2(0.0, 0.0) max=Vec2(1280.0, 720.0) w=1280.0 h=720.0
2026-05-23T04:28:08.327854Z  INFO viewport_authority::solver: VIEWPORT_SOLVER_TARGET node=SimMapFill valid=true rect.source=SimMapFill w=1280.0 h=720.0
2026-05-23T04:28:08.327857Z  INFO viewport_authority: VIEWPORT_AUTHORITY source=LayoutSolver valid=true min=Vec2(0.0, 0.0) max=Vec2(1280.0, 720.0) w=1280.0 h=720.0
2026-05-23T04:28:08.327860Z  INFO viewport_authority: VIEWPORT_AUTHORITY source=LayoutSolver valid=true min=Vec2(0.0, 0.0) max=Vec2(1280.0, 720.0) w=1280.0 h=720.0
2026-05-23T04:28:08.327863Z  INFO viewport_authority: VIEWPORT_AUTHORITY source=UiCommitted valid=true min=Vec2(0.0, 0.0) max=Vec2(1280.0, 720.0) w=1280.0 h=720.0
2026-05-23T04:28:08.327873Z  INFO viewport_authority: VIEWPORT_AUTHORITY source=CameraApplied valid=true min=Vec2(0.0, 0.0) max=Vec2(1280.0, 720.0) w=1280.0 h=720.0
2026-05-23T04:28:08.327894Z  INFO stage5_live_todos: STAGE5_READINESS_HOOK passes=true violations_first=(none) producer_count=1
2026-05-23T04:28:08.327898Z  INFO visual_aidv2_live_todos: VISUAL_AID_V2_BOARD done=3/6 footprint_ok=false readability=true icons=0
2026-05-23T04:28:08.327958Z  INFO worldgen_chrome::egui: WORLD_GEN_EGUI_DRAW preview_window_open=true flow=PreviewReady
2026-05-23T04:28:08.329291Z  INFO stage5_live_todos: STAGE5_GPU_HOOK indirect_instances=0 dispatch_count=0 draw_instances=0 (PHF-01 alignment)
2026-05-23T04:28:08.329390Z  INFO sim_view_sync: SIM_VIEW_SYNC frame=42 win_logical=(1280, 720) win_physical=(1280, 720) sim_valid=true sim_adequate=true sim_min=Vec2(0.0, 0.0) sim_max=Vec2(1280.0, 720.0) measured_valid=true measured_wh=Vec2(1280.0, 720.0) committed_wh=Vec2(1280.0, 720.0) sim_wh=Vec2(1280.0, 720.0) settle_streak=4 layout_settled=true sim_held=true last_commit="hole_hold" frozen=true pending_wh=Vec2(1280.0, 720.0) cam_hole=true render_hole=true cam_invalid_streak=0 cam_valid_streak=41 cam_scissor=Some((0, 0, 1280, 720)) ortho_fixed_wh=(1280, 720) map_view_px=(1280, 720) raster_rev=14 resolved_rev=86 app=1 base=1 flow=2 worldgen=3 cmd_shell=false overlay_tray=false transmission=false rect_sanity_issues=0 left_stack_collapsed=true map_cam_scale=Vec3(1.0, 1.0, 1.0) minimap_visible=true
2026-05-23T04:28:08.329393Z  INFO visual_diag: VISUAL_DIAG window frame=42 periodic=false win_logical=(1280, 720) win_physical=(1280, 720) scale=1.0 app=1 base=1 flow=2 worldgen=3 readiness_profile=Stage5ReadinessProfile { require_vt4: true, require_vt5: true, require_preview: true, require_partial_metrics: true, require_world_frame: true, require_phase_f_proof: true, require_instanced_draw: true }
2026-05-23T04:28:08.329408Z  INFO visual_diag: VISUAL_DIAG sim_viewport frame=42 sim_valid=true sim_adequate=true sim_min=Vec2(0.0, 0.0) sim_max=Vec2(1280.0, 720.0) sim_wh=(1280, 720) measured_valid=true measured_wh=(1280, 720) committed_wh=(1280, 720) sim_held=true settle_streak=4 layout_settled=true frozen=true last_commit="hole_hold" pending_wh=(1280, 720) pending_min=Vec2(0.0, 0.0) pending_max=Vec2(1280.0, 720.0)
2026-05-23T04:28:08.329415Z  INFO visual_diag: VISUAL_DIAG camera frame=42 cam_desired_x=160.0 cam_desired_y=160.0 cam_zoom=1.0 latch_hole=true render_hole=true latch_invalid_streak=0 latch_valid_streak=41 cam_scissor=Some((0, 0, 1280, 720)) ortho_fixed_w=1280 ortho_fixed_h=720 map_view_px_w=1280 map_view_px_h=720 world_w=320 world_h=320
2026-05-23T04:28:08.329420Z  INFO visual_diag: VISUAL_DIAG resolved_viewports frame=42 resolved_rev=86 primary_valid=true primary_wh=(1280, 720) sim_resolved_valid=true sim_resolved_wh=(1280, 720) preview_valid=true preview_wh=(372, 362) minimap_valid=true minimap_wh=(397, 160) mismatch_preview=false mismatch_minimap=false mismatch_sim_map=false mismatch_stale_tex=false
2026-05-23T04:28:08.329424Z  INFO visual_diag: VISUAL_DIAG map_view_frames frame=42 world_preview_proj_rev=1554780161533 minimap_proj_rev=687208767801 sim_map_proj_rev=3092390454444
2026-05-23T04:28:08.329427Z  INFO visual_diag: VISUAL_DIAG map_presentation frame=42 wp_fit=Contain wp_viewport=UVec2(372, 362) wp_fit_scale=1.10595703125 wp_expected_fit_scale=1.10595703125 wp_zoom=1.0407500267028809 mm_fit=Cover mm_viewport=UVec2(397, 160) mm_fit_scale=1.2409179210662842
2026-05-23T04:28:08.329431Z  INFO visual_diag: VISUAL_DIAG render_spine frame=42 raster_rev=14 repr_band=0 repr_lod="LocalTactical" particle_rows_cap=262144 visual_intent="Strategic" visual_zoom_alpha=0.00700009148567915 fire_particle_rows=0 fire_particle_stamp=43 overlay_rev=0 overlay_chunk_cells=0 graph_fire_inst=0 graph_fire_heat=0 gpu_instance_rows=0 gpu_dispatch=0 gpu_draw=0
2026-05-23T04:28:08.329435Z  INFO visual_diag: VISUAL_DIAG perf frame=42 tile_raster_ms=0.0 tile_raster_ran=false world_repr_ms=0.004699999932199717 projection_graph_ms=0.00010000000474974513 domain_merge_ms=0.00010000000474974513 readiness_ms=0.014999999664723873 cpu_pre_egui_ms=0.0 cpu_egui_ms=0.0 cpu_post_egui_ms=0.0 gpu_gap_ms=0.0
2026-05-23T04:28:08.329438Z  INFO visual_diag: VISUAL_DIAG hud_shell frame=42 cmd_shell=false overlay_tray=false transmission=false
2026-05-23T04:28:08.329475Z  INFO perf: PERF wall=4.84 instr=0.02 gap=4.82 | cpu_pre_egui=3.24 cpu_egui=0.94 cpu_post_egui=0.66 gpu_gap=0.00 | spine=0.00 world_repr=0.00 graph=0.00 merge=0.00 atm=0.00 readiness=0.01 raster=0.00 (idle) | upd_attrib sum=1.33 pv_cpu=0.00 pv_gpu=0.00 fire=0.06 stream=1.02 map_fit=0.00 hud=0.05 wgen=0.19 | budget_sum=5.18 hud=0.05 overlay=0.00 raster_b=5.12 particles=0.00 residency=0.01 tex_reg=0.00 render_x=0.00 | stall first+preupd=0.02 update=0.00 post_dom=0.00 post_vt=0.01 postÔåÆready=0.00 ready=0.05 postÔåÆegui=1.52 egui=0.88 post_egui=0.60
2026-05-23T04:28:08.329483Z  INFO perf: PERF frame=4.8ms update=3.2ms egui=0.9ms preview=0.0ms streaming=1.0ms tile_apply=0.0ms viewport=0.0ms map_fit=0.0ms repr=0.0ms raster=0.0ms
2026-05-23T04:28:08.330197Z  INFO viewport_authority: VIEWPORT_AUTHORITY source=ResolvedViewport valid=true min=Vec2(0.0, 0.0) max=Vec2(1280.0, 720.0) w=1280.0 h=720.0
2026-05-23T04:28:08.331138Z  INFO construction_finish_todos: CONSTRUCTION_FINISH_COMPLETE done=8/8
2026-05-23T04:28:08.331149Z  INFO construction_round2_todos: CONSTRUCTION_ROUND2_COMPLETE done=15/15
2026-05-23T04:28:08.331153Z  INFO construction_round3_todos: CONSTRUCTION_ROUND3_COMPLETE done=27/27
2026-05-23T04:28:08.331155Z  INFO construction_operational_todos: CONSTRUCTION_OPERATIONAL_GREEN
2026-05-23T04:28:08.331640Z  INFO stage5_live_todos: STAGE5_MAP_CAMERA_HOOK post_mirror desired_xy=(160.00,160.00) zoom=1.0000 world_main_xy=(160.00,160.00) zoom=1.0000 bridge_drift=0.0000
2026-05-23T04:28:08.339406Z  INFO stage5_live_todos: STAGE5_FIRE_HOOK fire_visual_producer_count=1 (expect 1 for FIRE-01)
2026-05-23T04:28:08.339846Z  INFO stall: STALL after_tile_storage_apply: 9.76ms
2026-05-23T04:28:08.342872Z  INFO stage5_live_todos: STAGE5_SPINE_HOOK policy_present=true graph_present=true fence_committed=true fence_fire_tick=44 world_frame_present=true overlay_rev=0 overlay_chunk_cells=0 atm_partial_dispatch=0 atm_gpu_tex_uploads=0 atm_full_field_fallback=false
2026-05-23T04:28:08.344892Z  INFO industrial_activation_todos: INDUSTRIAL_ACTIVATION_GREEN
2026-05-23T04:28:08.344934Z  INFO stall: STALL pre_egui: 5.09ms
2026-05-23T04:28:08.344942Z  INFO viewport_authority: VIEWPORT_AUTHORITY source=UiMeasured valid=true min=Vec2(0.0, 0.0) max=Vec2(1280.0, 720.0) w=1280.0 h=720.0
2026-05-23T04:28:08.344950Z  INFO viewport_authority::solver: VIEWPORT_SOLVER_TARGET node=SimMapFill valid=true rect.source=SimMapFill w=1280.0 h=720.0
2026-05-23T04:28:08.344953Z  INFO viewport_authority: VIEWPORT_AUTHORITY source=LayoutSolver valid=true min=Vec2(0.0, 0.0) max=Vec2(1280.0, 720.0) w=1280.0 h=720.0
2026-05-23T04:28:08.344956Z  INFO viewport_authority: VIEWPORT_AUTHORITY source=LayoutSolver valid=true min=Vec2(0.0, 0.0) max=Vec2(1280.0, 720.0) w=1280.0 h=720.0
2026-05-23T04:28:08.344959Z  INFO viewport_authority: VIEWPORT_AUTHORITY source=UiCommitted valid=true min=Vec2(0.0, 0.0) max=Vec2(1280.0, 720.0) w=1280.0 h=720.0
2026-05-23T04:28:08.344965Z  INFO viewport_authority: VIEWPORT_AUTHORITY source=CameraApplied valid=true min=Vec2(0.0, 0.0) max=Vec2(1280.0, 720.0) w=1280.0 h=720.0
2026-05-23T04:28:08.344985Z  INFO stage5_live_todos: STAGE5_READINESS_HOOK passes=true violations_first=(none) producer_count=1
2026-05-23T04:28:08.344992Z  INFO visual_aidv2_live_todos: VISUAL_AID_V2_BOARD done=3/6 footprint_ok=false readability=true icons=0
2026-05-23T04:28:08.345039Z  INFO worldgen_chrome::egui: WORLD_GEN_EGUI_DRAW preview_window_open=true flow=PreviewReady
2026-05-23T04:28:08.346438Z  INFO stage5_live_todos: STAGE5_GPU_HOOK indirect_instances=0 dispatch_count=0 draw_instances=0 (PHF-01 alignment)
2026-05-23T04:28:08.346524Z  INFO visual_diag: VISUAL_DIAG window frame=43 periodic=false win_logical=(1280, 720) win_physical=(1280, 720) scale=1.0 app=1 base=1 flow=2 worldgen=3 readiness_profile=Stage5ReadinessProfile { require_vt4: true, require_vt5: true, require_preview: true, require_partial_metrics: true, require_world_frame: true, require_phase_f_proof: true, require_instanced_draw: true }
2026-05-23T04:28:08.346529Z  INFO sim_view_sync: SIM_VIEW_SYNC frame=43 win_logical=(1280, 720) win_physical=(1280, 720) sim_valid=true sim_adequate=true sim_min=Vec2(0.0, 0.0) sim_max=Vec2(1280.0, 720.0) measured_valid=true measured_wh=Vec2(1280.0, 720.0) committed_wh=Vec2(1280.0, 720.0) sim_wh=Vec2(1280.0, 720.0) settle_streak=4 layout_settled=true sim_held=true last_commit="hole_hold" frozen=true pending_wh=Vec2(1280.0, 720.0) cam_hole=true render_hole=true cam_invalid_streak=0 cam_valid_streak=42 cam_scissor=Some((0, 0, 1280, 720)) ortho_fixed_wh=(1280, 720) map_view_px=(1280, 720) raster_rev=15 resolved_rev=88 app=1 base=1 flow=2 worldgen=3 cmd_shell=false overlay_tray=false transmission=false rect_sanity_issues=0 left_stack_collapsed=true map_cam_scale=Vec3(1.0, 1.0, 1.0) minimap_visible=true
2026-05-23T04:28:08.346534Z  INFO visual_diag: VISUAL_DIAG sim_viewport frame=43 sim_valid=true sim_adequate=true sim_min=Vec2(0.0, 0.0) sim_max=Vec2(1280.0, 720.0) sim_wh=(1280, 720) measured_valid=true measured_wh=(1280, 720) committed_wh=(1280, 720) sim_held=true settle_streak=4 layout_settled=true frozen=true last_commit="hole_hold" pending_wh=(1280, 720) pending_min=Vec2(0.0, 0.0) pending_max=Vec2(1280.0, 720.0)
2026-05-23T04:28:08.346544Z  INFO visual_diag: VISUAL_DIAG camera frame=43 cam_desired_x=160.0 cam_desired_y=160.0 cam_zoom=1.0 latch_hole=true render_hole=true latch_invalid_streak=0 latch_valid_streak=42 cam_scissor=Some((0, 0, 1280, 720)) ortho_fixed_w=1280 ortho_fixed_h=720 map_view_px_w=1280 map_view_px_h=720 world_w=320 world_h=320
2026-05-23T04:28:08.346548Z  INFO visual_diag: VISUAL_DIAG resolved_viewports frame=43 resolved_rev=88 primary_valid=true primary_wh=(1280, 720) sim_resolved_valid=true sim_resolved_wh=(1280, 720) preview_valid=true preview_wh=(372, 362) minimap_valid=true minimap_wh=(397, 160) mismatch_preview=false mismatch_minimap=false mismatch_sim_map=false mismatch_stale_tex=false
2026-05-23T04:28:08.346551Z  INFO visual_diag: VISUAL_DIAG map_view_frames frame=43 world_preview_proj_rev=1554780161533 minimap_proj_rev=687208767801 sim_map_proj_rev=3092390454444
2026-05-23T04:28:08.346554Z  INFO visual_diag: VISUAL_DIAG map_presentation frame=43 wp_fit=Contain wp_viewport=UVec2(372, 362) wp_fit_scale=1.10595703125 wp_expected_fit_scale=1.10595703125 wp_zoom=1.0407500267028809 mm_fit=Cover mm_viewport=UVec2(397, 160) mm_fit_scale=1.2409179210662842
2026-05-23T04:28:08.346558Z  INFO visual_diag: VISUAL_DIAG render_spine frame=43 raster_rev=15 repr_band=0 repr_lod="LocalTactical" particle_rows_cap=262144 visual_intent="Strategic" visual_zoom_alpha=0.00700009148567915 fire_particle_rows=0 fire_particle_stamp=44 overlay_rev=0 overlay_chunk_cells=0 graph_fire_inst=0 graph_fire_heat=0 gpu_instance_rows=0 gpu_dispatch=0 gpu_draw=0
2026-05-23T04:28:08.346562Z  INFO visual_diag: VISUAL_DIAG perf frame=43 tile_raster_ms=0.5787000060081482 tile_raster_ran=true world_repr_ms=0.004900000058114529 projection_graph_ms=0.00010000000474974513 domain_merge_ms=0.0 readiness_ms=0.016699999570846558 cpu_pre_egui_ms=0.0 cpu_egui_ms=0.0 cpu_post_egui_ms=0.0 gpu_gap_ms=0.0
2026-05-23T04:28:08.346565Z  INFO visual_diag: VISUAL_DIAG hud_shell frame=43 cmd_shell=false overlay_tray=false transmission=false
2026-05-23T04:28:08.346582Z  INFO perf: PERF wall=16.52 instr=0.60 gap=15.92 | cpu_pre_egui=14.88 cpu_egui=0.98 cpu_post_egui=0.65 gpu_gap=0.00 | spine=0.00 world_repr=0.00 graph=0.00 merge=0.00 atm=0.00 readiness=0.02 raster=0.58 | upd_attrib sum=1.39 pv_cpu=0.00 pv_gpu=0.00 fire=0.08 stream=1.03 map_fit=0.00 hud=0.07 wgen=0.20 | budget_sum=0.66 hud=0.07 overlay=0.00 raster_b=0.58 particles=0.00 residency=0.01 tex_reg=0.00 render_x=0.00 | stall first+preupd=0.02 update=0.01 post_dom=0.00 post_vt=0.02 postÔåÆready=0.00 ready=0.04 postÔåÆegui=5.09 egui=0.92 post_egui=0.60 | stall_hits=[after_tile_storage_apply:9.8,pre_egui:5.1]
2026-05-23T04:28:08.346592Z  INFO perf: PERF frame=16.5ms update=14.9ms egui=1.0ms preview=0.0ms streaming=1.0ms tile_apply=0.0ms viewport=0.0ms map_fit=0.0ms repr=0.0ms raster=0.6ms
2026-05-23T04:28:08.346595Z  INFO stall: STALL culprit=after_tile_storage_apply duration=9.8ms frame=16.5ms
2026-05-23T04:28:08.360349Z  INFO viewport_authority: VIEWPORT_AUTHORITY source=ResolvedViewport valid=true min=Vec2(0.0, 0.0) max=Vec2(1280.0, 720.0) w=1280.0 h=720.0
2026-05-23T04:28:08.362250Z  INFO stage5_live_todos: STAGE5_MAP_CAMERA_HOOK post_mirror desired_xy=(160.00,160.00) zoom=1.0000 world_main_xy=(160.00,160.00) zoom=1.0000 bridge_drift=0.0000
2026-05-23T04:28:08.362578Z  INFO construction_finish_todos: CONSTRUCTION_FINISH_COMPLETE done=8/8
2026-05-23T04:28:08.362606Z  INFO construction_round2_todos: CONSTRUCTION_ROUND2_COMPLETE done=15/15
2026-05-23T04:28:08.362628Z  INFO construction_round3_todos: CONSTRUCTION_ROUND3_COMPLETE done=27/27
2026-05-23T04:28:08.362638Z  INFO construction_operational_todos: CONSTRUCTION_OPERATIONAL_GREEN
2026-05-23T04:28:08.371764Z  INFO stage5_live_todos: STAGE5_FIRE_HOOK fire_visual_producer_count=1 (expect 1 for FIRE-01)
2026-05-23T04:28:08.372233Z  INFO stall: STALL after_tile_storage_apply: 13.73ms
2026-05-23T04:28:08.372908Z  INFO stage5_live_todos: STAGE5_SPINE_HOOK policy_present=true graph_present=true fence_committed=true fence_fire_tick=45 world_frame_present=true overlay_rev=0 overlay_chunk_cells=0 atm_partial_dispatch=0 atm_gpu_tex_uploads=0 atm_full_field_fallback=false
2026-05-23T04:28:08.375892Z  INFO industrial_activation_todos: INDUSTRIAL_ACTIVATION_GREEN
2026-05-23T04:28:08.375953Z  INFO viewport_authority: VIEWPORT_AUTHORITY source=UiMeasured valid=true min=Vec2(0.0, 0.0) max=Vec2(1280.0, 720.0) w=1280.0 h=720.0
2026-05-23T04:28:08.375962Z  INFO viewport_authority::solver: VIEWPORT_SOLVER_TARGET node=SimMapFill valid=true rect.source=SimMapFill w=1280.0 h=720.0
2026-05-23T04:28:08.375966Z  INFO viewport_authority: VIEWPORT_AUTHORITY source=LayoutSolver valid=true min=Vec2(0.0, 0.0) max=Vec2(1280.0, 720.0) w=1280.0 h=720.0
2026-05-23T04:28:08.375969Z  INFO viewport_authority: VIEWPORT_AUTHORITY source=LayoutSolver valid=true min=Vec2(0.0, 0.0) max=Vec2(1280.0, 720.0) w=1280.0 h=720.0
2026-05-23T04:28:08.375972Z  INFO viewport_authority: VIEWPORT_AUTHORITY source=UiCommitted valid=true min=Vec2(0.0, 0.0) max=Vec2(1280.0, 720.0) w=1280.0 h=720.0
2026-05-23T04:28:08.375988Z  INFO viewport_authority: VIEWPORT_AUTHORITY source=CameraApplied valid=true min=Vec2(0.0, 0.0) max=Vec2(1280.0, 720.0) w=1280.0 h=720.0
2026-05-23T04:28:08.376007Z  INFO stage5_live_todos: STAGE5_READINESS_HOOK passes=true violations_first=(none) producer_count=1
2026-05-23T04:28:08.376018Z  INFO visual_aidv2_live_todos: VISUAL_AID_V2_BOARD done=3/6 footprint_ok=false readability=true icons=0
2026-05-23T04:28:08.376088Z  INFO worldgen_chrome::egui: WORLD_GEN_EGUI_DRAW preview_window_open=true flow=PreviewReady
2026-05-23T04:28:08.377894Z  INFO stage5_live_todos: STAGE5_GPU_HOOK indirect_instances=0 dispatch_count=0 draw_instances=0 (PHF-01 alignment)
2026-05-23T04:28:08.378000Z  INFO visual_diag: VISUAL_DIAG window frame=44 periodic=false win_logical=(1280, 720) win_physical=(1280, 720) scale=1.0 app=1 base=1 flow=2 worldgen=3 readiness_profile=Stage5ReadinessProfile { require_vt4: true, require_vt5: true, require_preview: true, require_partial_metrics: true, require_world_frame: true, require_phase_f_proof: true, require_instanced_draw: true }
2026-05-23T04:28:08.378011Z  INFO visual_diag: VISUAL_DIAG sim_viewport frame=44 sim_valid=true sim_adequate=true sim_min=Vec2(0.0, 0.0) sim_max=Vec2(1280.0, 720.0) sim_wh=(1280, 720) measured_valid=true measured_wh=(1280, 720) committed_wh=(1280, 720) sim_held=true settle_streak=4 layout_settled=true frozen=true last_commit="hole_hold" pending_wh=(1280, 720) pending_min=Vec2(0.0, 0.0) pending_max=Vec2(1280.0, 720.0)
2026-05-23T04:28:08.378018Z  INFO visual_diag: VISUAL_DIAG camera frame=44 cam_desired_x=160.0 cam_desired_y=160.0 cam_zoom=1.0 latch_hole=true render_hole=true latch_invalid_streak=0 latch_valid_streak=43 cam_scissor=Some((0, 0, 1280, 720)) ortho_fixed_w=1280 ortho_fixed_h=720 map_view_px_w=1280 map_view_px_h=720 world_w=320 world_h=320
2026-05-23T04:28:08.378022Z  INFO visual_diag: VISUAL_DIAG resolved_viewports frame=44 resolved_rev=90 primary_valid=true primary_wh=(1280, 720) sim_resolved_valid=true sim_resolved_wh=(1280, 720) preview_valid=true preview_wh=(372, 362) minimap_valid=true minimap_wh=(397, 160) mismatch_preview=false mismatch_minimap=false mismatch_sim_map=false mismatch_stale_tex=false
2026-05-23T04:28:08.378025Z  INFO visual_diag: VISUAL_DIAG map_view_frames frame=44 world_preview_proj_rev=1554780161533 minimap_proj_rev=687209767804 sim_map_proj_rev=3092391454447
2026-05-23T04:28:08.378028Z  INFO visual_diag: VISUAL_DIAG map_presentation frame=44 wp_fit=Contain wp_viewport=UVec2(372, 362) wp_fit_scale=1.10595703125 wp_expected_fit_scale=1.10595703125 wp_zoom=1.0407500267028809 mm_fit=Cover mm_viewport=UVec2(397, 160) mm_fit_scale=1.2409179210662842
2026-05-23T04:28:08.378033Z  INFO visual_diag: VISUAL_DIAG render_spine frame=44 raster_rev=16 repr_band=0 repr_lod="LocalTactical" particle_rows_cap=262144 visual_intent="Strategic" visual_zoom_alpha=0.00700009148567915 fire_particle_rows=0 fire_particle_stamp=45 overlay_rev=0 overlay_chunk_cells=0 graph_fire_inst=0 graph_fire_heat=0 gpu_instance_rows=0 gpu_dispatch=0 gpu_draw=0
2026-05-23T04:28:08.378037Z  INFO visual_diag: VISUAL_DIAG perf frame=44 tile_raster_ms=1.389699935913086 tile_raster_ran=true world_repr_ms=0.007000000216066837 projection_graph_ms=0.0003000000142492354 domain_merge_ms=0.00010000000474974513 readiness_ms=0.02410000003874302 cpu_pre_egui_ms=0.0 cpu_egui_ms=0.0 cpu_post_egui_ms=0.0 gpu_gap_ms=0.0
2026-05-23T04:28:08.378040Z  INFO visual_diag: VISUAL_DIAG hud_shell frame=44 cmd_shell=false overlay_tray=false transmission=false
2026-05-23T04:28:08.378046Z  INFO sim_view_sync: SIM_VIEW_SYNC frame=44 win_logical=(1280, 720) win_physical=(1280, 720) sim_valid=true sim_adequate=true sim_min=Vec2(0.0, 0.0) sim_max=Vec2(1280.0, 720.0) measured_valid=true measured_wh=Vec2(1280.0, 720.0) committed_wh=Vec2(1280.0, 720.0) sim_wh=Vec2(1280.0, 720.0) settle_streak=4 layout_settled=true sim_held=true last_commit="hole_hold" frozen=true pending_wh=Vec2(1280.0, 720.0) cam_hole=true render_hole=true cam_invalid_streak=0 cam_valid_streak=43 cam_scissor=Some((0, 0, 1280, 720)) ortho_fixed_wh=(1280, 720) map_view_px=(1280, 720) raster_rev=16 resolved_rev=90 app=1 base=1 flow=2 worldgen=3 cmd_shell=false overlay_tray=false transmission=false rect_sanity_issues=0 left_stack_collapsed=true map_cam_scale=Vec3(1.0, 1.0, 1.0) minimap_visible=true
2026-05-23T04:28:08.378084Z  INFO perf: PERF wall=19.60 instr=1.42 gap=18.18 | cpu_pre_egui=17.48 cpu_egui=1.28 cpu_post_egui=0.84 gpu_gap=0.00 | spine=0.00 world_repr=0.01 graph=0.00 merge=0.00 atm=0.00 readiness=0.02 raster=1.39 | upd_attrib sum=1.53 pv_cpu=0.00 pv_gpu=0.00 fire=0.09 stream=1.09 map_fit=0.00 hud=0.09 wgen=0.26 | budget_sum=1.49 hud=0.09 overlay=0.00 raster_b=1.39 particles=0.00 residency=0.01 tex_reg=0.00 render_x=0.00 | egui_unbudgeted=1.19 | stall first+preupd=0.02 update=0.01 post_dom=0.00 post_vt=0.01 postÔåÆready=0.00 ready=0.06 postÔåÆegui=3.71 egui=1.20 post_egui=0.77 | stall_hits=[after_tile_storage_apply:13.7]
2026-05-23T04:28:08.378091Z  INFO perf: PERF frame=19.6ms update=17.5ms egui=1.3ms preview=0.0ms streaming=1.1ms tile_apply=0.0ms viewport=0.0ms map_fit=0.0ms repr=0.0ms raster=1.4ms
2026-05-23T04:28:08.378094Z  INFO stall: STALL culprit=after_tile_storage_apply duration=13.7ms frame=19.6ms
2026-05-23T04:28:08.381027Z  INFO viewport_authority: VIEWPORT_AUTHORITY source=ResolvedViewport valid=true min=Vec2(0.0, 0.0) max=Vec2(1280.0, 720.0) w=1280.0 h=720.0
2026-05-23T04:28:08.383099Z  INFO stage5_live_todos: STAGE5_MAP_CAMERA_HOOK post_mirror desired_xy=(160.00,160.00) zoom=1.0000 world_main_xy=(160.00,160.00) zoom=1.0000 bridge_drift=0.0000
2026-05-23T04:28:08.383115Z  INFO construction_finish_todos: CONSTRUCTION_FINISH_COMPLETE done=8/8
2026-05-23T04:28:08.383126Z  INFO construction_round2_todos: CONSTRUCTION_ROUND2_COMPLETE done=15/15
2026-05-23T04:28:08.383130Z  INFO construction_round3_todos: CONSTRUCTION_ROUND3_COMPLETE done=27/27
2026-05-23T04:28:08.383136Z  INFO construction_operational_todos: CONSTRUCTION_OPERATIONAL_GREEN
2026-05-23T04:28:08.391231Z  INFO stage5_live_todos: STAGE5_FIRE_HOOK fire_visual_producer_count=1 (expect 1 for FIRE-01)
2026-05-23T04:28:08.391680Z  INFO stall: STALL after_tile_storage_apply: 10.85ms
2026-05-23T04:28:08.392352Z  INFO stage5_live_todos: STAGE5_SPINE_HOOK policy_present=true graph_present=true fence_committed=true fence_fire_tick=46 world_frame_present=true overlay_rev=0 overlay_chunk_cells=0 atm_partial_dispatch=0 atm_gpu_tex_uploads=0 atm_full_field_fallback=false
2026-05-23T04:28:08.395539Z  INFO industrial_activation_todos: INDUSTRIAL_ACTIVATION_GREEN
2026-05-23T04:28:08.395587Z  INFO viewport_authority: VIEWPORT_AUTHORITY source=UiMeasured valid=true min=Vec2(0.0, 0.0) max=Vec2(1280.0, 720.0) w=1280.0 h=720.0
2026-05-23T04:28:08.395596Z  INFO viewport_authority::solver: VIEWPORT_SOLVER_TARGET node=SimMapFill valid=true rect.source=SimMapFill w=1280.0 h=720.0
2026-05-23T04:28:08.395599Z  INFO viewport_authority: VIEWPORT_AUTHORITY source=LayoutSolver valid=true min=Vec2(0.0, 0.0) max=Vec2(1280.0, 720.0) w=1280.0 h=720.0
2026-05-23T04:28:08.395603Z  INFO viewport_authority: VIEWPORT_AUTHORITY source=LayoutSolver valid=true min=Vec2(0.0, 0.0) max=Vec2(1280.0, 720.0) w=1280.0 h=720.0
2026-05-23T04:28:08.395605Z  INFO viewport_authority: VIEWPORT_AUTHORITY source=UiCommitted valid=true min=Vec2(0.0, 0.0) max=Vec2(1280.0, 720.0) w=1280.0 h=720.0
2026-05-23T04:28:08.395615Z  INFO viewport_authority: VIEWPORT_AUTHORITY source=CameraApplied valid=true min=Vec2(0.0, 0.0) max=Vec2(1280.0, 720.0) w=1280.0 h=720.0
2026-05-23T04:28:08.395638Z  INFO stage5_live_todos: STAGE5_READINESS_HOOK passes=true violations_first=(none) producer_count=1
2026-05-23T04:28:08.395646Z  INFO visual_aidv2_live_todos: VISUAL_AID_V2_BOARD done=3/6 footprint_ok=false readability=true icons=0
2026-05-23T04:28:08.395693Z  INFO worldgen_chrome::egui: WORLD_GEN_EGUI_DRAW preview_window_open=true flow=PreviewReady
2026-05-23T04:28:08.397364Z  INFO stage5_live_todos: STAGE5_GPU_HOOK indirect_instances=0 dispatch_count=0 draw_instances=0 (PHF-01 alignment)
2026-05-23T04:28:08.397453Z  INFO visual_diag: VISUAL_DIAG window frame=45 periodic=false win_logical=(1280, 720) win_physical=(1280, 720) scale=1.0 app=1 base=1 flow=2 worldgen=3 readiness_profile=Stage5ReadinessProfile { require_vt4: true, require_vt5: true, require_preview: true, require_partial_metrics: true, require_world_frame: true, require_phase_f_proof: true, require_instanced_draw: true }
2026-05-23T04:28:08.397465Z  INFO visual_diag: VISUAL_DIAG sim_viewport frame=45 sim_valid=true sim_adequate=true sim_min=Vec2(0.0, 0.0) sim_max=Vec2(1280.0, 720.0) sim_wh=(1280, 720) measured_valid=true measured_wh=(1280, 720) committed_wh=(1280, 720) sim_held=true settle_streak=4 layout_settled=true frozen=true last_commit="hole_hold" pending_wh=(1280, 720) pending_min=Vec2(0.0, 0.0) pending_max=Vec2(1280.0, 720.0)
2026-05-23T04:28:08.397460Z  INFO sim_view_sync: SIM_VIEW_SYNC frame=45 win_logical=(1280, 720) win_physical=(1280, 720) sim_valid=true sim_adequate=true sim_min=Vec2(0.0, 0.0) sim_max=Vec2(1280.0, 720.0) measured_valid=true measured_wh=Vec2(1280.0, 720.0) committed_wh=Vec2(1280.0, 720.0) sim_wh=Vec2(1280.0, 720.0) settle_streak=4 layout_settled=true sim_held=true last_commit="hole_hold" frozen=true pending_wh=Vec2(1280.0, 720.0) cam_hole=true render_hole=true cam_invalid_streak=0 cam_valid_streak=44 cam_scissor=Some((0, 0, 1280, 720)) ortho_fixed_wh=(1280, 720) map_view_px=(1280, 720) raster_rev=17 resolved_rev=92 app=1 base=1 flow=2 worldgen=3 cmd_shell=false overlay_tray=false transmission=false rect_sanity_issues=0 left_stack_collapsed=true map_cam_scale=Vec3(1.0, 1.0, 1.0) minimap_visible=true
2026-05-23T04:28:08.397471Z  INFO visual_diag: VISUAL_DIAG camera frame=45 cam_desired_x=160.0 cam_desired_y=160.0 cam_zoom=1.0 latch_hole=true render_hole=true latch_invalid_streak=0 latch_valid_streak=44 cam_scissor=Some((0, 0, 1280, 720)) ortho_fixed_w=1280 ortho_fixed_h=720 map_view_px_w=1280 map_view_px_h=720 world_w=320 world_h=320
2026-05-23T04:28:08.397478Z  INFO visual_diag: VISUAL_DIAG resolved_viewports frame=45 resolved_rev=92 primary_valid=true primary_wh=(1280, 720) sim_resolved_valid=true sim_resolved_wh=(1280, 720) preview_valid=true preview_wh=(372, 362) minimap_valid=true minimap_wh=(397, 160) mismatch_preview=false mismatch_minimap=false mismatch_sim_map=false mismatch_stale_tex=false
2026-05-23T04:28:08.397482Z  INFO visual_diag: VISUAL_DIAG map_view_frames frame=45 world_preview_proj_rev=1554780161533 minimap_proj_rev=687210767807 sim_map_proj_rev=3092392454450
2026-05-23T04:28:08.397485Z  INFO visual_diag: VISUAL_DIAG map_presentation frame=45 wp_fit=Contain wp_viewport=UVec2(372, 362) wp_fit_scale=1.10595703125 wp_expected_fit_scale=1.10595703125 wp_zoom=1.0407500267028809 mm_fit=Cover mm_viewport=UVec2(397, 160) mm_fit_scale=1.2409179210662842
2026-05-23T04:28:08.397491Z  INFO visual_diag: VISUAL_DIAG render_spine frame=45 raster_rev=17 repr_band=0 repr_lod="LocalTactical" particle_rows_cap=262144 visual_intent="Strategic" visual_zoom_alpha=0.00700009148567915 fire_particle_rows=0 fire_particle_stamp=46 overlay_rev=0 overlay_chunk_cells=0 graph_fire_inst=0 graph_fire_heat=0 gpu_instance_rows=0 gpu_dispatch=0 gpu_draw=0
2026-05-23T04:28:08.397494Z  INFO visual_diag: VISUAL_DIAG perf frame=45 tile_raster_ms=1.7095999717712402 tile_raster_ran=true world_repr_ms=0.004500000271946192 projection_graph_ms=0.00010000000474974513 domain_merge_ms=0.00010000000474974513 readiness_ms=0.019499998539686203 cpu_pre_egui_ms=0.0 cpu_egui_ms=0.0 cpu_post_egui_ms=0.0 gpu_gap_ms=0.0
2026-05-23T04:28:08.397497Z  INFO visual_diag: VISUAL_DIAG hud_shell frame=45 cmd_shell=false overlay_tray=false transmission=false
2026-05-23T04:28:08.397514Z  INFO perf: PERF wall=16.72 instr=1.73 gap=14.99 | cpu_pre_egui=14.80 cpu_egui=1.16 cpu_post_egui=0.76 gpu_gap=0.00 | spine=0.00 world_repr=0.00 graph=0.00 merge=0.00 atm=0.00 readiness=0.02 raster=1.71 | upd_attrib sum=1.48 pv_cpu=0.00 pv_gpu=0.00 fire=0.08 stream=1.07 map_fit=0.00 hud=0.08 wgen=0.24 | budget_sum=1.80 hud=0.08 overlay=0.00 raster_b=1.71 particles=0.00 residency=0.01 tex_reg=0.00 render_x=0.00 | egui_unbudgeted=1.08 | stall first+preupd=0.04 update=0.00 post_dom=0.00 post_vt=0.01 postÔåÆready=0.00 ready=0.06 postÔåÆegui=3.90 egui=1.10 post_egui=0.70 | stall_hits=[after_tile_storage_apply:10.9]
2026-05-23T04:28:08.397522Z  INFO perf: PERF frame=16.7ms update=14.8ms egui=1.2ms preview=0.0ms streaming=1.1ms tile_apply=0.0ms viewport=0.0ms map_fit=0.0ms repr=0.0ms raster=1.7ms
2026-05-23T04:28:08.397526Z  INFO stall: STALL culprit=after_tile_storage_apply duration=10.9ms frame=16.7ms
2026-05-23T04:28:08.398549Z  INFO viewport_authority: VIEWPORT_AUTHORITY source=ResolvedViewport valid=true min=Vec2(0.0, 0.0) max=Vec2(1280.0, 720.0) w=1280.0 h=720.0
2026-05-23T04:28:08.400570Z  INFO stage5_live_todos: STAGE5_MAP_CAMERA_HOOK post_mirror desired_xy=(160.00,160.00) zoom=1.0000 world_main_xy=(160.00,160.00) zoom=1.0000 bridge_drift=0.0000
2026-05-23T04:28:08.400590Z  INFO construction_finish_todos: CONSTRUCTION_FINISH_COMPLETE done=8/8
2026-05-23T04:28:08.400599Z  INFO construction_round2_todos: CONSTRUCTION_ROUND2_COMPLETE done=15/15
2026-05-23T04:28:08.400605Z  INFO construction_round3_todos: CONSTRUCTION_ROUND3_COMPLETE done=27/27
2026-05-23T04:28:08.400611Z  INFO construction_operational_todos: CONSTRUCTION_OPERATIONAL_GREEN
2026-05-23T04:28:08.408025Z  INFO stage5_live_todos: STAGE5_FIRE_HOOK fire_visual_producer_count=1 (expect 1 for FIRE-01)
2026-05-23T04:28:08.408482Z  INFO stall: STALL after_tile_storage_apply: 10.37ms
2026-05-23T04:28:08.409141Z  INFO stage5_live_todos: STAGE5_SPINE_HOOK policy_present=true graph_present=true fence_committed=true fence_fire_tick=47 world_frame_present=true overlay_rev=0 overlay_chunk_cells=0 atm_partial_dispatch=0 atm_gpu_tex_uploads=0 atm_full_field_fallback=false
2026-05-23T04:28:08.412884Z  INFO industrial_activation_todos: INDUSTRIAL_ACTIVATION_GREEN
2026-05-23T04:28:08.412930Z  INFO viewport_authority: VIEWPORT_AUTHORITY source=UiMeasured valid=true min=Vec2(0.0, 0.0) max=Vec2(1280.0, 720.0) w=1280.0 h=720.0
2026-05-23T04:28:08.412936Z  INFO viewport_authority::solver: VIEWPORT_SOLVER_TARGET node=SimMapFill valid=true rect.source=SimMapFill w=1280.0 h=720.0
2026-05-23T04:28:08.412939Z  INFO viewport_authority: VIEWPORT_AUTHORITY source=LayoutSolver valid=true min=Vec2(0.0, 0.0) max=Vec2(1280.0, 720.0) w=1280.0 h=720.0
2026-05-23T04:28:08.412942Z  INFO viewport_authority: VIEWPORT_AUTHORITY source=LayoutSolver valid=true min=Vec2(0.0, 0.0) max=Vec2(1280.0, 720.0) w=1280.0 h=720.0
2026-05-23T04:28:08.412944Z  INFO viewport_authority: VIEWPORT_AUTHORITY source=UiCommitted valid=true min=Vec2(0.0, 0.0) max=Vec2(1280.0, 720.0) w=1280.0 h=720.0
2026-05-23T04:28:08.412954Z  INFO viewport_authority: VIEWPORT_AUTHORITY source=CameraApplied valid=true min=Vec2(0.0, 0.0) max=Vec2(1280.0, 720.0) w=1280.0 h=720.0
2026-05-23T04:28:08.416905Z  INFO stage5_live_todos: STAGE5_READINESS_HOOK passes=true violations_first=(none) producer_count=1
2026-05-23T04:28:08.416915Z  INFO visual_aidv2_live_todos: VISUAL_AID_V2_BOARD done=3/6 footprint_ok=false readability=true icons=0
2026-05-23T04:28:08.417014Z  INFO worldgen_chrome::egui: WORLD_GEN_EGUI_DRAW preview_window_open=true flow=PreviewReady
2026-05-23T04:28:08.420717Z  INFO stage5_live_todos: STAGE5_GPU_HOOK indirect_instances=0 dispatch_count=0 draw_instances=0 (PHF-01 alignment)
2026-05-23T04:28:08.421449Z  INFO visual_diag: VISUAL_DIAG window frame=46 periodic=false win_logical=(1280, 720) win_physical=(1280, 720) scale=1.0 app=1 base=1 flow=2 worldgen=3 readiness_profile=Stage5ReadinessProfile { require_vt4: true, require_vt5: true, require_preview: true, require_partial_metrics: true, require_world_frame: true, require_phase_f_proof: true, require_instanced_draw: true }
2026-05-23T04:28:08.421454Z  INFO sim_view_sync: SIM_VIEW_SYNC frame=46 win_logical=(1280, 720) win_physical=(1280, 720) sim_valid=true sim_adequate=true sim_min=Vec2(0.0, 0.0) sim_max=Vec2(1280.0, 720.0) measured_valid=true measured_wh=Vec2(1280.0, 720.0) committed_wh=Vec2(1280.0, 720.0) sim_wh=Vec2(1280.0, 720.0) settle_streak=4 layout_settled=true sim_held=true last_commit="hole_hold" frozen=true pending_wh=Vec2(1280.0, 720.0) cam_hole=true render_hole=true cam_invalid_streak=0 cam_valid_streak=45 cam_scissor=Some((0, 0, 1280, 720)) ortho_fixed_wh=(1280, 720) map_view_px=(1280, 720) raster_rev=18 resolved_rev=94 app=1 base=1 flow=2 worldgen=3 cmd_shell=false overlay_tray=false transmission=false rect_sanity_issues=0 left_stack_collapsed=true map_cam_scale=Vec3(1.0, 1.0, 1.0) minimap_visible=true
2026-05-23T04:28:08.421460Z  INFO visual_diag: VISUAL_DIAG sim_viewport frame=46 sim_valid=true sim_adequate=true sim_min=Vec2(0.0, 0.0) sim_max=Vec2(1280.0, 720.0) sim_wh=(1280, 720) measured_valid=true measured_wh=(1280, 720) committed_wh=(1280, 720) sim_held=true settle_streak=4 layout_settled=true frozen=true last_commit="hole_hold" pending_wh=(1280, 720) pending_min=Vec2(0.0, 0.0) pending_max=Vec2(1280.0, 720.0)
2026-05-23T04:28:08.421470Z  INFO visual_diag: VISUAL_DIAG camera frame=46 cam_desired_x=160.0 cam_desired_y=160.0 cam_zoom=1.0 latch_hole=true render_hole=true latch_invalid_streak=0 latch_valid_streak=45 cam_scissor=Some((0, 0, 1280, 720)) ortho_fixed_w=1280 ortho_fixed_h=720 map_view_px_w=1280 map_view_px_h=720 world_w=320 world_h=320
2026-05-23T04:28:08.421474Z  INFO visual_diag: VISUAL_DIAG resolved_viewports frame=46 resolved_rev=94 primary_valid=true primary_wh=(1280, 720) sim_resolved_valid=true sim_resolved_wh=(1280, 720) preview_valid=true preview_wh=(372, 362) minimap_valid=true minimap_wh=(397, 160) mismatch_preview=false mismatch_minimap=false mismatch_sim_map=false mismatch_stale_tex=false
2026-05-23T04:28:08.421480Z  INFO visual_diag: VISUAL_DIAG map_view_frames frame=46 world_preview_proj_rev=1554780161533 minimap_proj_rev=687211767810 sim_map_proj_rev=3092393454453
2026-05-23T04:28:08.421483Z  INFO visual_diag: VISUAL_DIAG map_presentation frame=46 wp_fit=Contain wp_viewport=UVec2(372, 362) wp_fit_scale=1.10595703125 wp_expected_fit_scale=1.10595703125 wp_zoom=1.0407500267028809 mm_fit=Cover mm_viewport=UVec2(397, 160) mm_fit_scale=1.2409179210662842
2026-05-23T04:28:08.421488Z  INFO visual_diag: VISUAL_DIAG render_spine frame=46 raster_rev=18 repr_band=0 repr_lod="LocalTactical" particle_rows_cap=262144 visual_intent="Strategic" visual_zoom_alpha=0.00700009148567915 fire_particle_rows=0 fire_particle_stamp=47 overlay_rev=0 overlay_chunk_cells=0 graph_fire_inst=0 graph_fire_heat=0 gpu_instance_rows=0 gpu_dispatch=0 gpu_draw=0
2026-05-23T04:28:08.421492Z  INFO visual_diag: VISUAL_DIAG perf frame=46 tile_raster_ms=2.2699999809265137 tile_raster_ran=true world_repr_ms=0.004600000102072954 projection_graph_ms=0.00020000000949949026 domain_merge_ms=0.0 readiness_ms=0.02370000071823597 cpu_pre_egui_ms=0.0 cpu_egui_ms=0.0 cpu_post_egui_ms=0.0 gpu_gap_ms=0.0
2026-05-23T04:28:08.421495Z  INFO visual_diag: VISUAL_DIAG hud_shell frame=46 cmd_shell=false overlay_tray=false transmission=false
2026-05-23T04:28:08.421516Z  INFO perf: PERF wall=23.43 instr=2.30 gap=21.13 | cpu_pre_egui=14.86 cpu_egui=5.25 cpu_post_egui=3.33 gpu_gap=0.00 | spine=0.00 world_repr=0.00 graph=0.00 merge=0.00 atm=0.00 readiness=0.02 raster=2.27 | upd_attrib sum=1.54 pv_cpu=0.00 pv_gpu=0.00 fire=0.08 stream=1.07 map_fit=0.00 hud=0.11 wgen=0.27 | budget_sum=2.40 hud=0.11 overlay=0.00 raster_b=2.27 particles=0.00 residency=0.01 tex_reg=0.00 render_x=0.00 | egui_unbudgeted=5.13 | stall first+preupd=0.04 update=0.00 post_dom=0.00 post_vt=0.01 postÔåÆready=0.00 ready=4.01 postÔåÆegui=4.44 egui=1.23 post_egui=3.27 | stall_hits=[after_tile_storage_apply:10.4]
2026-05-23T04:28:08.421528Z  INFO perf: PERF frame=23.4ms update=14.9ms egui=5.2ms preview=0.0ms streaming=1.1ms tile_apply=0.0ms viewport=0.0ms map_fit=0.0ms repr=0.0ms raster=2.3ms
2026-05-23T04:28:08.421553Z  INFO stall: STALL culprit=after_tile_storage_apply duration=10.4ms frame=23.4ms
2026-05-23T04:28:08.422320Z  INFO viewport_authority: VIEWPORT_AUTHORITY source=ResolvedViewport valid=true min=Vec2(0.0, 0.0) max=Vec2(1280.0, 720.0) w=1280.0 h=720.0
2026-05-23T04:28:08.423431Z  INFO construction_finish_todos: CONSTRUCTION_FINISH_COMPLETE done=8/8
2026-05-23T04:28:08.423442Z  INFO construction_round2_todos: CONSTRUCTION_ROUND2_COMPLETE done=15/15
2026-05-23T04:28:08.423447Z  INFO construction_round3_todos: CONSTRUCTION_ROUND3_COMPLETE done=27/27
2026-05-23T04:28:08.423450Z  INFO construction_operational_todos: CONSTRUCTION_OPERATIONAL_GREEN
2026-05-23T04:28:08.423475Z  INFO stage5_live_todos: STAGE5_MAP_CAMERA_HOOK post_mirror desired_xy=(160.00,160.00) zoom=1.0000 world_main_xy=(160.00,160.00) zoom=1.0000 bridge_drift=0.0000
2026-05-23T04:28:08.431587Z  INFO stage5_live_todos: STAGE5_FIRE_HOOK fire_visual_producer_count=1 (expect 1 for FIRE-01)
2026-05-23T04:28:08.432048Z  INFO stall: STALL after_tile_storage_apply: 9.95ms
2026-05-23T04:28:08.432695Z  INFO stage5_live_todos: STAGE5_SPINE_HOOK policy_present=true graph_present=true fence_committed=true fence_fire_tick=48 world_frame_present=true overlay_rev=0 overlay_chunk_cells=0 atm_partial_dispatch=0 atm_gpu_tex_uploads=0 atm_full_field_fallback=false
2026-05-23T04:28:08.436785Z  INFO industrial_activation_todos: INDUSTRIAL_ACTIVATION_GREEN
2026-05-23T04:28:08.436839Z  INFO viewport_authority: VIEWPORT_AUTHORITY source=UiMeasured valid=true min=Vec2(0.0, 0.0) max=Vec2(1280.0, 720.0) w=1280.0 h=720.0
2026-05-23T04:28:08.436848Z  INFO viewport_authority::solver: VIEWPORT_SOLVER_TARGET node=SimMapFill valid=true rect.source=SimMapFill w=1280.0 h=720.0
2026-05-23T04:28:08.436851Z  INFO viewport_authority: VIEWPORT_AUTHORITY source=LayoutSolver valid=true min=Vec2(0.0, 0.0) max=Vec2(1280.0, 720.0) w=1280.0 h=720.0
2026-05-23T04:28:08.436854Z  INFO viewport_authority: VIEWPORT_AUTHORITY source=LayoutSolver valid=true min=Vec2(0.0, 0.0) max=Vec2(1280.0, 720.0) w=1280.0 h=720.0
2026-05-23T04:28:08.436857Z  INFO viewport_authority: VIEWPORT_AUTHORITY source=UiCommitted valid=true min=Vec2(0.0, 0.0) max=Vec2(1280.0, 720.0) w=1280.0 h=720.0
2026-05-23T04:28:08.436872Z  INFO viewport_authority: VIEWPORT_AUTHORITY source=CameraApplied valid=true min=Vec2(0.0, 0.0) max=Vec2(1280.0, 720.0) w=1280.0 h=720.0
2026-05-23T04:28:08.436900Z  INFO stage5_live_todos: STAGE5_READINESS_HOOK passes=true violations_first=(none) producer_count=1
2026-05-23T04:28:08.436910Z  INFO visual_aidv2_live_todos: VISUAL_AID_V2_BOARD done=3/6 footprint_ok=false readability=true icons=0
2026-05-23T04:28:08.436965Z  INFO worldgen_chrome::egui: WORLD_GEN_EGUI_DRAW preview_window_open=true flow=PreviewReady
2026-05-23T04:28:08.441865Z  INFO stage5_live_todos: STAGE5_GPU_HOOK indirect_instances=0 dispatch_count=0 draw_instances=0 (PHF-01 alignment)
2026-05-23T04:28:08.442027Z  INFO visual_diag: VISUAL_DIAG window frame=47 periodic=false win_logical=(1280, 720) win_physical=(1280, 720) scale=1.0 app=1 base=1 flow=2 worldgen=3 readiness_profile=Stage5ReadinessProfile { require_vt4: true, require_vt5: true, require_preview: true, require_partial_metrics: true, require_world_frame: true, require_phase_f_proof: true, require_instanced_draw: true }
2026-05-23T04:28:08.442033Z  INFO sim_view_sync: SIM_VIEW_SYNC frame=47 win_logical=(1280, 720) win_physical=(1280, 720) sim_valid=true sim_adequate=true sim_min=Vec2(0.0, 0.0) sim_max=Vec2(1280.0, 720.0) measured_valid=true measured_wh=Vec2(1280.0, 720.0) committed_wh=Vec2(1280.0, 720.0) sim_wh=Vec2(1280.0, 720.0) settle_streak=4 layout_settled=true sim_held=true last_commit="hole_hold" frozen=true pending_wh=Vec2(1280.0, 720.0) cam_hole=true render_hole=true cam_invalid_streak=0 cam_valid_streak=46 cam_scissor=Some((0, 0, 1280, 720)) ortho_fixed_wh=(1280, 720) map_view_px=(1280, 720) raster_rev=19 resolved_rev=96 app=1 base=1 flow=2 worldgen=3 cmd_shell=false overlay_tray=false transmission=false rect_sanity_issues=0 left_stack_collapsed=true map_cam_scale=Vec3(1.0, 1.0, 1.0) minimap_visible=true
2026-05-23T04:28:08.442037Z  INFO visual_diag: VISUAL_DIAG sim_viewport frame=47 sim_valid=true sim_adequate=true sim_min=Vec2(0.0, 0.0) sim_max=Vec2(1280.0, 720.0) sim_wh=(1280, 720) measured_valid=true measured_wh=(1280, 720) committed_wh=(1280, 720) sim_held=true settle_streak=4 layout_settled=true frozen=true last_commit="hole_hold" pending_wh=(1280, 720) pending_min=Vec2(0.0, 0.0) pending_max=Vec2(1280.0, 720.0)
2026-05-23T04:28:08.442057Z  INFO visual_diag: VISUAL_DIAG camera frame=47 cam_desired_x=160.0 cam_desired_y=160.0 cam_zoom=1.0 latch_hole=true render_hole=true latch_invalid_streak=0 latch_valid_streak=46 cam_scissor=Some((0, 0, 1280, 720)) ortho_fixed_w=1280 ortho_fixed_h=720 map_view_px_w=1280 map_view_px_h=720 world_w=320 world_h=320
2026-05-23T04:28:08.442065Z  INFO visual_diag: VISUAL_DIAG resolved_viewports frame=47 resolved_rev=96 primary_valid=true primary_wh=(1280, 720) sim_resolved_valid=true sim_resolved_wh=(1280, 720) preview_valid=true preview_wh=(372, 362) minimap_valid=true minimap_wh=(397, 160) mismatch_preview=false mismatch_minimap=false mismatch_sim_map=false mismatch_stale_tex=false
2026-05-23T04:28:08.442070Z  INFO visual_diag: VISUAL_DIAG map_view_frames frame=47 world_preview_proj_rev=1554780161533 minimap_proj_rev=687212767813 sim_map_proj_rev=3092394454456
2026-05-23T04:28:08.442073Z  INFO visual_diag: VISUAL_DIAG map_presentation frame=47 wp_fit=Contain wp_viewport=UVec2(372, 362) wp_fit_scale=1.10595703125 wp_expected_fit_scale=1.10595703125 wp_zoom=1.0407500267028809 mm_fit=Cover mm_viewport=UVec2(397, 160) mm_fit_scale=1.2409179210662842
2026-05-23T04:28:08.442078Z  INFO visual_diag: VISUAL_DIAG render_spine frame=47 raster_rev=19 repr_band=0 repr_lod="LocalTactical" particle_rows_cap=262144 visual_intent="Strategic" visual_zoom_alpha=0.00700009148567915 fire_particle_rows=0 fire_particle_stamp=48 overlay_rev=0 overlay_chunk_cells=0 graph_fire_inst=0 graph_fire_heat=0 gpu_instance_rows=0 gpu_dispatch=0 gpu_draw=0
2026-05-23T04:28:08.442082Z  INFO visual_diag: VISUAL_DIAG perf frame=47 tile_raster_ms=2.563199996948242 tile_raster_ran=true world_repr_ms=0.006000000052154064 projection_graph_ms=0.00010000000474974513 domain_merge_ms=0.0 readiness_ms=0.02250000089406967 cpu_pre_egui_ms=0.0 cpu_egui_ms=0.0 cpu_post_egui_ms=0.0 gpu_gap_ms=0.0
2026-05-23T04:28:08.442085Z  INFO visual_diag: VISUAL_DIAG hud_shell frame=47 cmd_shell=false overlay_tray=false transmission=false
2026-05-23T04:28:08.442103Z  INFO perf: PERF wall=20.05 instr=2.59 gap=17.46 | cpu_pre_egui=14.79 cpu_egui=1.16 cpu_post_egui=4.09 gpu_gap=0.00 | spine=0.00 world_repr=0.01 graph=0.00 merge=0.00 atm=0.00 readiness=0.02 raster=2.56 | upd_attrib sum=1.47 pv_cpu=0.00 pv_gpu=0.01 fire=0.08 stream=1.06 map_fit=0.00 hud=0.08 wgen=0.24 | budget_sum=2.66 hud=0.08 overlay=0.00 raster_b=2.56 particles=0.00 residency=0.02 tex_reg=0.00 render_x=0.00 | egui_unbudgeted=1.08 | stall first+preupd=0.05 update=0.00 post_dom=0.00 post_vt=0.01 postÔåÆready=0.00 ready=0.07 postÔåÆegui=4.78 egui=1.08 post_egui=4.02 | stall_hits=[after_tile_storage_apply:9.9]
2026-05-23T04:28:08.442109Z  INFO perf: PERF frame=20.1ms update=14.8ms egui=1.2ms preview=0.0ms streaming=1.1ms tile_apply=0.0ms viewport=0.0ms map_fit=0.0ms repr=0.0ms raster=2.6ms
2026-05-23T04:28:08.442113Z  INFO stall: STALL culprit=after_tile_storage_apply duration=9.9ms frame=20.1ms
2026-05-23T04:28:08.443023Z  INFO viewport_authority: VIEWPORT_AUTHORITY source=ResolvedViewport valid=true min=Vec2(0.0, 0.0) max=Vec2(1280.0, 720.0) w=1280.0 h=720.0
2026-05-23T04:28:08.445369Z  INFO construction_finish_todos: CONSTRUCTION_FINISH_COMPLETE done=8/8
2026-05-23T04:28:08.445520Z  INFO construction_round2_todos: CONSTRUCTION_ROUND2_COMPLETE done=15/15
2026-05-23T04:28:08.445531Z  INFO construction_round3_todos: CONSTRUCTION_ROUND3_COMPLETE done=27/27
2026-05-23T04:28:08.445539Z  INFO construction_operational_todos: CONSTRUCTION_OPERATIONAL_GREEN
2026-05-23T04:28:08.445548Z  INFO stage5_live_todos: STAGE5_MAP_CAMERA_HOOK post_mirror desired_xy=(160.00,160.00) zoom=1.0000 world_main_xy=(160.00,160.00) zoom=1.0000 bridge_drift=0.0000
2026-05-23T04:28:08.453395Z  INFO stage5_live_todos: STAGE5_FIRE_HOOK fire_visual_producer_count=1 (expect 1 for FIRE-01)
2026-05-23T04:28:08.453849Z  INFO stall: STALL after_tile_storage_apply: 11.26ms
2026-05-23T04:28:08.454489Z  INFO stage5_live_todos: STAGE5_SPINE_HOOK policy_present=true graph_present=true fence_committed=true fence_fire_tick=49 world_frame_present=true overlay_rev=0 overlay_chunk_cells=0 atm_partial_dispatch=0 atm_gpu_tex_uploads=0 atm_full_field_fallback=false
2026-05-23T04:28:08.459828Z  INFO industrial_activation_todos: INDUSTRIAL_ACTIVATION_GREEN
2026-05-23T04:28:08.459879Z  INFO stall: STALL pre_egui: 6.03ms
2026-05-23T04:28:08.459890Z  INFO viewport_authority: VIEWPORT_AUTHORITY source=UiMeasured valid=true min=Vec2(0.0, 0.0) max=Vec2(1280.0, 720.0) w=1280.0 h=720.0
2026-05-23T04:28:08.459898Z  INFO viewport_authority::solver: VIEWPORT_SOLVER_TARGET node=SimMapFill valid=true rect.source=SimMapFill w=1280.0 h=720.0
2026-05-23T04:28:08.459902Z  INFO viewport_authority: VIEWPORT_AUTHORITY source=LayoutSolver valid=true min=Vec2(0.0, 0.0) max=Vec2(1280.0, 720.0) w=1280.0 h=720.0
2026-05-23T04:28:08.459905Z  INFO viewport_authority: VIEWPORT_AUTHORITY source=LayoutSolver valid=true min=Vec2(0.0, 0.0) max=Vec2(1280.0, 720.0) w=1280.0 h=720.0
2026-05-23T04:28:08.459908Z  INFO viewport_authority: VIEWPORT_AUTHORITY source=UiCommitted valid=true min=Vec2(0.0, 0.0) max=Vec2(1280.0, 720.0) w=1280.0 h=720.0
2026-05-23T04:28:08.459924Z  INFO viewport_authority: VIEWPORT_AUTHORITY source=CameraApplied valid=true min=Vec2(0.0, 0.0) max=Vec2(1280.0, 720.0) w=1280.0 h=720.0
2026-05-23T04:28:08.459950Z  INFO stage5_live_todos: STAGE5_READINESS_HOOK passes=true violations_first=(none) producer_count=1
2026-05-23T04:28:08.459960Z  INFO visual_aidv2_live_todos: VISUAL_AID_V2_BOARD done=3/6 footprint_ok=false readability=true icons=0
2026-05-23T04:28:08.460037Z  INFO worldgen_chrome::egui: WORLD_GEN_EGUI_DRAW preview_window_open=true flow=PreviewReady
2026-05-23T04:28:08.462152Z  INFO stage5_live_todos: STAGE5_GPU_HOOK indirect_instances=0 dispatch_count=0 draw_instances=0 (PHF-01 alignment)
2026-05-23T04:28:08.462339Z  INFO visual_diag: VISUAL_DIAG window frame=48 periodic=false win_logical=(1280, 720) win_physical=(1280, 720) scale=1.0 app=1 base=1 flow=2 worldgen=3 readiness_profile=Stage5ReadinessProfile { require_vt4: true, require_vt5: true, require_preview: true, require_partial_metrics: true, require_world_frame: true, require_phase_f_proof: true, require_instanced_draw: true }
2026-05-23T04:28:08.462350Z  INFO visual_diag: VISUAL_DIAG sim_viewport frame=48 sim_valid=true sim_adequate=true sim_min=Vec2(0.0, 0.0) sim_max=Vec2(1280.0, 720.0) sim_wh=(1280, 720) measured_valid=true measured_wh=(1280, 720) committed_wh=(1280, 720) sim_held=true settle_streak=4 layout_settled=true frozen=true last_commit="hole_hold" pending_wh=(1280, 720) pending_min=Vec2(0.0, 0.0) pending_max=Vec2(1280.0, 720.0)
2026-05-23T04:28:08.462347Z  INFO sim_view_sync: SIM_VIEW_SYNC frame=48 win_logical=(1280, 720) win_physical=(1280, 720) sim_valid=true sim_adequate=true sim_min=Vec2(0.0, 0.0) sim_max=Vec2(1280.0, 720.0) measured_valid=true measured_wh=Vec2(1280.0, 720.0) committed_wh=Vec2(1280.0, 720.0) sim_wh=Vec2(1280.0, 720.0) settle_streak=4 layout_settled=true sim_held=true last_commit="hole_hold" frozen=true pending_wh=Vec2(1280.0, 720.0) cam_hole=true render_hole=true cam_invalid_streak=0 cam_valid_streak=47 cam_scissor=Some((0, 0, 1280, 720)) ortho_fixed_wh=(1280, 720) map_view_px=(1280, 720) raster_rev=20 resolved_rev=98 app=1 base=1 flow=2 worldgen=3 cmd_shell=false overlay_tray=false transmission=false rect_sanity_issues=0 left_stack_collapsed=true map_cam_scale=Vec3(1.0, 1.0, 1.0) minimap_visible=true
2026-05-23T04:28:08.462356Z  INFO visual_diag: VISUAL_DIAG camera frame=48 cam_desired_x=160.0 cam_desired_y=160.0 cam_zoom=1.0 latch_hole=true render_hole=true latch_invalid_streak=0 latch_valid_streak=47 cam_scissor=Some((0, 0, 1280, 720)) ortho_fixed_w=1280 ortho_fixed_h=720 map_view_px_w=1280 map_view_px_h=720 world_w=320 world_h=320
2026-05-23T04:28:08.462364Z  INFO visual_diag: VISUAL_DIAG resolved_viewports frame=48 resolved_rev=98 primary_valid=true primary_wh=(1280, 720) sim_resolved_valid=true sim_resolved_wh=(1280, 720) preview_valid=true preview_wh=(372, 362) minimap_valid=true minimap_wh=(397, 160) mismatch_preview=false mismatch_minimap=false mismatch_sim_map=false mismatch_stale_tex=false
2026-05-23T04:28:08.462369Z  INFO visual_diag: VISUAL_DIAG map_view_frames frame=48 world_preview_proj_rev=1554780161533 minimap_proj_rev=687213767816 sim_map_proj_rev=3092395454459
2026-05-23T04:28:08.462372Z  INFO visual_diag: VISUAL_DIAG map_presentation frame=48 wp_fit=Contain wp_viewport=UVec2(372, 362) wp_fit_scale=1.10595703125 wp_expected_fit_scale=1.10595703125 wp_zoom=1.0407500267028809 mm_fit=Cover mm_viewport=UVec2(397, 160) mm_fit_scale=1.2409179210662842
2026-05-23T04:28:08.462377Z  INFO visual_diag: VISUAL_DIAG render_spine frame=48 raster_rev=20 repr_band=0 repr_lod="LocalTactical" particle_rows_cap=262144 visual_intent="Strategic" visual_zoom_alpha=0.00700009148567915 fire_particle_rows=0 fire_particle_stamp=49 overlay_rev=0 overlay_chunk_cells=0 graph_fire_inst=0 graph_fire_heat=0 gpu_instance_rows=0 gpu_dispatch=0 gpu_draw=0
2026-05-23T04:28:08.462381Z  INFO visual_diag: VISUAL_DIAG perf frame=48 tile_raster_ms=3.513000011444092 tile_raster_ran=true world_repr_ms=0.0052999998442828655 projection_graph_ms=0.00010000000474974513 domain_merge_ms=0.0 readiness_ms=0.023799998685717583 cpu_pre_egui_ms=0.0 cpu_egui_ms=0.0 cpu_post_egui_ms=0.0 gpu_gap_ms=0.0
2026-05-23T04:28:08.462385Z  INFO visual_diag: VISUAL_DIAG hud_shell frame=48 cmd_shell=false overlay_tray=false transmission=false
2026-05-23T04:28:08.462407Z  INFO perf: PERF wall=19.86 instr=3.54 gap=16.32 | cpu_pre_egui=17.35 cpu_egui=1.43 cpu_post_egui=1.08 gpu_gap=0.00 | spine=0.00 world_repr=0.01 graph=0.00 merge=0.00 atm=0.00 readiness=0.02 raster=3.51 | upd_attrib sum=1.52 pv_cpu=0.00 pv_gpu=0.01 fire=0.09 stream=1.05 map_fit=0.00 hud=0.09 wgen=0.28 | budget_sum=3.62 hud=0.09 overlay=0.00 raster_b=3.51 particles=0.00 residency=0.01 tex_reg=0.00 render_x=0.00 | egui_unbudgeted=1.34 | stall first+preupd=0.05 update=0.00 post_dom=0.00 post_vt=0.01 postÔåÆready=0.00 ready=0.07 postÔåÆegui=6.03 egui=1.34 post_egui=1.02 | stall_hits=[after_tile_storage_apply:11.3,pre_egui:6.0]
2026-05-23T04:28:08.462421Z  INFO perf: PERF frame=19.9ms update=17.3ms egui=1.4ms preview=0.0ms streaming=1.1ms tile_apply=0.0ms viewport=0.0ms map_fit=0.0ms repr=0.0ms raster=3.5ms
2026-05-23T04:28:08.462425Z  INFO stall: STALL culprit=after_tile_storage_apply duration=11.3ms frame=19.9ms
2026-05-23T04:28:08.463199Z  INFO viewport_authority: VIEWPORT_AUTHORITY source=ResolvedViewport valid=true min=Vec2(0.0, 0.0) max=Vec2(1280.0, 720.0) w=1280.0 h=720.0
2026-05-23T04:28:08.464455Z  INFO construction_finish_todos: CONSTRUCTION_FINISH_COMPLETE done=8/8
2026-05-23T04:28:08.464465Z  INFO construction_round2_todos: CONSTRUCTION_ROUND2_COMPLETE done=15/15
2026-05-23T04:28:08.464469Z  INFO construction_round3_todos: CONSTRUCTION_ROUND3_COMPLETE done=27/27
2026-05-23T04:28:08.464473Z  INFO construction_operational_todos: CONSTRUCTION_OPERATIONAL_GREEN
2026-05-23T04:28:08.464795Z  INFO stage5_live_todos: STAGE5_MAP_CAMERA_HOOK post_mirror desired_xy=(160.00,160.00) zoom=1.0000 world_main_xy=(160.00,160.00) zoom=1.0000 bridge_drift=0.0000
2026-05-23T04:28:08.473068Z  INFO stage5_live_todos: STAGE5_FIRE_HOOK fire_visual_producer_count=1 (expect 1 for FIRE-01)
2026-05-23T04:28:08.473536Z  INFO stall: STALL after_tile_storage_apply: 10.60ms
2026-05-23T04:28:08.474184Z  INFO stage5_live_todos: STAGE5_SPINE_HOOK policy_present=true graph_present=true fence_committed=true fence_fire_tick=50 world_frame_present=true overlay_rev=0 overlay_chunk_cells=0 atm_partial_dispatch=0 atm_gpu_tex_uploads=0 atm_full_field_fallback=false
2026-05-23T04:28:08.479063Z  INFO industrial_activation_todos: INDUSTRIAL_ACTIVATION_GREEN
2026-05-23T04:28:08.479113Z  INFO stall: STALL pre_egui: 5.58ms
2026-05-23T04:28:08.479125Z  INFO viewport_authority: VIEWPORT_AUTHORITY source=UiMeasured valid=true min=Vec2(0.0, 0.0) max=Vec2(1280.0, 720.0) w=1280.0 h=720.0
2026-05-23T04:28:08.479134Z  INFO viewport_authority::solver: VIEWPORT_SOLVER_TARGET node=SimMapFill valid=true rect.source=SimMapFill w=1280.0 h=720.0
2026-05-23T04:28:08.479138Z  INFO viewport_authority: VIEWPORT_AUTHORITY source=LayoutSolver valid=true min=Vec2(0.0, 0.0) max=Vec2(1280.0, 720.0) w=1280.0 h=720.0
2026-05-23T04:28:08.479141Z  INFO viewport_authority: VIEWPORT_AUTHORITY source=LayoutSolver valid=true min=Vec2(0.0, 0.0) max=Vec2(1280.0, 720.0) w=1280.0 h=720.0
2026-05-23T04:28:08.479143Z  INFO viewport_authority: VIEWPORT_AUTHORITY source=UiCommitted valid=true min=Vec2(0.0, 0.0) max=Vec2(1280.0, 720.0) w=1280.0 h=720.0
2026-05-23T04:28:08.479153Z  INFO viewport_authority: VIEWPORT_AUTHORITY source=CameraApplied valid=true min=Vec2(0.0, 0.0) max=Vec2(1280.0, 720.0) w=1280.0 h=720.0
2026-05-23T04:28:08.479172Z  INFO stage5_live_todos: STAGE5_READINESS_HOOK passes=true violations_first=(none) producer_count=1
2026-05-23T04:28:08.479181Z  INFO visual_aidv2_live_todos: VISUAL_AID_V2_BOARD done=3/6 footprint_ok=false readability=true icons=0
2026-05-23T04:28:08.479248Z  INFO worldgen_chrome::egui: WORLD_GEN_EGUI_DRAW preview_window_open=true flow=PreviewReady
2026-05-23T04:28:08.481021Z  INFO stage5_live_todos: STAGE5_GPU_HOOK indirect_instances=0 dispatch_count=0 draw_instances=0 (PHF-01 alignment)
2026-05-23T04:28:08.481168Z  INFO visual_diag: VISUAL_DIAG window frame=49 periodic=false win_logical=(1280, 720) win_physical=(1280, 720) scale=1.0 app=1 base=1 flow=2 worldgen=3 readiness_profile=Stage5ReadinessProfile { require_vt4: true, require_vt5: true, require_preview: true, require_partial_metrics: true, require_world_frame: true, require_phase_f_proof: true, require_instanced_draw: true }
2026-05-23T04:28:08.481172Z  INFO sim_view_sync: SIM_VIEW_SYNC frame=49 win_logical=(1280, 720) win_physical=(1280, 720) sim_valid=true sim_adequate=true sim_min=Vec2(0.0, 0.0) sim_max=Vec2(1280.0, 720.0) measured_valid=true measured_wh=Vec2(1280.0, 720.0) committed_wh=Vec2(1280.0, 720.0) sim_wh=Vec2(1280.0, 720.0) settle_streak=4 layout_settled=true sim_held=true last_commit="hole_hold" frozen=true pending_wh=Vec2(1280.0, 720.0) cam_hole=true render_hole=true cam_invalid_streak=0 cam_valid_streak=48 cam_scissor=Some((0, 0, 1280, 720)) ortho_fixed_wh=(1280, 720) map_view_px=(1280, 720) raster_rev=21 resolved_rev=100 app=1 base=1 flow=2 worldgen=3 cmd_shell=false overlay_tray=false transmission=false rect_sanity_issues=0 left_stack_collapsed=true map_cam_scale=Vec3(1.0, 1.0, 1.0) minimap_visible=true
2026-05-23T04:28:08.481178Z  INFO visual_diag: VISUAL_DIAG sim_viewport frame=49 sim_valid=true sim_adequate=true sim_min=Vec2(0.0, 0.0) sim_max=Vec2(1280.0, 720.0) sim_wh=(1280, 720) measured_valid=true measured_wh=(1280, 720) committed_wh=(1280, 720) sim_held=true settle_streak=4 layout_settled=true frozen=true last_commit="hole_hold" pending_wh=(1280, 720) pending_min=Vec2(0.0, 0.0) pending_max=Vec2(1280.0, 720.0)
2026-05-23T04:28:08.481185Z  INFO visual_diag: VISUAL_DIAG camera frame=49 cam_desired_x=160.0 cam_desired_y=160.0 cam_zoom=1.0 latch_hole=true render_hole=true latch_invalid_streak=0 latch_valid_streak=48 cam_scissor=Some((0, 0, 1280, 720)) ortho_fixed_w=1280 ortho_fixed_h=720 map_view_px_w=1280 map_view_px_h=720 world_w=320 world_h=320
2026-05-23T04:28:08.481190Z  INFO visual_diag: VISUAL_DIAG resolved_viewports frame=49 resolved_rev=100 primary_valid=true primary_wh=(1280, 720) sim_resolved_valid=true sim_resolved_wh=(1280, 720) preview_valid=true preview_wh=(372, 362) minimap_valid=true minimap_wh=(397, 160) mismatch_preview=false mismatch_minimap=false mismatch_sim_map=false mismatch_stale_tex=false
2026-05-23T04:28:08.481195Z  INFO visual_diag: VISUAL_DIAG map_view_frames frame=49 world_preview_proj_rev=1554780161533 minimap_proj_rev=687214767819 sim_map_proj_rev=3092396454462
2026-05-23T04:28:08.481198Z  INFO visual_diag: VISUAL_DIAG map_presentation frame=49 wp_fit=Contain wp_viewport=UVec2(372, 362) wp_fit_scale=1.10595703125 wp_expected_fit_scale=1.10595703125 wp_zoom=1.0407500267028809 mm_fit=Cover mm_viewport=UVec2(397, 160) mm_fit_scale=1.2409179210662842
2026-05-23T04:28:08.481202Z  INFO visual_diag: VISUAL_DIAG render_spine frame=49 raster_rev=21 repr_band=0 repr_lod="LocalTactical" particle_rows_cap=262144 visual_intent="Strategic" visual_zoom_alpha=0.00700009148567915 fire_particle_rows=0 fire_particle_stamp=50 overlay_rev=0 overlay_chunk_cells=0 graph_fire_inst=0 graph_fire_heat=0 gpu_instance_rows=0 gpu_dispatch=0 gpu_draw=0
2026-05-23T04:28:08.481206Z  INFO visual_diag: VISUAL_DIAG perf frame=49 tile_raster_ms=3.3813998699188232 tile_raster_ran=true world_repr_ms=0.005799999926239252 projection_graph_ms=0.00020000000949949026 domain_merge_ms=0.0 readiness_ms=0.021700000390410423 cpu_pre_egui_ms=0.0 cpu_egui_ms=0.0 cpu_post_egui_ms=0.0 gpu_gap_ms=0.0
2026-05-23T04:28:08.481209Z  INFO visual_diag: VISUAL_DIAG hud_shell frame=49 cmd_shell=false overlay_tray=false transmission=false
2026-05-23T04:28:08.481225Z  INFO perf: PERF wall=18.34 instr=3.41 gap=14.93 | cpu_pre_egui=16.25 cpu_egui=1.14 cpu_post_egui=0.95 gpu_gap=0.00 | spine=0.00 world_repr=0.01 graph=0.00 merge=0.00 atm=0.00 readiness=0.02 raster=3.38 | upd_attrib sum=1.47 pv_cpu=0.00 pv_gpu=0.01 fire=0.09 stream=1.06 map_fit=0.00 hud=0.08 wgen=0.24 | budget_sum=3.47 hud=0.08 overlay=0.00 raster_b=3.38 particles=0.00 residency=0.01 tex_reg=0.00 render_x=0.00 | egui_unbudgeted=1.06 | stall first+preupd=0.05 update=0.00 post_dom=0.00 post_vt=0.02 postÔåÆready=0.00 ready=0.05 postÔåÆegui=5.58 egui=1.07 post_egui=0.90 | stall_hits=[after_tile_storage_apply:10.6,pre_egui:5.6]
2026-05-23T04:28:08.481234Z  INFO perf: PERF frame=18.3ms update=16.2ms egui=1.1ms preview=0.0ms streaming=1.1ms tile_apply=0.0ms viewport=0.0ms map_fit=0.0ms repr=0.0ms raster=3.4ms
2026-05-23T04:28:08.481237Z  INFO stall: STALL culprit=after_tile_storage_apply duration=10.6ms frame=18.3ms
2026-05-23T04:28:08.482083Z  INFO viewport_authority: VIEWPORT_AUTHORITY source=ResolvedViewport valid=true min=Vec2(0.0, 0.0) max=Vec2(1280.0, 720.0) w=1280.0 h=720.0
2026-05-23T04:28:08.483309Z  INFO construction_finish_todos: CONSTRUCTION_FINISH_COMPLETE done=8/8
2026-05-23T04:28:08.483475Z  INFO construction_round2_todos: CONSTRUCTION_ROUND2_COMPLETE done=15/15
2026-05-23T04:28:08.483486Z  INFO construction_round3_todos: CONSTRUCTION_ROUND3_COMPLETE done=27/27
2026-05-23T04:28:08.483492Z  INFO construction_operational_todos: CONSTRUCTION_OPERATIONAL_GREEN
2026-05-23T04:28:08.483892Z  INFO stage5_live_todos: STAGE5_MAP_CAMERA_HOOK post_mirror desired_xy=(160.00,160.00) zoom=1.0000 world_main_xy=(160.00,160.00) zoom=1.0000 bridge_drift=0.0000
2026-05-23T04:28:08.491298Z  INFO stage5_live_todos: STAGE5_FIRE_HOOK fire_visual_producer_count=1 (expect 1 for FIRE-01)
2026-05-23T04:28:08.491754Z  INFO stall: STALL after_tile_storage_apply: 9.88ms
2026-05-23T04:28:08.492385Z  INFO stage5_live_todos: STAGE5_SPINE_HOOK policy_present=true graph_present=true fence_committed=true fence_fire_tick=51 world_frame_present=true overlay_rev=0 overlay_chunk_cells=0 atm_partial_dispatch=0 atm_gpu_tex_uploads=0 atm_full_field_fallback=false
2026-05-23T04:28:08.497776Z  INFO industrial_activation_todos: INDUSTRIAL_ACTIVATION_GREEN
2026-05-23T04:28:08.497814Z  INFO stall: STALL pre_egui: 6.06ms
2026-05-23T04:28:08.497820Z  INFO viewport_authority: VIEWPORT_AUTHORITY source=UiMeasured valid=true min=Vec2(0.0, 0.0) max=Vec2(1280.0, 720.0) w=1280.0 h=720.0
2026-05-23T04:28:08.497828Z  INFO viewport_authority::solver: VIEWPORT_SOLVER_TARGET node=SimMapFill valid=true rect.source=SimMapFill w=1280.0 h=720.0
2026-05-23T04:28:08.497831Z  INFO viewport_authority: VIEWPORT_AUTHORITY source=LayoutSolver valid=true min=Vec2(0.0, 0.0) max=Vec2(1280.0, 720.0) w=1280.0 h=720.0
2026-05-23T04:28:08.497834Z  INFO viewport_authority: VIEWPORT_AUTHORITY source=LayoutSolver valid=true min=Vec2(0.0, 0.0) max=Vec2(1280.0, 720.0) w=1280.0 h=720.0
2026-05-23T04:28:08.497836Z  INFO viewport_authority: VIEWPORT_AUTHORITY source=UiCommitted valid=true min=Vec2(0.0, 0.0) max=Vec2(1280.0, 720.0) w=1280.0 h=720.0
2026-05-23T04:28:08.497848Z  INFO viewport_authority: VIEWPORT_AUTHORITY source=CameraApplied valid=true min=Vec2(0.0, 0.0) max=Vec2(1280.0, 720.0) w=1280.0 h=720.0
2026-05-23T04:28:08.497867Z  INFO stage5_live_todos: STAGE5_READINESS_HOOK passes=true violations_first=(none) producer_count=1
2026-05-23T04:28:08.497876Z  INFO visual_aidv2_live_todos: VISUAL_AID_V2_BOARD done=3/6 footprint_ok=false readability=true icons=0
2026-05-23T04:28:08.497939Z  INFO worldgen_chrome::egui: WORLD_GEN_EGUI_DRAW preview_window_open=true flow=PreviewReady
2026-05-23T04:28:08.499792Z  INFO stage5_live_todos: STAGE5_GPU_HOOK indirect_instances=0 dispatch_count=0 draw_instances=0 (PHF-01 alignment)
2026-05-23T04:28:08.500170Z  INFO visual_diag: VISUAL_DIAG window frame=50 periodic=false win_logical=(1280, 720) win_physical=(1280, 720) scale=1.0 app=1 base=1 flow=2 worldgen=3 readiness_profile=Stage5ReadinessProfile { require_vt4: true, require_vt5: true, require_preview: true, require_partial_metrics: true, require_world_frame: true, require_phase_f_proof: true, require_instanced_draw: true }
2026-05-23T04:28:08.500172Z  INFO sim_view_sync: SIM_VIEW_SYNC frame=50 win_logical=(1280, 720) win_physical=(1280, 720) sim_valid=true sim_adequate=true sim_min=Vec2(0.0, 0.0) sim_max=Vec2(1280.0, 720.0) measured_valid=true measured_wh=Vec2(1280.0, 720.0) committed_wh=Vec2(1280.0, 720.0) sim_wh=Vec2(1280.0, 720.0) settle_streak=4 layout_settled=true sim_held=true last_commit="hole_hold" frozen=true pending_wh=Vec2(1280.0, 720.0) cam_hole=true render_hole=true cam_invalid_streak=0 cam_valid_streak=49 cam_scissor=Some((0, 0, 1280, 720)) ortho_fixed_wh=(1280, 720) map_view_px=(1280, 720) raster_rev=22 resolved_rev=102 app=1 base=1 flow=2 worldgen=3 cmd_shell=false overlay_tray=false transmission=false rect_sanity_issues=0 left_stack_collapsed=true map_cam_scale=Vec3(1.0, 1.0, 1.0) minimap_visible=true
2026-05-23T04:28:08.500181Z  INFO visual_diag: VISUAL_DIAG sim_viewport frame=50 sim_valid=true sim_adequate=true sim_min=Vec2(0.0, 0.0) sim_max=Vec2(1280.0, 720.0) sim_wh=(1280, 720) measured_valid=true measured_wh=(1280, 720) committed_wh=(1280, 720) sim_held=true settle_streak=4 layout_settled=true frozen=true last_commit="hole_hold" pending_wh=(1280, 720) pending_min=Vec2(0.0, 0.0) pending_max=Vec2(1280.0, 720.0)
2026-05-23T04:28:08.500188Z  INFO visual_diag: VISUAL_DIAG camera frame=50 cam_desired_x=160.0 cam_desired_y=160.0 cam_zoom=1.0 latch_hole=true render_hole=true latch_invalid_streak=0 latch_valid_streak=49 cam_scissor=Some((0, 0, 1280, 720)) ortho_fixed_w=1280 ortho_fixed_h=720 map_view_px_w=1280 map_view_px_h=720 world_w=320 world_h=320
2026-05-23T04:28:08.500192Z  INFO visual_diag: VISUAL_DIAG resolved_viewports frame=50 resolved_rev=102 primary_valid=true primary_wh=(1280, 720) sim_resolved_valid=true sim_resolved_wh=(1280, 720) preview_valid=true preview_wh=(372, 362) minimap_valid=true minimap_wh=(397, 160) mismatch_preview=false mismatch_minimap=false mismatch_sim_map=false mismatch_stale_tex=false
2026-05-23T04:28:08.500196Z  INFO visual_diag: VISUAL_DIAG map_view_frames frame=50 world_preview_proj_rev=1554780161533 minimap_proj_rev=687215767822 sim_map_proj_rev=3092397454465
2026-05-23T04:28:08.500199Z  INFO visual_diag: VISUAL_DIAG map_presentation frame=50 wp_fit=Contain wp_viewport=UVec2(372, 362) wp_fit_scale=1.10595703125 wp_expected_fit_scale=1.10595703125 wp_zoom=1.0407500267028809 mm_fit=Cover mm_viewport=UVec2(397, 160) mm_fit_scale=1.2409179210662842
2026-05-23T04:28:08.500203Z  INFO visual_diag: VISUAL_DIAG render_spine frame=50 raster_rev=22 repr_band=0 repr_lod="LocalTactical" particle_rows_cap=262144 visual_intent="Strategic" visual_zoom_alpha=0.00700009148567915 fire_particle_rows=0 fire_particle_stamp=51 overlay_rev=0 overlay_chunk_cells=0 graph_fire_inst=0 graph_fire_heat=0 gpu_instance_rows=0 gpu_dispatch=0 gpu_draw=0
2026-05-23T04:28:08.500207Z  INFO visual_diag: VISUAL_DIAG perf frame=50 tile_raster_ms=3.749799966812134 tile_raster_ran=true world_repr_ms=0.004200000315904617 projection_graph_ms=0.00010000000474974513 domain_merge_ms=0.00010000000474974513 readiness_ms=0.02019999921321869 cpu_pre_egui_ms=0.0 cpu_egui_ms=0.0 cpu_post_egui_ms=0.0 gpu_gap_ms=0.0
2026-05-23T04:28:08.500210Z  INFO visual_diag: VISUAL_DIAG hud_shell frame=50 cmd_shell=false overlay_tray=false transmission=false
2026-05-23T04:28:08.500230Z  INFO perf: PERF wall=18.39 instr=3.77 gap=14.62 | cpu_pre_egui=15.99 cpu_egui=1.16 cpu_post_egui=1.24 gpu_gap=0.00 | spine=0.00 world_repr=0.00 graph=0.00 merge=0.00 atm=0.00 readiness=0.02 raster=3.75 | upd_attrib sum=1.42 pv_cpu=0.00 pv_gpu=0.00 fire=0.08 stream=1.04 map_fit=0.00 hud=0.07 wgen=0.22 | budget_sum=3.84 hud=0.07 overlay=0.00 raster_b=3.75 particles=0.00 residency=0.01 tex_reg=0.00 render_x=0.00 | egui_unbudgeted=1.09 | stall first+preupd=0.04 update=0.00 post_dom=0.00 post_vt=0.01 postÔåÆready=0.00 ready=0.06 postÔåÆegui=6.06 egui=1.09 post_egui=1.19 | stall_hits=[after_tile_storage_apply:9.9,pre_egui:6.1]
2026-05-23T04:28:08.500248Z  INFO perf: PERF frame=18.4ms update=16.0ms egui=1.2ms preview=0.0ms streaming=1.0ms tile_apply=0.0ms viewport=0.0ms map_fit=0.0ms repr=0.0ms raster=3.7ms
2026-05-23T04:28:08.527671Z  INFO stall: STALL culprit=after_tile_storage_apply duration=9.9ms frame=18.4ms
2026-05-23T04:28:08.528907Z  INFO viewport_authority: VIEWPORT_AUTHORITY source=ResolvedViewport valid=true min=Vec2(0.0, 0.0) max=Vec2(1280.0, 720.0) w=1280.0 h=720.0
2026-05-23T04:28:08.529961Z  INFO construction_finish_todos: CONSTRUCTION_FINISH_COMPLETE done=8/8
2026-05-23T04:28:08.529972Z  INFO construction_round2_todos: CONSTRUCTION_ROUND2_COMPLETE done=15/15
2026-05-23T04:28:08.529976Z  INFO construction_round3_todos: CONSTRUCTION_ROUND3_COMPLETE done=27/27
2026-05-23T04:28:08.529980Z  INFO construction_operational_todos: CONSTRUCTION_OPERATIONAL_GREEN
2026-05-23T04:28:08.531043Z  INFO stage5_live_todos: STAGE5_MAP_CAMERA_HOOK post_mirror desired_xy=(160.00,160.00) zoom=1.0000 world_main_xy=(160.00,160.00) zoom=1.0000 bridge_drift=0.0000
2026-05-23T04:28:08.538446Z  INFO stage5_live_todos: STAGE5_FIRE_HOOK fire_visual_producer_count=1 (expect 1 for FIRE-01)
2026-05-23T04:28:08.538919Z  INFO stall: STALL after_tile_storage_apply: 10.67ms
2026-05-23T04:28:08.539561Z  INFO stage5_live_todos: STAGE5_SPINE_HOOK policy_present=true graph_present=true fence_committed=true fence_fire_tick=52 world_frame_present=true overlay_rev=0 overlay_chunk_cells=0 atm_partial_dispatch=0 atm_gpu_tex_uploads=0 atm_full_field_fallback=false
2026-05-23T04:28:08.545862Z  INFO industrial_activation_todos: INDUSTRIAL_ACTIVATION_GREEN
2026-05-23T04:28:08.545912Z  INFO stall: STALL pre_egui: 6.99ms
2026-05-23T04:28:08.545920Z  INFO viewport_authority: VIEWPORT_AUTHORITY source=UiMeasured valid=true min=Vec2(0.0, 0.0) max=Vec2(1280.0, 720.0) w=1280.0 h=720.0
2026-05-23T04:28:08.545929Z  INFO viewport_authority::solver: VIEWPORT_SOLVER_TARGET node=SimMapFill valid=true rect.source=SimMapFill w=1280.0 h=720.0
2026-05-23T04:28:08.545933Z  INFO viewport_authority: VIEWPORT_AUTHORITY source=LayoutSolver valid=true min=Vec2(0.0, 0.0) max=Vec2(1280.0, 720.0) w=1280.0 h=720.0
2026-05-23T04:28:08.545936Z  INFO viewport_authority: VIEWPORT_AUTHORITY source=LayoutSolver valid=true min=Vec2(0.0, 0.0) max=Vec2(1280.0, 720.0) w=1280.0 h=720.0
2026-05-23T04:28:08.545938Z  INFO viewport_authority: VIEWPORT_AUTHORITY source=UiCommitted valid=true min=Vec2(0.0, 0.0) max=Vec2(1280.0, 720.0) w=1280.0 h=720.0
2026-05-23T04:28:08.545950Z  INFO viewport_authority: VIEWPORT_AUTHORITY source=CameraApplied valid=true min=Vec2(0.0, 0.0) max=Vec2(1280.0, 720.0) w=1280.0 h=720.0
2026-05-23T04:28:08.545976Z  INFO stage5_live_todos: STAGE5_READINESS_HOOK passes=true violations_first=(none) producer_count=1
2026-05-23T04:28:08.545988Z  INFO visual_aidv2_live_todos: VISUAL_AID_V2_BOARD done=3/6 footprint_ok=false readability=true icons=0
2026-05-23T04:28:08.546067Z  INFO worldgen_chrome::egui: WORLD_GEN_EGUI_DRAW preview_window_open=true flow=PreviewReady
2026-05-23T04:28:08.548157Z  INFO stage5_live_todos: STAGE5_GPU_HOOK indirect_instances=0 dispatch_count=0 draw_instances=0 (PHF-01 alignment)
2026-05-23T04:28:08.548348Z  INFO visual_diag: VISUAL_DIAG window frame=51 periodic=false win_logical=(1280, 720) win_physical=(1280, 720) scale=1.0 app=1 base=1 flow=2 worldgen=3 readiness_profile=Stage5ReadinessProfile { require_vt4: true, require_vt5: true, require_preview: true, require_partial_metrics: true, require_world_frame: true, require_phase_f_proof: true, require_instanced_draw: true }
2026-05-23T04:28:08.548349Z  INFO sim_view_sync: SIM_VIEW_SYNC frame=51 win_logical=(1280, 720) win_physical=(1280, 720) sim_valid=true sim_adequate=true sim_min=Vec2(0.0, 0.0) sim_max=Vec2(1280.0, 720.0) measured_valid=true measured_wh=Vec2(1280.0, 720.0) committed_wh=Vec2(1280.0, 720.0) sim_wh=Vec2(1280.0, 720.0) settle_streak=4 layout_settled=true sim_held=true last_commit="hole_hold" frozen=true pending_wh=Vec2(1280.0, 720.0) cam_hole=true render_hole=true cam_invalid_streak=0 cam_valid_streak=50 cam_scissor=Some((0, 0, 1280, 720)) ortho_fixed_wh=(1280, 720) map_view_px=(1280, 720) raster_rev=23 resolved_rev=104 app=1 base=1 flow=2 worldgen=3 cmd_shell=false overlay_tray=false transmission=false rect_sanity_issues=0 left_stack_collapsed=true map_cam_scale=Vec3(1.0, 1.0, 1.0) minimap_visible=true
2026-05-23T04:28:08.548359Z  INFO visual_diag: VISUAL_DIAG sim_viewport frame=51 sim_valid=true sim_adequate=true sim_min=Vec2(0.0, 0.0) sim_max=Vec2(1280.0, 720.0) sim_wh=(1280, 720) measured_valid=true measured_wh=(1280, 720) committed_wh=(1280, 720) sim_held=true settle_streak=4 layout_settled=true frozen=true last_commit="hole_hold" pending_wh=(1280, 720) pending_min=Vec2(0.0, 0.0) pending_max=Vec2(1280.0, 720.0)
2026-05-23T04:28:08.548367Z  INFO visual_diag: VISUAL_DIAG camera frame=51 cam_desired_x=160.0 cam_desired_y=160.0 cam_zoom=1.0 latch_hole=true render_hole=true latch_invalid_streak=0 latch_valid_streak=50 cam_scissor=Some((0, 0, 1280, 720)) ortho_fixed_w=1280 ortho_fixed_h=720 map_view_px_w=1280 map_view_px_h=720 world_w=320 world_h=320
2026-05-23T04:28:08.548373Z  INFO visual_diag: VISUAL_DIAG resolved_viewports frame=51 resolved_rev=104 primary_valid=true primary_wh=(1280, 720) sim_resolved_valid=true sim_resolved_wh=(1280, 720) preview_valid=true preview_wh=(372, 362) minimap_valid=true minimap_wh=(397, 160) mismatch_preview=false mismatch_minimap=false mismatch_sim_map=false mismatch_stale_tex=false
2026-05-23T04:28:08.548377Z  INFO visual_diag: VISUAL_DIAG map_view_frames frame=51 world_preview_proj_rev=1554780161533 minimap_proj_rev=687216767825 sim_map_proj_rev=3092398454468
2026-05-23T04:28:08.548380Z  INFO visual_diag: VISUAL_DIAG map_presentation frame=51 wp_fit=Contain wp_viewport=UVec2(372, 362) wp_fit_scale=1.10595703125 wp_expected_fit_scale=1.10595703125 wp_zoom=1.0407500267028809 mm_fit=Cover mm_viewport=UVec2(397, 160) mm_fit_scale=1.2409179210662842
2026-05-23T04:28:08.548386Z  INFO visual_diag: VISUAL_DIAG render_spine frame=51 raster_rev=23 repr_band=0 repr_lod="LocalTactical" particle_rows_cap=262144 visual_intent="Strategic" visual_zoom_alpha=0.00700009148567915 fire_particle_rows=0 fire_particle_stamp=52 overlay_rev=0 overlay_chunk_cells=0 graph_fire_inst=0 graph_fire_heat=0 gpu_instance_rows=0 gpu_dispatch=0 gpu_draw=0
2026-05-23T04:28:08.548391Z  INFO visual_diag: VISUAL_DIAG perf frame=51 tile_raster_ms=4.736099720001221 tile_raster_ran=true world_repr_ms=0.006099999882280827 projection_graph_ms=0.00020000000949949026 domain_merge_ms=0.0 readiness_ms=0.02630000002682209 cpu_pre_egui_ms=0.0 cpu_egui_ms=0.0 cpu_post_egui_ms=0.0 gpu_gap_ms=0.0
2026-05-23T04:28:08.548394Z  INFO visual_diag: VISUAL_DIAG hud_shell frame=51 cmd_shell=false overlay_tray=false transmission=false
2026-05-23T04:28:08.548414Z  INFO perf: PERF wall=20.22 instr=4.77 gap=15.45 | cpu_pre_egui=17.73 cpu_egui=1.33 cpu_post_egui=1.15 gpu_gap=0.00 | spine=0.00 world_repr=0.01 graph=0.00 merge=0.00 atm=0.00 readiness=0.03 raster=4.74 | upd_attrib sum=1.55 pv_cpu=0.00 pv_gpu=0.00 fire=0.08 stream=1.06 map_fit=0.00 hud=0.09 wgen=0.31 | budget_sum=4.84 hud=0.09 overlay=0.00 raster_b=4.74 particles=0.00 residency=0.01 tex_reg=0.00 render_x=0.00 | egui_unbudgeted=1.25 | stall first+preupd=0.06 update=0.01 post_dom=0.00 post_vt=0.02 postÔåÆready=0.00 ready=0.06 postÔåÆegui=6.99 egui=1.25 post_egui=1.09 | stall_hits=[after_tile_storage_apply:10.7,pre_egui:7.0]
2026-05-23T04:28:08.548430Z  INFO perf: PERF frame=20.2ms update=17.7ms egui=1.3ms preview=0.0ms streaming=1.1ms tile_apply=0.0ms viewport=0.0ms map_fit=0.0ms repr=0.0ms raster=4.7ms
2026-05-23T04:28:08.548434Z  INFO stall: STALL culprit=after_tile_storage_apply duration=10.7ms frame=20.2ms
2026-05-23T04:28:08.549812Z  INFO viewport_authority: VIEWPORT_AUTHORITY source=ResolvedViewport valid=true min=Vec2(0.0, 0.0) max=Vec2(1280.0, 720.0) w=1280.0 h=720.0
2026-05-23T04:28:08.550825Z  INFO construction_finish_todos: CONSTRUCTION_FINISH_COMPLETE done=8/8
2026-05-23T04:28:08.550835Z  INFO construction_round2_todos: CONSTRUCTION_ROUND2_COMPLETE done=15/15
2026-05-23T04:28:08.550840Z  INFO construction_round3_todos: CONSTRUCTION_ROUND3_COMPLETE done=27/27
2026-05-23T04:28:08.550844Z  INFO construction_operational_todos: CONSTRUCTION_OPERATIONAL_GREEN
2026-05-23T04:28:08.552118Z  INFO stage5_live_todos: STAGE5_MAP_CAMERA_HOOK post_mirror desired_xy=(160.00,160.00) zoom=1.0000 world_main_xy=(160.00,160.00) zoom=1.0000 bridge_drift=0.0000
2026-05-23T04:28:08.560307Z  INFO stage5_live_todos: STAGE5_FIRE_HOOK fire_visual_producer_count=1 (expect 1 for FIRE-01)
2026-05-23T04:28:08.560775Z  INFO stall: STALL after_tile_storage_apply: 11.41ms
2026-05-23T04:28:08.561429Z  INFO stage5_live_todos: STAGE5_SPINE_HOOK policy_present=true graph_present=true fence_committed=true fence_fire_tick=53 world_frame_present=true overlay_rev=0 overlay_chunk_cells=0 atm_partial_dispatch=0 atm_gpu_tex_uploads=0 atm_full_field_fallback=false
2026-05-23T04:28:08.568266Z  INFO industrial_activation_todos: INDUSTRIAL_ACTIVATION_GREEN
2026-05-23T04:28:08.568303Z  INFO stall: STALL pre_egui: 7.53ms
2026-05-23T04:28:08.568310Z  INFO viewport_authority: VIEWPORT_AUTHORITY source=UiMeasured valid=true min=Vec2(0.0, 0.0) max=Vec2(1280.0, 720.0) w=1280.0 h=720.0
2026-05-23T04:28:08.568317Z  INFO viewport_authority::solver: VIEWPORT_SOLVER_TARGET node=SimMapFill valid=true rect.source=SimMapFill w=1280.0 h=720.0
2026-05-23T04:28:08.568321Z  INFO viewport_authority: VIEWPORT_AUTHORITY source=LayoutSolver valid=true min=Vec2(0.0, 0.0) max=Vec2(1280.0, 720.0) w=1280.0 h=720.0
2026-05-23T04:28:08.568324Z  INFO viewport_authority: VIEWPORT_AUTHORITY source=LayoutSolver valid=true min=Vec2(0.0, 0.0) max=Vec2(1280.0, 720.0) w=1280.0 h=720.0
2026-05-23T04:28:08.568327Z  INFO viewport_authority: VIEWPORT_AUTHORITY source=UiCommitted valid=true min=Vec2(0.0, 0.0) max=Vec2(1280.0, 720.0) w=1280.0 h=720.0
2026-05-23T04:28:08.568341Z  INFO viewport_authority: VIEWPORT_AUTHORITY source=CameraApplied valid=true min=Vec2(0.0, 0.0) max=Vec2(1280.0, 720.0) w=1280.0 h=720.0
2026-05-23T04:28:08.568364Z  INFO stage5_live_todos: STAGE5_READINESS_HOOK passes=true violations_first=(none) producer_count=1
2026-05-23T04:28:08.568374Z  INFO visual_aidv2_live_todos: VISUAL_AID_V2_BOARD done=3/6 footprint_ok=false readability=true icons=0
2026-05-23T04:28:08.568423Z  INFO worldgen_chrome::egui: WORLD_GEN_EGUI_DRAW preview_window_open=true flow=PreviewReady
2026-05-23T04:28:08.570276Z  INFO stage5_live_todos: STAGE5_GPU_HOOK indirect_instances=0 dispatch_count=0 draw_instances=0 (PHF-01 alignment)
2026-05-23T04:28:08.570411Z  INFO visual_diag: VISUAL_DIAG window frame=52 periodic=false win_logical=(1280, 720) win_physical=(1280, 720) scale=1.0 app=1 base=1 flow=2 worldgen=3 readiness_profile=Stage5ReadinessProfile { require_vt4: true, require_vt5: true, require_preview: true, require_partial_metrics: true, require_world_frame: true, require_phase_f_proof: true, require_instanced_draw: true }
2026-05-23T04:28:08.570412Z  INFO sim_view_sync: SIM_VIEW_SYNC frame=52 win_logical=(1280, 720) win_physical=(1280, 720) sim_valid=true sim_adequate=true sim_min=Vec2(0.0, 0.0) sim_max=Vec2(1280.0, 720.0) measured_valid=true measured_wh=Vec2(1280.0, 720.0) committed_wh=Vec2(1280.0, 720.0) sim_wh=Vec2(1280.0, 720.0) settle_streak=4 layout_settled=true sim_held=true last_commit="hole_hold" frozen=true pending_wh=Vec2(1280.0, 720.0) cam_hole=true render_hole=true cam_invalid_streak=0 cam_valid_streak=51 cam_scissor=Some((0, 0, 1280, 720)) ortho_fixed_wh=(1280, 720) map_view_px=(1280, 720) raster_rev=24 resolved_rev=106 app=1 base=1 flow=2 worldgen=3 cmd_shell=false overlay_tray=false transmission=false rect_sanity_issues=0 left_stack_collapsed=true map_cam_scale=Vec3(1.0, 1.0, 1.0) minimap_visible=true
2026-05-23T04:28:08.570418Z  INFO visual_diag: VISUAL_DIAG sim_viewport frame=52 sim_valid=true sim_adequate=true sim_min=Vec2(0.0, 0.0) sim_max=Vec2(1280.0, 720.0) sim_wh=(1280, 720) measured_valid=true measured_wh=(1280, 720) committed_wh=(1280, 720) sim_held=true settle_streak=4 layout_settled=true frozen=true last_commit="hole_hold" pending_wh=(1280, 720) pending_min=Vec2(0.0, 0.0) pending_max=Vec2(1280.0, 720.0)
2026-05-23T04:28:08.570427Z  INFO visual_diag: VISUAL_DIAG camera frame=52 cam_desired_x=160.0 cam_desired_y=160.0 cam_zoom=1.0 latch_hole=true render_hole=true latch_invalid_streak=0 latch_valid_streak=51 cam_scissor=Some((0, 0, 1280, 720)) ortho_fixed_w=1280 ortho_fixed_h=720 map_view_px_w=1280 map_view_px_h=720 world_w=320 world_h=320
2026-05-23T04:28:08.570431Z  INFO visual_diag: VISUAL_DIAG resolved_viewports frame=52 resolved_rev=106 primary_valid=true primary_wh=(1280, 720) sim_resolved_valid=true sim_resolved_wh=(1280, 720) preview_valid=true preview_wh=(372, 362) minimap_valid=true minimap_wh=(397, 160) mismatch_preview=false mismatch_minimap=false mismatch_sim_map=false mismatch_stale_tex=false
2026-05-23T04:28:08.570435Z  INFO visual_diag: VISUAL_DIAG map_view_frames frame=52 world_preview_proj_rev=1554780161533 minimap_proj_rev=687217767828 sim_map_proj_rev=3092399454471
2026-05-23T04:28:08.570437Z  INFO visual_diag: VISUAL_DIAG map_presentation frame=52 wp_fit=Contain wp_viewport=UVec2(372, 362) wp_fit_scale=1.10595703125 wp_expected_fit_scale=1.10595703125 wp_zoom=1.0407500267028809 mm_fit=Cover mm_viewport=UVec2(397, 160) mm_fit_scale=1.2409179210662842
2026-05-23T04:28:08.570442Z  INFO visual_diag: VISUAL_DIAG render_spine frame=52 raster_rev=24 repr_band=0 repr_lod="LocalTactical" particle_rows_cap=262144 visual_intent="Strategic" visual_zoom_alpha=0.00700009148567915 fire_particle_rows=0 fire_particle_stamp=53 overlay_rev=0 overlay_chunk_cells=0 graph_fire_inst=0 graph_fire_heat=0 gpu_instance_rows=0 gpu_dispatch=0 gpu_draw=0
2026-05-23T04:28:08.570446Z  INFO visual_diag: VISUAL_DIAG perf frame=52 tile_raster_ms=5.36460018157959 tile_raster_ran=true world_repr_ms=0.006700000260025263 projection_graph_ms=0.00010000000474974513 domain_merge_ms=0.0 readiness_ms=0.021399999037384987 cpu_pre_egui_ms=0.0 cpu_egui_ms=0.0 cpu_post_egui_ms=0.0 gpu_gap_ms=0.0
2026-05-23T04:28:08.570451Z  INFO visual_diag: VISUAL_DIAG hud_shell frame=52 cmd_shell=false overlay_tray=false transmission=false
2026-05-23T04:28:08.570470Z  INFO perf: PERF wall=21.40 instr=5.39 gap=16.01 | cpu_pre_egui=19.26 cpu_egui=1.17 cpu_post_egui=0.98 gpu_gap=0.00 | spine=0.00 world_repr=0.01 graph=0.00 merge=0.00 atm=0.00 readiness=0.02 raster=5.36 | upd_attrib sum=1.49 pv_cpu=0.00 pv_gpu=0.00 fire=0.08 stream=1.07 map_fit=0.00 hud=0.09 wgen=0.25 | budget_sum=5.47 hud=0.09 overlay=0.00 raster_b=5.36 particles=0.00 residency=0.01 tex_reg=0.00 render_x=0.00 | egui_unbudgeted=1.08 | stall first+preupd=0.30 update=0.00 post_dom=0.00 post_vt=0.01 postÔåÆready=0.00 ready=0.06 postÔåÆegui=7.53 egui=1.10 post_egui=0.92 | stall_hits=[after_tile_storage_apply:11.4,pre_egui:7.5]
2026-05-23T04:28:08.570483Z  INFO perf: PERF frame=21.4ms update=19.3ms egui=1.2ms preview=0.0ms streaming=1.1ms tile_apply=0.0ms viewport=0.0ms map_fit=0.0ms repr=0.0ms raster=5.4ms
2026-05-23T04:28:08.570487Z  INFO stall: STALL culprit=after_tile_storage_apply duration=11.4ms frame=21.4ms
2026-05-23T04:28:08.571633Z  INFO viewport_authority: VIEWPORT_AUTHORITY source=ResolvedViewport valid=true min=Vec2(0.0, 0.0) max=Vec2(1280.0, 720.0) w=1280.0 h=720.0
2026-05-23T04:28:08.572523Z  INFO construction_finish_todos: CONSTRUCTION_FINISH_COMPLETE done=8/8
2026-05-23T04:28:08.572540Z  INFO construction_round2_todos: CONSTRUCTION_ROUND2_COMPLETE done=15/15
2026-05-23T04:28:08.572549Z  INFO construction_round3_todos: CONSTRUCTION_ROUND3_COMPLETE done=27/27
2026-05-23T04:28:08.572552Z  INFO construction_operational_todos: CONSTRUCTION_OPERATIONAL_GREEN
2026-05-23T04:28:08.574155Z  INFO stage5_live_todos: STAGE5_MAP_CAMERA_HOOK post_mirror desired_xy=(160.00,160.00) zoom=1.0000 world_main_xy=(160.00,160.00) zoom=1.0000 bridge_drift=0.0000
2026-05-23T04:28:08.577717Z  INFO proc_A_dine01::terrain::generation::world_generator_enhanced: World generation completed (Full)
2026-05-23T04:28:08.592355Z  INFO stage5_live_todos: STAGE5_FIRE_HOOK fire_visual_producer_count=1 (expect 1 for FIRE-01)
2026-05-23T04:28:08.592806Z  INFO stall: STALL after_tile_storage_apply: 21.35ms
2026-05-23T04:28:08.593440Z  INFO stage5_live_todos: STAGE5_SPINE_HOOK policy_present=true graph_present=true fence_committed=true fence_fire_tick=54 world_frame_present=true overlay_rev=0 overlay_chunk_cells=0 atm_partial_dispatch=0 atm_gpu_tex_uploads=0 atm_full_field_fallback=false
2026-05-23T04:28:08.600519Z  INFO industrial_activation_todos: INDUSTRIAL_ACTIVATION_GREEN
2026-05-23T04:28:08.600570Z  INFO stall: STALL pre_egui: 7.76ms
2026-05-23T04:28:08.600580Z  INFO viewport_authority: VIEWPORT_AUTHORITY source=UiMeasured valid=true min=Vec2(0.0, 0.0) max=Vec2(1280.0, 720.0) w=1280.0 h=720.0
2026-05-23T04:28:08.600589Z  INFO viewport_authority::solver: VIEWPORT_SOLVER_TARGET node=SimMapFill valid=true rect.source=SimMapFill w=1280.0 h=720.0
2026-05-23T04:28:08.600592Z  INFO viewport_authority: VIEWPORT_AUTHORITY source=LayoutSolver valid=true min=Vec2(0.0, 0.0) max=Vec2(1280.0, 720.0) w=1280.0 h=720.0
2026-05-23T04:28:08.600596Z  INFO viewport_authority: VIEWPORT_AUTHORITY source=LayoutSolver valid=true min=Vec2(0.0, 0.0) max=Vec2(1280.0, 720.0) w=1280.0 h=720.0
2026-05-23T04:28:08.600598Z  INFO viewport_authority: VIEWPORT_AUTHORITY source=UiCommitted valid=true min=Vec2(0.0, 0.0) max=Vec2(1280.0, 720.0) w=1280.0 h=720.0
2026-05-23T04:28:08.600611Z  INFO viewport_authority: VIEWPORT_AUTHORITY source=CameraApplied valid=true min=Vec2(0.0, 0.0) max=Vec2(1280.0, 720.0) w=1280.0 h=720.0
2026-05-23T04:28:08.600632Z  INFO stage5_live_todos: STAGE5_READINESS_HOOK passes=true violations_first=(none) producer_count=1
2026-05-23T04:28:08.600641Z  INFO visual_aidv2_live_todos: VISUAL_AID_V2_BOARD done=3/6 footprint_ok=false readability=true icons=0
2026-05-23T04:28:08.600710Z  INFO worldgen_chrome::egui: WORLD_GEN_EGUI_DRAW preview_window_open=true flow=PreviewReady
2026-05-23T04:28:08.602713Z  INFO stage5_live_todos: STAGE5_GPU_HOOK indirect_instances=0 dispatch_count=0 draw_instances=0 (PHF-01 alignment)
2026-05-23T04:28:08.602876Z  INFO visual_diag: VISUAL_DIAG window frame=53 periodic=false win_logical=(1280, 720) win_physical=(1280, 720) scale=1.0 app=1 base=1 flow=2 worldgen=3 readiness_profile=Stage5ReadinessProfile { require_vt4: true, require_vt5: true, require_preview: true, require_partial_metrics: true, require_world_frame: true, require_phase_f_proof: true, require_instanced_draw: true }
2026-05-23T04:28:08.602886Z  INFO visual_diag: VISUAL_DIAG sim_viewport frame=53 sim_valid=true sim_adequate=true sim_min=Vec2(0.0, 0.0) sim_max=Vec2(1280.0, 720.0) sim_wh=(1280, 720) measured_valid=true measured_wh=(1280, 720) committed_wh=(1280, 720) sim_held=true settle_streak=4 layout_settled=true frozen=true last_commit="hole_hold" pending_wh=(1280, 720) pending_min=Vec2(0.0, 0.0) pending_max=Vec2(1280.0, 720.0)
2026-05-23T04:28:08.602882Z  INFO sim_view_sync: SIM_VIEW_SYNC frame=53 win_logical=(1280, 720) win_physical=(1280, 720) sim_valid=true sim_adequate=true sim_min=Vec2(0.0, 0.0) sim_max=Vec2(1280.0, 720.0) measured_valid=true measured_wh=Vec2(1280.0, 720.0) committed_wh=Vec2(1280.0, 720.0) sim_wh=Vec2(1280.0, 720.0) settle_streak=4 layout_settled=true sim_held=true last_commit="hole_hold" frozen=true pending_wh=Vec2(1280.0, 720.0) cam_hole=true render_hole=true cam_invalid_streak=0 cam_valid_streak=52 cam_scissor=Some((0, 0, 1280, 720)) ortho_fixed_wh=(1280, 720) map_view_px=(1280, 720) raster_rev=25 resolved_rev=108 app=1 base=1 flow=2 worldgen=3 cmd_shell=false overlay_tray=false transmission=false rect_sanity_issues=0 left_stack_collapsed=true map_cam_scale=Vec3(1.0, 1.0, 1.0) minimap_visible=true
2026-05-23T04:28:08.602892Z  INFO visual_diag: VISUAL_DIAG camera frame=53 cam_desired_x=160.0 cam_desired_y=160.0 cam_zoom=1.0 latch_hole=true render_hole=true latch_invalid_streak=0 latch_valid_streak=52 cam_scissor=Some((0, 0, 1280, 720)) ortho_fixed_w=1280 ortho_fixed_h=720 map_view_px_w=1280 map_view_px_h=720 world_w=320 world_h=320
2026-05-23T04:28:08.602898Z  INFO visual_diag: VISUAL_DIAG resolved_viewports frame=53 resolved_rev=108 primary_valid=true primary_wh=(1280, 720) sim_resolved_valid=true sim_resolved_wh=(1280, 720) preview_valid=true preview_wh=(372, 362) minimap_valid=true minimap_wh=(397, 160) mismatch_preview=false mismatch_minimap=false mismatch_sim_map=false mismatch_stale_tex=false
2026-05-23T04:28:08.602902Z  INFO visual_diag: VISUAL_DIAG map_view_frames frame=53 world_preview_proj_rev=1554780161533 minimap_proj_rev=687218767831 sim_map_proj_rev=3092400454474
2026-05-23T04:28:08.602905Z  INFO visual_diag: VISUAL_DIAG map_presentation frame=53 wp_fit=Contain wp_viewport=UVec2(372, 362) wp_fit_scale=1.10595703125 wp_expected_fit_scale=1.10595703125 wp_zoom=1.0407500267028809 mm_fit=Cover mm_viewport=UVec2(397, 160) mm_fit_scale=1.2409179210662842
2026-05-23T04:28:08.602909Z  INFO visual_diag: VISUAL_DIAG render_spine frame=53 raster_rev=25 repr_band=0 repr_lod="LocalTactical" particle_rows_cap=262144 visual_intent="Strategic" visual_zoom_alpha=0.00700009148567915 fire_particle_rows=0 fire_particle_stamp=54 overlay_rev=0 overlay_chunk_cells=0 graph_fire_inst=0 graph_fire_heat=0 gpu_instance_rows=0 gpu_dispatch=0 gpu_draw=0
2026-05-23T04:28:08.602913Z  INFO visual_diag: VISUAL_DIAG perf frame=53 tile_raster_ms=5.731500148773193 tile_raster_ran=true world_repr_ms=0.004399999976158142 projection_graph_ms=0.00020000000949949026 domain_merge_ms=0.00010000000474974513 readiness_ms=0.022199999541044235 cpu_pre_egui_ms=0.0 cpu_egui_ms=0.0 cpu_post_egui_ms=0.0 gpu_gap_ms=0.0
2026-05-23T04:28:08.602916Z  INFO visual_diag: VISUAL_DIAG hud_shell frame=53 cmd_shell=false overlay_tray=false transmission=false
2026-05-23T04:28:08.602935Z  INFO perf: PERF wall=31.50 instr=5.76 gap=25.74 | cpu_pre_egui=29.16 cpu_egui=1.21 cpu_post_egui=1.14 gpu_gap=0.00 | spine=0.00 world_repr=0.00 graph=0.00 merge=0.00 atm=0.00 readiness=0.02 raster=5.73 | upd_attrib sum=1.44 pv_cpu=0.00 pv_gpu=0.00 fire=0.07 stream=1.04 map_fit=0.00 hud=0.10 wgen=0.22 | budget_sum=5.84 hud=0.10 overlay=0.00 raster_b=5.73 particles=0.00 residency=0.01 tex_reg=0.00 render_x=0.00 | egui_unbudgeted=1.11 | stall first+preupd=0.03 update=0.00 post_dom=0.00 post_vt=0.01 postÔåÆready=0.00 ready=0.06 postÔåÆegui=7.76 egui=1.13 post_egui=1.09 | stall_hits=[after_tile_storage_apply:21.4,pre_egui:7.8]
2026-05-23T04:28:08.602943Z  INFO perf: PERF frame=31.5ms update=29.2ms egui=1.2ms preview=0.0ms streaming=1.0ms tile_apply=0.0ms viewport=0.0ms map_fit=0.0ms repr=0.0ms raster=5.7ms
2026-05-23T04:28:08.602946Z  INFO stall: STALL culprit=after_tile_storage_apply duration=21.4ms frame=31.5ms
2026-05-23T04:28:08.603621Z  INFO worldgen_chrome::dismiss: CHROME_DISMISS reason="flow_full_ready" latch_dismissed=true world_gen_visible=false preview_window_open=false
2026-05-23T04:28:08.603628Z  INFO world_gen::flow: FullReady: auto-dismissed World Generator panel and World Preview window (reopen via Escape ÔåÆ pause or F8)
2026-05-23T04:28:08.603737Z  INFO viewport_authority: VIEWPORT_AUTHORITY source=ResolvedViewport valid=true min=Vec2(0.0, 0.0) max=Vec2(1280.0, 720.0) w=1280.0 h=720.0
2026-05-23T04:28:08.603882Z  INFO worldgen_chrome::dismiss: CHROME_DISMISS reason="ux_enter_world" latch_dismissed=true world_gen_visible=false preview_window_open=false
2026-05-23T04:28:08.604742Z  INFO construction_finish_todos: CONSTRUCTION_FINISH_COMPLETE done=8/8
2026-05-23T04:28:08.604750Z  INFO construction_round2_todos: CONSTRUCTION_ROUND2_COMPLETE done=15/15
2026-05-23T04:28:08.604754Z  INFO construction_round3_todos: CONSTRUCTION_ROUND3_COMPLETE done=27/27
2026-05-23T04:28:08.604756Z  INFO construction_operational_todos: CONSTRUCTION_OPERATIONAL_GREEN
2026-05-23T04:28:08.606209Z  INFO proc_A_dine01::gui::editor::world_preview::preview_readiness: PREVIEW STATE: world=true cam=true tex=true proj=true state=Ready world_ready=true camera_ready=true texture_ready=true projection_ready=true missing=None contract_valid=true wp_half_x=186.21875 wp_half_y=180.953125 wp_logical_w=372.4375 wp_logical_h=361.90625 viewport_rev=110
2026-05-23T04:28:08.606227Z  INFO stage5_live_todos: STAGE5_MAP_CAMERA_HOOK post_mirror desired_xy=(160.00,160.00) zoom=1.0000 world_main_xy=(160.00,160.00) zoom=1.0000 bridge_drift=0.0000
2026-05-23T04:28:08.606555Z  INFO stage5_live_todos: STAGE5_FIRE_HOOK fire_visual_producer_count=1 (expect 1 for FIRE-01)
2026-05-23T04:28:08.607665Z  INFO stage5_live_todos: STAGE5_SPINE_HOOK policy_present=true graph_present=true fence_committed=true fence_fire_tick=55 world_frame_present=true overlay_rev=0 overlay_chunk_cells=0 atm_partial_dispatch=0 atm_gpu_tex_uploads=0 atm_full_field_fallback=false
2026-05-23T04:28:08.608650Z  INFO industrial_activation_todos: INDUSTRIAL_ACTIVATION_GREEN
2026-05-23T04:28:08.608704Z  INFO viewport_authority: VIEWPORT_AUTHORITY source=UiMeasured valid=true min=Vec2(0.0, 0.0) max=Vec2(1280.0, 720.0) w=1280.0 h=720.0
2026-05-23T04:28:08.608713Z  INFO viewport_authority::solver: VIEWPORT_SOLVER_TARGET node=SimMapFill valid=true rect.source=SimMapFill w=1280.0 h=720.0
2026-05-23T04:28:08.608716Z  INFO viewport_authority: VIEWPORT_AUTHORITY source=LayoutSolver valid=true min=Vec2(0.0, 0.0) max=Vec2(1280.0, 720.0) w=1280.0 h=720.0
2026-05-23T04:28:08.608719Z  INFO viewport_authority: VIEWPORT_AUTHORITY source=LayoutSolver valid=true min=Vec2(0.0, 0.0) max=Vec2(1280.0, 720.0) w=1280.0 h=720.0
2026-05-23T04:28:08.608721Z  INFO viewport_authority: VIEWPORT_AUTHORITY source=UiCommitted valid=true min=Vec2(0.0, 0.0) max=Vec2(1280.0, 720.0) w=1280.0 h=720.0
2026-05-23T04:28:08.608733Z  INFO viewport_authority: VIEWPORT_AUTHORITY source=CameraApplied valid=true min=Vec2(0.0, 0.0) max=Vec2(1280.0, 720.0) w=1280.0 h=720.0
2026-05-23T04:28:08.608762Z  INFO stage5_live_todos: STAGE5_READINESS_HOOK passes=true violations_first=(none) producer_count=1
2026-05-23T04:28:08.608771Z  INFO visual_aidv2_live_todos: VISUAL_AID_V2_BOARD done=3/6 footprint_ok=false readability=true icons=0
2026-05-23T04:28:08.609922Z  INFO stage5_live_todos: STAGE5_GPU_HOOK indirect_instances=0 dispatch_count=0 draw_instances=0 (PHF-01 alignment)
2026-05-23T04:28:08.610061Z  INFO sim_view_sync: SIM_VIEW_SYNC frame=54 win_logical=(1280, 720) win_physical=(1280, 720) sim_valid=true sim_adequate=true sim_min=Vec2(0.0, 0.0) sim_max=Vec2(1280.0, 720.0) measured_valid=true measured_wh=Vec2(1280.0, 720.0) committed_wh=Vec2(1280.0, 720.0) sim_wh=Vec2(1280.0, 720.0) settle_streak=4 layout_settled=true sim_held=true last_commit="hole_hold" frozen=true pending_wh=Vec2(1280.0, 720.0) cam_hole=true render_hole=true cam_invalid_streak=0 cam_valid_streak=53 cam_scissor=Some((0, 0, 1280, 720)) ortho_fixed_wh=(1280, 720) map_view_px=(1280, 720) raster_rev=26 resolved_rev=110 app=1 base=1 flow=3 worldgen=3 cmd_shell=false overlay_tray=false transmission=false rect_sanity_issues=0 left_stack_collapsed=true map_cam_scale=Vec3(1.0, 1.0, 1.0) minimap_visible=true
2026-05-23T04:28:08.610066Z  INFO worldgen_chrome::trace: CHROME_STATE app=Res(State(WorldGen)) worldgen=Res(State(Ready)) base=Res(State(Editor)) flow=Res(State(FullReady)) latch_dismissed=true world_gen_visible=false preview_window_open=false lifecycle=Uninitialized last_dismiss="never"
2026-05-23T04:28:08.610068Z  INFO visual_diag: VISUAL_DIAG window frame=54 periodic=false win_logical=(1280, 720) win_physical=(1280, 720) scale=1.0 app=1 base=1 flow=3 worldgen=3 readiness_profile=Stage5ReadinessProfile { require_vt4: true, require_vt5: true, require_preview: true, require_partial_metrics: true, require_world_frame: true, require_phase_f_proof: true, require_instanced_draw: true }
2026-05-23T04:28:08.610091Z  INFO visual_diag: VISUAL_DIAG sim_viewport frame=54 sim_valid=true sim_adequate=true sim_min=Vec2(0.0, 0.0) sim_max=Vec2(1280.0, 720.0) sim_wh=(1280, 720) measured_valid=true measured_wh=(1280, 720) committed_wh=(1280, 720) sim_held=true settle_streak=4 layout_settled=true frozen=true last_commit="hole_hold" pending_wh=(1280, 720) pending_min=Vec2(0.0, 0.0) pending_max=Vec2(1280.0, 720.0)
2026-05-23T04:28:08.610099Z  INFO visual_diag: VISUAL_DIAG camera frame=54 cam_desired_x=160.0 cam_desired_y=160.0 cam_zoom=1.0 latch_hole=true render_hole=true latch_invalid_streak=0 latch_valid_streak=53 cam_scissor=Some((0, 0, 1280, 720)) ortho_fixed_w=1280 ortho_fixed_h=720 map_view_px_w=1280 map_view_px_h=720 world_w=320 world_h=320
2026-05-23T04:28:08.610105Z  INFO visual_diag: VISUAL_DIAG resolved_viewports frame=54 resolved_rev=110 primary_valid=true primary_wh=(1280, 720) sim_resolved_valid=true sim_resolved_wh=(1280, 720) preview_valid=true preview_wh=(372, 362) minimap_valid=true minimap_wh=(397, 160) mismatch_preview=false mismatch_minimap=false mismatch_sim_map=false mismatch_stale_tex=false
2026-05-23T04:28:08.610109Z  INFO visual_diag: VISUAL_DIAG map_view_frames frame=54 world_preview_proj_rev=1554780161533 minimap_proj_rev=687219767834 sim_map_proj_rev=3092401454477
2026-05-23T04:28:08.610111Z  INFO visual_diag: VISUAL_DIAG map_presentation frame=54 wp_fit=Contain wp_viewport=UVec2(372, 362) wp_fit_scale=1.10595703125 wp_expected_fit_scale=1.10595703125 wp_zoom=1.0407500267028809 mm_fit=Cover mm_viewport=UVec2(397, 160) mm_fit_scale=1.2409179210662842
2026-05-23T04:28:08.610116Z  INFO visual_diag: VISUAL_DIAG render_spine frame=54 raster_rev=26 repr_band=0 repr_lod="LocalTactical" particle_rows_cap=262144 visual_intent="Strategic" visual_zoom_alpha=0.00700009148567915 fire_particle_rows=0 fire_particle_stamp=55 overlay_rev=0 overlay_chunk_cells=0 graph_fire_inst=0 graph_fire_heat=0 gpu_instance_rows=0 gpu_dispatch=0 gpu_draw=0
2026-05-23T04:28:08.610120Z  INFO visual_diag: VISUAL_DIAG perf frame=54 tile_raster_ms=0.0 tile_raster_ran=false world_repr_ms=0.004399999976158142 projection_graph_ms=0.00010000000474974513 domain_merge_ms=0.00010000000474974513 readiness_ms=0.020400000736117363 cpu_pre_egui_ms=0.0 cpu_egui_ms=0.0 cpu_post_egui_ms=0.0 gpu_gap_ms=0.0
2026-05-23T04:28:08.610123Z  INFO visual_diag: VISUAL_DIAG hud_shell frame=54 cmd_shell=false overlay_tray=false transmission=false
2026-05-23T04:28:08.610137Z  INFO perf: PERF wall=6.71 instr=0.03 gap=6.68 | cpu_pre_egui=5.27 cpu_egui=0.56 cpu_post_egui=0.87 gpu_gap=0.00 | spine=0.00 world_repr=0.00 graph=0.00 merge=0.00 atm=0.00 readiness=0.02 raster=0.00 (idle) | upd_attrib sum=1.24 pv_cpu=0.00 pv_gpu=0.01 fire=0.07 stream=1.07 map_fit=0.00 hud=0.09 wgen=0.00 | budget_sum=5.83 hud=0.09 overlay=0.00 raster_b=5.73 particles=0.00 residency=0.01 tex_reg=0.00 render_x=0.00 | stall first+preupd=0.04 update=0.00 post_dom=0.00 post_vt=0.01 postÔåÆready=0.00 ready=0.07 postÔåÆegui=1.68 egui=0.48 post_egui=0.80
2026-05-23T04:28:08.610142Z  INFO perf: PERF frame=6.7ms update=5.3ms egui=0.6ms preview=0.0ms streaming=1.1ms tile_apply=0.0ms viewport=0.0ms map_fit=0.0ms repr=0.0ms raster=0.0ms
2026-05-23T04:28:08.610719Z  INFO worldgen_chrome::dismiss: CHROME_DISMISS reason="enter_simulation" latch_dismissed=true world_gen_visible=false preview_window_open=false
2026-05-23T04:28:08.611070Z  INFO viewport_authority: VIEWPORT_AUTHORITY source=ResolvedViewport valid=true min=Vec2(0.0, 0.0) max=Vec2(1280.0, 720.0) w=1280.0 h=720.0
2026-05-23T04:28:08.612028Z  INFO stage5_live_todos: STAGE5_MAP_CAMERA_HOOK post_mirror desired_xy=(160.00,160.00) zoom=2.0250 world_main_xy=(160.00,160.00) zoom=2.0250 bridge_drift=0.0000
2026-05-23T04:28:08.612049Z  INFO construction_finish_todos: CONSTRUCTION_FINISH_COMPLETE done=8/8
2026-05-23T04:28:08.612057Z  INFO construction_round2_todos: CONSTRUCTION_ROUND2_COMPLETE done=15/15
2026-05-23T04:28:08.612065Z  INFO construction_round3_todos: CONSTRUCTION_ROUND3_COMPLETE done=27/27
2026-05-23T04:28:08.612067Z  INFO construction_operational_todos: CONSTRUCTION_OPERATIONAL_GREEN
2026-05-23T04:28:08.613506Z  INFO test_harness::fire: spawned test scene chunk slabs nx=10 ny=10 (world 320x320)
2026-05-23T04:28:08.762534Z  INFO test_harness::fire: test scene seeded shared overlay fire cells=28
2026-05-23T04:28:08.763192Z  INFO stage5_live_todos: STAGE5_FIRE_HOOK fire_visual_producer_count=1 (expect 1 for FIRE-01)
2026-05-23T04:28:08.763323Z  INFO stage5_readiness::live: READINESS_PROJECTION_GRAPH_BUILD dom=3 tick=56 order=fire+logistics+ecology fire_inst=22 fire_heat=22 log_rows=0 eco_rows=100 fire_snap=56 log_snap=56 eco_snap=56
2026-05-23T04:28:08.765846Z  INFO stall: STALL after_tile_storage_apply: 155.47ms
2026-05-23T04:28:08.768899Z  INFO stage5_live_todos: STAGE5_SPINE_HOOK policy_present=true graph_present=true fence_committed=true fence_fire_tick=56 world_frame_present=true overlay_rev=1 overlay_chunk_cells=28 atm_partial_dispatch=0 atm_gpu_tex_uploads=0 atm_full_field_fallback=false
2026-05-23T04:28:08.782156Z  INFO industrial_activation_todos: INDUSTRIAL_ACTIVATION_GREEN
2026-05-23T04:28:08.782214Z  INFO stall: STALL pre_egui: 16.37ms
2026-05-23T04:28:08.782235Z  INFO viewport_authority: VIEWPORT_AUTHORITY source=UiMeasured valid=true min=Vec2(0.0, 0.0) max=Vec2(1280.0, 720.0) w=1280.0 h=720.0
2026-05-23T04:28:08.782246Z  INFO viewport_authority::solver: VIEWPORT_SOLVER_TARGET node=SimMapFill valid=true rect.source=SimMapFill w=1280.0 h=720.0
2026-05-23T04:28:08.782249Z  INFO viewport_authority: VIEWPORT_AUTHORITY source=LayoutSolver valid=true min=Vec2(0.0, 0.0) max=Vec2(1280.0, 720.0) w=1280.0 h=720.0
2026-05-23T04:28:08.782252Z  INFO viewport_authority: VIEWPORT_AUTHORITY source=LayoutSolver valid=true min=Vec2(0.0, 0.0) max=Vec2(1280.0, 720.0) w=1280.0 h=720.0
2026-05-23T04:28:08.782255Z  INFO viewport_authority: VIEWPORT_AUTHORITY source=UiCommitted valid=true min=Vec2(0.0, 0.0) max=Vec2(1280.0, 720.0) w=1280.0 h=720.0
2026-05-23T04:28:08.782259Z  WARN viewport_authority::drift: VIEWPORT_DRIFT measured vs committed delta=Vec2(-1280.0, -720.0) measured=Vec2(0.0, 0.0) committed=Vec2(1280.0, 720.0) hint="check AuthoritativeViewport vs SimulationMapViewport copy-through"
2026-05-23T04:28:08.782272Z  INFO viewport_authority: VIEWPORT_AUTHORITY source=CameraApplied valid=true min=Vec2(0.0, 0.0) max=Vec2(1280.0, 720.0) w=1280.0 h=720.0
2026-05-23T04:28:08.782296Z  INFO stage5_live_todos: STAGE5_READINESS_HOOK passes=true violations_first=(none) producer_count=1
2026-05-23T04:28:08.782307Z  INFO visual_aidv2_live_todos: VISUAL_AID_V2_BOARD done=3/6 footprint_ok=false readability=true icons=0
2026-05-23T04:28:08.787085Z  INFO stage5_live_todos: STAGE5_GPU_HOOK indirect_instances=22 dispatch_count=1 draw_instances=22 (PHF-01 alignment)
2026-05-23T04:28:08.787626Z  INFO worldgen_chrome::trace: CHROME_STATE app=Res(State(InGame)) worldgen=Res(State(Dismissed)) base=Res(State(Simulation)) flow=Res(State(PreviewReady)) latch_dismissed=true world_gen_visible=false preview_window_open=false lifecycle=Uninitialized last_dismiss="never"
2026-05-23T04:28:08.787630Z  INFO worldgen_chrome::hud: HUD_SHELL_STATE (Editor/Simulation = HUD egui may run; MainMenu = player shell off) base=Res(State(Simulation)) minimap_visible=true overlay_tray=false command_shell=false transmission=false
2026-05-23T04:28:08.787629Z  INFO sim_view_sync: SIM_VIEW_SYNC frame=55 win_logical=(1280, 720) win_physical=(1280, 720) sim_valid=true sim_adequate=true sim_min=Vec2(0.0, 0.0) sim_max=Vec2(1280.0, 720.0) measured_valid=false measured_wh=Vec2(0.0, 0.0) committed_wh=Vec2(1280.0, 720.0) sim_wh=Vec2(1280.0, 720.0) settle_streak=4 layout_settled=true sim_held=true last_commit="hole_hold" frozen=true pending_wh=Vec2(1280.0, 720.0) cam_hole=true render_hole=true cam_invalid_streak=0 cam_valid_streak=54 cam_scissor=Some((0, 0, 1280, 720)) ortho_fixed_wh=(632, 356) map_view_px=(1280, 720) raster_rev=28 resolved_rev=110 app=2 base=2 flow=2 worldgen=5 cmd_shell=false overlay_tray=false transmission=false rect_sanity_issues=0 left_stack_collapsed=true map_cam_scale=Vec3(2.0249999, 2.0249999, 2.0249999) minimap_visible=true
2026-05-23T04:28:08.787641Z  INFO visual_diag: VISUAL_DIAG window frame=55 periodic=false win_logical=(1280, 720) win_physical=(1280, 720) scale=1.0 app=2 base=2 flow=2 worldgen=5 readiness_profile=Stage5ReadinessProfile { require_vt4: true, require_vt5: true, require_preview: true, require_partial_metrics: true, require_world_frame: true, require_phase_f_proof: true, require_instanced_draw: true }
2026-05-23T04:28:08.787653Z  INFO visual_diag: VISUAL_DIAG sim_viewport frame=55 sim_valid=true sim_adequate=true sim_min=Vec2(0.0, 0.0) sim_max=Vec2(1280.0, 720.0) sim_wh=(1280, 720) measured_valid=false measured_wh=(0, 0) committed_wh=(1280, 720) sim_held=true settle_streak=4 layout_settled=true frozen=true last_commit="hole_hold" pending_wh=(1280, 720) pending_min=Vec2(0.0, 0.0) pending_max=Vec2(1280.0, 720.0)
2026-05-23T04:28:08.787658Z  INFO visual_diag: VISUAL_DIAG camera frame=55 cam_desired_x=160.0 cam_desired_y=160.0 cam_zoom=2.0249998569488525 latch_hole=true render_hole=true latch_invalid_streak=0 latch_valid_streak=54 cam_scissor=Some((0, 0, 1280, 720)) ortho_fixed_w=632 ortho_fixed_h=356 map_view_px_w=1280 map_view_px_h=720 world_w=320 world_h=320
2026-05-23T04:28:08.787663Z  INFO visual_diag: VISUAL_DIAG resolved_viewports frame=55 resolved_rev=110 primary_valid=true primary_wh=(1280, 720) sim_resolved_valid=true sim_resolved_wh=(1280, 720) preview_valid=true preview_wh=(372, 362) minimap_valid=true minimap_wh=(397, 160) mismatch_preview=false mismatch_minimap=false mismatch_sim_map=false mismatch_stale_tex=false
2026-05-23T04:28:08.787667Z  INFO visual_diag: VISUAL_DIAG map_view_frames frame=55 world_preview_proj_rev=1554780161534 minimap_proj_rev=687220767837 sim_map_proj_rev=3092402454480
2026-05-23T04:28:08.787670Z  INFO visual_diag: VISUAL_DIAG map_presentation frame=55 wp_fit=Contain wp_viewport=UVec2(372, 362) wp_fit_scale=1.10595703125 wp_expected_fit_scale=1.10595703125 wp_zoom=1.0407500267028809 mm_fit=Cover mm_viewport=UVec2(397, 160) mm_fit_scale=1.2409179210662842
2026-05-23T04:28:08.787675Z  INFO visual_diag: VISUAL_DIAG render_spine frame=55 raster_rev=28 repr_band=0 repr_lod="LocalTactical" particle_rows_cap=262144 visual_intent="Strategic" visual_zoom_alpha=0.01843632385134697 fire_particle_rows=88 fire_particle_stamp=56 overlay_rev=1 overlay_chunk_cells=28 graph_fire_inst=22 graph_fire_heat=22 gpu_instance_rows=22 gpu_dispatch=3 gpu_draw=22
2026-05-23T04:28:08.787680Z  INFO visual_diag: VISUAL_DIAG perf frame=55 tile_raster_ms=0.0 tile_raster_ran=false world_repr_ms=0.013799999840557575 projection_graph_ms=0.0024999999441206455 domain_merge_ms=0.00010000000474974513 readiness_ms=0.025699999183416367 cpu_pre_egui_ms=0.0 cpu_egui_ms=0.0 cpu_post_egui_ms=0.0 gpu_gap_ms=0.0
2026-05-23T04:28:08.787684Z  INFO visual_diag: VISUAL_DIAG hud_shell frame=55 cmd_shell=false overlay_tray=false transmission=false
2026-05-23T04:28:08.787704Z  INFO perf: PERF wall=177.34 instr=0.04 gap=177.30 | cpu_pre_egui=171.88 cpu_egui=0.88 cpu_post_egui=4.59 gpu_gap=0.00 | spine=0.00 world_repr=0.01 graph=0.00 merge=0.00 atm=0.00 readiness=0.03 raster=0.00 (idle) | upd_attrib sum=6.02 pv_cpu=0.00 pv_gpu=0.00 fire=0.21 stream=5.62 map_fit=0.00 hud=0.19 wgen=0.00 | budget_sum=6.13 hud=0.19 overlay=0.00 raster_b=5.73 particles=0.00 residency=0.01 tex_reg=0.00 render_x=0.19 | stall first+preupd=0.03 update=0.01 post_dom=0.00 post_vt=0.02 postÔåÆready=0.00 ready=0.07 postÔåÆegui=16.37 egui=0.79 post_egui=4.52 | stall_hits=[after_tile_storage_apply:155.5,pre_egui:16.4]
2026-05-23T04:28:08.787714Z  INFO perf: PERF frame=177.3ms update=171.9ms egui=0.9ms preview=0.0ms streaming=5.6ms tile_apply=0.0ms viewport=0.0ms map_fit=0.0ms repr=0.0ms raster=0.0ms
2026-05-23T04:28:08.787718Z  INFO stall: STALL culprit=after_tile_storage_apply duration=155.5ms frame=177.3ms
2026-05-23T04:28:08.789043Z  INFO viewport_authority: VIEWPORT_AUTHORITY source=ResolvedViewport valid=true min=Vec2(0.0, 0.0) max=Vec2(1280.0, 720.0) w=1280.0 h=720.0
2026-05-23T04:28:08.790270Z  INFO construction_finish_todos: CONSTRUCTION_FINISH_COMPLETE done=8/8
2026-05-23T04:28:08.790283Z  INFO construction_round2_todos: CONSTRUCTION_ROUND2_COMPLETE done=15/15
2026-05-23T04:28:08.790290Z  INFO construction_round3_todos: CONSTRUCTION_ROUND3_COMPLETE done=27/27
2026-05-23T04:28:08.790295Z  INFO construction_operational_todos: CONSTRUCTION_OPERATIONAL_GREEN
2026-05-23T04:28:08.803525Z  INFO stage5_live_todos: STAGE5_MAP_CAMERA_HOOK post_mirror desired_xy=(160.00,160.00) zoom=2.0250 world_main_xy=(160.00,160.00) zoom=2.0250 bridge_drift=0.0000
2026-05-23T04:28:08.807568Z  INFO stage5_live_todos: STAGE5_FIRE_HOOK fire_visual_producer_count=1 (expect 1 for FIRE-01)
2026-05-23T04:28:08.807635Z  INFO stage5_readiness::live: READINESS_PROJECTION_GRAPH_BUILD dom=3 tick=57 order=fire+logistics+ecology fire_inst=0 fire_heat=0 log_rows=0 eco_rows=100 fire_snap=57 log_snap=57 eco_snap=57
2026-05-23T04:28:08.810174Z  INFO stall: STALL after_tile_storage_apply: 21.58ms
2026-05-23T04:28:08.813241Z  INFO stage5_live_todos: STAGE5_SPINE_HOOK policy_present=true graph_present=true fence_committed=true fence_fire_tick=57 world_frame_present=true overlay_rev=1 overlay_chunk_cells=28 atm_partial_dispatch=1 atm_gpu_tex_uploads=1 atm_full_field_fallback=false
2026-05-23T04:28:08.828281Z  INFO industrial_activation_todos: INDUSTRIAL_ACTIVATION_GREEN
2026-05-23T04:28:08.828342Z  INFO stall: STALL pre_egui: 18.17ms
2026-05-23T04:28:08.828363Z  INFO viewport_authority: VIEWPORT_AUTHORITY source=UiMeasured valid=true min=Vec2(0.0, 0.0) max=Vec2(1280.0, 720.0) w=1280.0 h=720.0
2026-05-23T04:28:08.828373Z  INFO viewport_authority::solver: VIEWPORT_SOLVER_TARGET node=SimMapFill valid=true rect.source=SimMapFill w=1280.0 h=720.0
2026-05-23T04:28:08.828377Z  INFO viewport_authority: VIEWPORT_AUTHORITY source=LayoutSolver valid=true min=Vec2(0.0, 0.0) max=Vec2(1280.0, 720.0) w=1280.0 h=720.0
2026-05-23T04:28:08.828381Z  INFO viewport_authority: VIEWPORT_AUTHORITY source=LayoutSolver valid=true min=Vec2(0.0, 0.0) max=Vec2(1280.0, 720.0) w=1280.0 h=720.0
2026-05-23T04:28:08.828386Z  INFO viewport_authority: VIEWPORT_AUTHORITY source=UiCommitted valid=true min=Vec2(0.0, 0.0) max=Vec2(1280.0, 720.0) w=1280.0 h=720.0
2026-05-23T04:28:08.828404Z  INFO viewport_authority: VIEWPORT_AUTHORITY source=CameraApplied valid=true min=Vec2(0.0, 0.0) max=Vec2(1280.0, 720.0) w=1280.0 h=720.0
2026-05-23T04:28:08.828434Z  INFO stage5_live_todos: STAGE5_READINESS_HOOK passes=true violations_first=(none) producer_count=1
2026-05-23T04:28:08.828446Z  INFO visual_aidv2_live_todos: VISUAL_AID_V2_BOARD done=3/6 footprint_ok=false readability=true icons=0
2026-05-23T04:28:08.830312Z  INFO stage5_live_todos: STAGE5_GPU_HOOK indirect_instances=0 dispatch_count=0 draw_instances=0 (PHF-01 alignment)
2026-05-23T04:28:08.830830Z  INFO sim_view_sync: SIM_VIEW_SYNC frame=56 win_logical=(1280, 720) win_physical=(1280, 720) sim_valid=true sim_adequate=true sim_min=Vec2(0.0, 0.0) sim_max=Vec2(1280.0, 720.0) measured_valid=true measured_wh=Vec2(1280.0, 720.0) committed_wh=Vec2(1280.0, 720.0) sim_wh=Vec2(1280.0, 720.0) settle_streak=4 layout_settled=true sim_held=true last_commit="hole_hold" frozen=true pending_wh=Vec2(1280.0, 720.0) cam_hole=true render_hole=true cam_invalid_streak=0 cam_valid_streak=55 cam_scissor=Some((0, 0, 1280, 720)) ortho_fixed_wh=(632, 356) map_view_px=(1280, 720) raster_rev=28 resolved_rev=110 app=2 base=2 flow=3 worldgen=5 cmd_shell=false overlay_tray=false transmission=false rect_sanity_issues=0 left_stack_collapsed=true map_cam_scale=Vec3(2.0249999, 2.0249999, 2.0249999) minimap_visible=true
2026-05-23T04:28:08.830839Z  INFO worldgen_chrome::trace: CHROME_STATE app=Res(State(InGame)) worldgen=Res(State(Dismissed)) base=Res(State(Simulation)) flow=Res(State(FullReady)) latch_dismissed=true world_gen_visible=false preview_window_open=false lifecycle=Uninitialized last_dismiss="never"
2026-05-23T04:28:08.830842Z  INFO visual_diag: VISUAL_DIAG window frame=56 periodic=false win_logical=(1280, 720) win_physical=(1280, 720) scale=1.0 app=2 base=2 flow=3 worldgen=5 readiness_profile=Stage5ReadinessProfile { require_vt4: true, require_vt5: true, require_preview: true, require_partial_metrics: true, require_world_frame: true, require_phase_f_proof: true, require_instanced_draw: true }
2026-05-23T04:28:08.830856Z  INFO visual_diag: VISUAL_DIAG sim_viewport frame=56 sim_valid=true sim_adequate=true sim_min=Vec2(0.0, 0.0) sim_max=Vec2(1280.0, 720.0) sim_wh=(1280, 720) measured_valid=true measured_wh=(1280, 720) committed_wh=(1280, 720) sim_held=true settle_streak=4 layout_settled=true frozen=true last_commit="hole_hold" pending_wh=(1280, 720) pending_min=Vec2(0.0, 0.0) pending_max=Vec2(1280.0, 720.0)
2026-05-23T04:28:08.830862Z  INFO visual_diag: VISUAL_DIAG camera frame=56 cam_desired_x=160.0 cam_desired_y=160.0 cam_zoom=2.0249998569488525 latch_hole=true render_hole=true latch_invalid_streak=0 latch_valid_streak=55 cam_scissor=Some((0, 0, 1280, 720)) ortho_fixed_w=632 ortho_fixed_h=356 map_view_px_w=1280 map_view_px_h=720 world_w=320 world_h=320
2026-05-23T04:28:08.830868Z  INFO visual_diag: VISUAL_DIAG resolved_viewports frame=56 resolved_rev=110 primary_valid=true primary_wh=(1280, 720) sim_resolved_valid=true sim_resolved_wh=(1280, 720) preview_valid=true preview_wh=(372, 362) minimap_valid=true minimap_wh=(397, 160) mismatch_preview=false mismatch_minimap=false mismatch_sim_map=false mismatch_stale_tex=false
2026-05-23T04:28:08.830872Z  INFO visual_diag: VISUAL_DIAG map_view_frames frame=56 world_preview_proj_rev=1554780161534 minimap_proj_rev=687222767843 sim_map_proj_rev=3092404454486
2026-05-23T04:28:08.830875Z  INFO visual_diag: VISUAL_DIAG map_presentation frame=56 wp_fit=Contain wp_viewport=UVec2(372, 362) wp_fit_scale=1.10595703125 wp_expected_fit_scale=1.10595703125 wp_zoom=1.0407500267028809 mm_fit=Cover mm_viewport=UVec2(397, 160) mm_fit_scale=1.2409179210662842
2026-05-23T04:28:08.830882Z  INFO visual_diag: VISUAL_DIAG render_spine frame=56 raster_rev=28 repr_band=0 repr_lod="LocalTactical" particle_rows_cap=262144 visual_intent="Strategic" visual_zoom_alpha=0.01843632385134697 fire_particle_rows=0 fire_particle_stamp=57 overlay_rev=1 overlay_chunk_cells=28 graph_fire_inst=0 graph_fire_heat=0 gpu_instance_rows=0 gpu_dispatch=1 gpu_draw=0
2026-05-23T04:28:08.830886Z  INFO visual_diag: VISUAL_DIAG perf frame=56 tile_raster_ms=13.234299659729004 tile_raster_ran=true world_repr_ms=0.01080000028014183 projection_graph_ms=0.001500000013038516 domain_merge_ms=0.00010000000474974513 readiness_ms=0.027000000700354576 cpu_pre_egui_ms=0.0 cpu_egui_ms=0.0 cpu_post_egui_ms=0.0 gpu_gap_ms=0.0
2026-05-23T04:28:08.830890Z  INFO visual_diag: VISUAL_DIAG hud_shell frame=56 cmd_shell=false overlay_tray=false transmission=false
2026-05-23T04:28:08.830916Z  INFO perf: PERF wall=42.34 instr=13.28 gap=29.06 | cpu_pre_egui=39.79 cpu_egui=0.75 cpu_post_egui=1.80 gpu_gap=0.00 | spine=0.00 world_repr=0.01 graph=0.00 merge=0.00 atm=0.00 readiness=0.03 raster=13.23 | upd_attrib sum=5.92 pv_cpu=0.00 pv_gpu=0.01 fire=0.11 stream=5.61 map_fit=0.00 hud=0.19 wgen=0.00 | budget_sum=13.50 hud=0.19 overlay=0.00 raster_b=13.23 particles=0.00 residency=0.03 tex_reg=0.00 render_x=0.05 | stall first+preupd=0.03 update=0.01 post_dom=0.00 post_vt=0.02 postÔåÆready=0.00 ready=0.09 postÔåÆegui=18.17 egui=0.64 post_egui=1.73 | stall_hits=[after_tile_storage_apply:21.6,pre_egui:18.2]
2026-05-23T04:28:08.830926Z  INFO perf: PERF frame=42.3ms update=39.8ms egui=0.7ms preview=0.0ms streaming=5.6ms tile_apply=0.0ms viewport=0.0ms map_fit=0.0ms repr=0.0ms raster=13.2ms
2026-05-23T04:28:08.830930Z  INFO stall: STALL culprit=after_tile_storage_apply duration=21.6ms frame=42.3ms
2026-05-23T04:28:08.832507Z  INFO test_harness::fire: test scene seeded shared overlay fire cells=28
2026-05-23T04:28:08.832542Z  INFO viewport_authority: VIEWPORT_AUTHORITY source=ResolvedViewport valid=true min=Vec2(0.0, 0.0) max=Vec2(1280.0, 720.0) w=1280.0 h=720.0
2026-05-23T04:28:08.833672Z  INFO construction_finish_todos: CONSTRUCTION_FINISH_COMPLETE done=8/8
2026-05-23T04:28:08.833681Z  INFO construction_round2_todos: CONSTRUCTION_ROUND2_COMPLETE done=15/15
2026-05-23T04:28:08.833686Z  INFO construction_round3_todos: CONSTRUCTION_ROUND3_COMPLETE done=27/27
2026-05-23T04:28:08.833690Z  INFO construction_operational_todos: CONSTRUCTION_OPERATIONAL_GREEN
2026-05-23T04:28:08.849980Z  INFO stage5_live_todos: STAGE5_MAP_CAMERA_HOOK post_mirror desired_xy=(160.00,160.00) zoom=2.0250 world_main_xy=(160.00,160.00) zoom=2.0250 bridge_drift=0.0000
2026-05-23T04:28:08.854293Z  INFO stage5_live_todos: STAGE5_FIRE_HOOK fire_visual_producer_count=1 (expect 1 for FIRE-01)
2026-05-23T04:28:08.856863Z  INFO stall: STALL after_tile_storage_apply: 24.68ms
2026-05-23T04:28:08.859973Z  INFO stage5_live_todos: STAGE5_SPINE_HOOK policy_present=true graph_present=true fence_committed=true fence_fire_tick=58 world_frame_present=true overlay_rev=2 overlay_chunk_cells=28 atm_partial_dispatch=1 atm_gpu_tex_uploads=0 atm_full_field_fallback=true
2026-05-23T04:28:08.865669Z  INFO industrial_activation_todos: INDUSTRIAL_ACTIVATION_GREEN
2026-05-23T04:28:08.865715Z  INFO stall: STALL pre_egui: 8.85ms
2026-05-23T04:28:08.865724Z  INFO viewport_authority: VIEWPORT_AUTHORITY source=UiMeasured valid=true min=Vec2(0.0, 0.0) max=Vec2(1280.0, 720.0) w=1280.0 h=720.0
2026-05-23T04:28:08.865733Z  INFO viewport_authority::solver: VIEWPORT_SOLVER_TARGET node=SimMapFill valid=true rect.source=SimMapFill w=1280.0 h=720.0
2026-05-23T04:28:08.865737Z  INFO viewport_authority: VIEWPORT_AUTHORITY source=LayoutSolver valid=true min=Vec2(0.0, 0.0) max=Vec2(1280.0, 720.0) w=1280.0 h=720.0
2026-05-23T04:28:08.865740Z  INFO viewport_authority: VIEWPORT_AUTHORITY source=LayoutSolver valid=true min=Vec2(0.0, 0.0) max=Vec2(1280.0, 720.0) w=1280.0 h=720.0
2026-05-23T04:28:08.865743Z  INFO viewport_authority: VIEWPORT_AUTHORITY source=UiCommitted valid=true min=Vec2(0.0, 0.0) max=Vec2(1280.0, 720.0) w=1280.0 h=720.0
2026-05-23T04:28:08.865758Z  INFO viewport_authority: VIEWPORT_AUTHORITY source=CameraApplied valid=true min=Vec2(0.0, 0.0) max=Vec2(1280.0, 720.0) w=1280.0 h=720.0
2026-05-23T04:28:08.865787Z  INFO stage5_live_todos: STAGE5_READINESS_HOOK passes=true violations_first=(none) producer_count=1
2026-05-23T04:28:08.865796Z  INFO visual_aidv2_live_todos: VISUAL_AID_V2_BOARD done=3/6 footprint_ok=false readability=true icons=0
2026-05-23T04:28:08.867056Z  INFO stage5_live_todos: STAGE5_GPU_HOOK indirect_instances=0 dispatch_count=0 draw_instances=0 (PHF-01 alignment)
2026-05-23T04:28:08.867485Z  INFO visual_diag: VISUAL_DIAG window frame=57 periodic=false win_logical=(1280, 720) win_physical=(1280, 720) scale=1.0 app=2 base=2 flow=3 worldgen=5 readiness_profile=Stage5ReadinessProfile { require_vt4: true, require_vt5: true, require_preview: true, require_partial_metrics: true, require_world_frame: true, require_phase_f_proof: true, require_instanced_draw: true }
2026-05-23T04:28:08.867486Z  INFO sim_view_sync: SIM_VIEW_SYNC frame=57 win_logical=(1280, 720) win_physical=(1280, 720) sim_valid=true sim_adequate=true sim_min=Vec2(0.0, 0.0) sim_max=Vec2(1280.0, 720.0) measured_valid=true measured_wh=Vec2(1280.0, 720.0) committed_wh=Vec2(1280.0, 720.0) sim_wh=Vec2(1280.0, 720.0) settle_streak=4 layout_settled=true sim_held=true last_commit="hole_hold" frozen=true pending_wh=Vec2(1280.0, 720.0) cam_hole=true render_hole=true cam_invalid_streak=0 cam_valid_streak=56 cam_scissor=Some((0, 0, 1280, 720)) ortho_fixed_wh=(632, 356) map_view_px=(1280, 720) raster_rev=29 resolved_rev=110 app=2 base=2 flow=3 worldgen=5 cmd_shell=false overlay_tray=false transmission=false rect_sanity_issues=0 left_stack_collapsed=true map_cam_scale=Vec3(2.0249999, 2.0249999, 2.0249999) minimap_visible=true
2026-05-23T04:28:08.867495Z  INFO visual_diag: VISUAL_DIAG sim_viewport frame=57 sim_valid=true sim_adequate=true sim_min=Vec2(0.0, 0.0) sim_max=Vec2(1280.0, 720.0) sim_wh=(1280, 720) measured_valid=true measured_wh=(1280, 720) committed_wh=(1280, 720) sim_held=true settle_streak=4 layout_settled=true frozen=true last_commit="hole_hold" pending_wh=(1280, 720) pending_min=Vec2(0.0, 0.0) pending_max=Vec2(1280.0, 720.0)
2026-05-23T04:28:08.867503Z  INFO visual_diag: VISUAL_DIAG camera frame=57 cam_desired_x=160.0 cam_desired_y=160.0 cam_zoom=2.0249998569488525 latch_hole=true render_hole=true latch_invalid_streak=0 latch_valid_streak=56 cam_scissor=Some((0, 0, 1280, 720)) ortho_fixed_w=632 ortho_fixed_h=356 map_view_px_w=1280 map_view_px_h=720 world_w=320 world_h=320
2026-05-23T04:28:08.867555Z  INFO visual_diag: VISUAL_DIAG resolved_viewports frame=57 resolved_rev=110 primary_valid=true primary_wh=(1280, 720) sim_resolved_valid=true sim_resolved_wh=(1280, 720) preview_valid=true preview_wh=(372, 362) minimap_valid=true minimap_wh=(397, 160) mismatch_preview=false mismatch_minimap=false mismatch_sim_map=false mismatch_stale_tex=false
2026-05-23T04:28:08.867563Z  INFO visual_diag: VISUAL_DIAG map_view_frames frame=57 world_preview_proj_rev=1554780161534 minimap_proj_rev=687222767843 sim_map_proj_rev=3092404454486
2026-05-23T04:28:08.867566Z  INFO visual_diag: VISUAL_DIAG map_presentation frame=57 wp_fit=Contain wp_viewport=UVec2(372, 362) wp_fit_scale=1.10595703125 wp_expected_fit_scale=1.10595703125 wp_zoom=1.0407500267028809 mm_fit=Cover mm_viewport=UVec2(397, 160) mm_fit_scale=1.2409179210662842
2026-05-23T04:28:08.867572Z  INFO visual_diag: VISUAL_DIAG render_spine frame=57 raster_rev=29 repr_band=0 repr_lod="LocalTactical" particle_rows_cap=262144 visual_intent="Strategic" visual_zoom_alpha=0.01843632385134697 fire_particle_rows=0 fire_particle_stamp=58 overlay_rev=2 overlay_chunk_cells=28 graph_fire_inst=0 graph_fire_heat=0 gpu_instance_rows=0 gpu_dispatch=1 gpu_draw=0
2026-05-23T04:28:08.867576Z  INFO visual_diag: VISUAL_DIAG perf frame=57 tile_raster_ms=4.683300018310547 tile_raster_ran=true world_repr_ms=0.010099999606609344 projection_graph_ms=0.0003000000142492354 domain_merge_ms=0.0 readiness_ms=0.022199999541044235 cpu_pre_egui_ms=0.0 cpu_egui_ms=0.0 cpu_post_egui_ms=0.0 gpu_gap_ms=0.0
2026-05-23T04:28:08.867579Z  INFO visual_diag: VISUAL_DIAG hud_shell frame=57 cmd_shell=false overlay_tray=false transmission=false
2026-05-23T04:28:08.867602Z  INFO perf: PERF wall=35.46 instr=4.72 gap=30.74 | cpu_pre_egui=33.60 cpu_egui=0.49 cpu_post_egui=1.38 gpu_gap=0.00 | spine=0.00 world_repr=0.01 graph=0.00 merge=0.00 atm=0.00 readiness=0.02 raster=4.68 | upd_attrib sum=5.88 pv_cpu=0.00 pv_gpu=0.01 fire=0.10 stream=5.62 map_fit=0.00 hud=0.15 wgen=0.00 | budget_sum=4.92 hud=0.15 overlay=0.00 raster_b=4.68 particles=0.00 residency=0.04 tex_reg=0.00 render_x=0.05 | stall first+preupd=0.05 update=0.01 post_dom=0.00 post_vt=0.01 postÔåÆready=0.00 ready=0.07 postÔåÆegui=8.85 egui=0.40 post_egui=1.27 | stall_hits=[after_tile_storage_apply:24.7,pre_egui:8.9]
2026-05-23T04:28:08.867612Z  INFO perf: PERF frame=35.5ms update=33.6ms egui=0.5ms preview=0.0ms streaming=5.6ms tile_apply=0.0ms viewport=0.0ms map_fit=0.0ms repr=0.0ms raster=4.7ms
2026-05-23T04:28:08.867616Z  INFO stall: STALL culprit=after_tile_storage_apply duration=24.7ms frame=35.5ms
2026-05-23T04:28:08.869845Z  INFO viewport_authority: VIEWPORT_AUTHORITY source=ResolvedViewport valid=true min=Vec2(0.0, 0.0) max=Vec2(1280.0, 720.0) w=1280.0 h=720.0
2026-05-23T04:28:08.870652Z  INFO construction_finish_todos: CONSTRUCTION_FINISH_COMPLETE done=8/8
2026-05-23T04:28:08.870662Z  INFO construction_round2_todos: CONSTRUCTION_ROUND2_COMPLETE done=15/15
2026-05-23T04:28:08.870667Z  INFO construction_round3_todos: CONSTRUCTION_ROUND3_COMPLETE done=27/27
2026-05-23T04:28:08.870672Z  INFO construction_operational_todos: CONSTRUCTION_OPERATIONAL_GREEN
2026-05-23T04:28:08.883370Z  INFO stage5_live_todos: STAGE5_MAP_CAMERA_HOOK post_mirror desired_xy=(160.00,160.00) zoom=2.0250 world_main_xy=(160.00,160.00) zoom=2.0250 bridge_drift=0.0000
2026-05-23T04:28:08.887732Z  INFO stage5_live_todos: STAGE5_FIRE_HOOK fire_visual_producer_count=1 (expect 1 for FIRE-01)
2026-05-23T04:28:08.890316Z  INFO stall: STALL after_tile_storage_apply: 22.21ms
2026-05-23T04:28:08.893407Z  INFO stage5_live_todos: STAGE5_SPINE_HOOK policy_present=true graph_present=true fence_committed=true fence_fire_tick=59 world_frame_present=true overlay_rev=2 overlay_chunk_cells=28 atm_partial_dispatch=1 atm_gpu_tex_uploads=0 atm_full_field_fallback=false
2026-05-23T04:28:08.897218Z  INFO industrial_activation_todos: INDUSTRIAL_ACTIVATION_GREEN
2026-05-23T04:28:08.897268Z  INFO stall: STALL pre_egui: 6.95ms
2026-05-23T04:28:08.897274Z  INFO viewport_authority: VIEWPORT_AUTHORITY source=UiMeasured valid=true min=Vec2(0.0, 0.0) max=Vec2(1280.0, 720.0) w=1280.0 h=720.0
2026-05-23T04:28:08.897283Z  INFO viewport_authority::solver: VIEWPORT_SOLVER_TARGET node=SimMapFill valid=true rect.source=SimMapFill w=1280.0 h=720.0
2026-05-23T04:28:08.897287Z  INFO viewport_authority: VIEWPORT_AUTHORITY source=LayoutSolver valid=true min=Vec2(0.0, 0.0) max=Vec2(1280.0, 720.0) w=1280.0 h=720.0
2026-05-23T04:28:08.897290Z  INFO viewport_authority: VIEWPORT_AUTHORITY source=LayoutSolver valid=true min=Vec2(0.0, 0.0) max=Vec2(1280.0, 720.0) w=1280.0 h=720.0
2026-05-23T04:28:08.897293Z  INFO viewport_authority: VIEWPORT_AUTHORITY source=UiCommitted valid=true min=Vec2(0.0, 0.0) max=Vec2(1280.0, 720.0) w=1280.0 h=720.0
2026-05-23T04:28:08.897309Z  INFO viewport_authority: VIEWPORT_AUTHORITY source=CameraApplied valid=true min=Vec2(0.0, 0.0) max=Vec2(1280.0, 720.0) w=1280.0 h=720.0
2026-05-23T04:28:08.897336Z  INFO stage5_live_todos: STAGE5_READINESS_HOOK passes=true violations_first=(none) producer_count=1
2026-05-23T04:28:08.897346Z  INFO visual_aidv2_live_todos: VISUAL_AID_V2_BOARD done=3/6 footprint_ok=false readability=true icons=0
2026-05-23T04:28:08.898636Z  INFO stage5_live_todos: STAGE5_GPU_HOOK indirect_instances=0 dispatch_count=0 draw_instances=0 (PHF-01 alignment)
2026-05-23T04:28:08.899176Z  INFO visual_diag: VISUAL_DIAG window frame=58 periodic=false win_logical=(1280, 720) win_physical=(1280, 720) scale=1.0 app=2 base=2 flow=3 worldgen=5 readiness_profile=Stage5ReadinessProfile { require_vt4: true, require_vt5: true, require_preview: true, require_partial_metrics: true, require_world_frame: true, require_phase_f_proof: true, require_instanced_draw: true }
2026-05-23T04:28:08.899185Z  INFO visual_diag: VISUAL_DIAG sim_viewport frame=58 sim_valid=true sim_adequate=true sim_min=Vec2(0.0, 0.0) sim_max=Vec2(1280.0, 720.0) sim_wh=(1280, 720) measured_valid=true measured_wh=(1280, 720) committed_wh=(1280, 720) sim_held=true settle_streak=4 layout_settled=true frozen=true last_commit="hole_hold" pending_wh=(1280, 720) pending_min=Vec2(0.0, 0.0) pending_max=Vec2(1280.0, 720.0)
2026-05-23T04:28:08.899191Z  INFO visual_diag: VISUAL_DIAG camera frame=58 cam_desired_x=160.0 cam_desired_y=160.0 cam_zoom=2.0249998569488525 latch_hole=true render_hole=true latch_invalid_streak=0 latch_valid_streak=57 cam_scissor=Some((0, 0, 1280, 720)) ortho_fixed_w=632 ortho_fixed_h=356 map_view_px_w=1280 map_view_px_h=720 world_w=320 world_h=320
2026-05-23T04:28:08.899196Z  INFO visual_diag: VISUAL_DIAG resolved_viewports frame=58 resolved_rev=110 primary_valid=true primary_wh=(1280, 720) sim_resolved_valid=true sim_resolved_wh=(1280, 720) preview_valid=true preview_wh=(372, 362) minimap_valid=true minimap_wh=(397, 160) mismatch_preview=false mismatch_minimap=false mismatch_sim_map=false mismatch_stale_tex=false
2026-05-23T04:28:08.899199Z  INFO visual_diag: VISUAL_DIAG map_view_frames frame=58 world_preview_proj_rev=1554780161534 minimap_proj_rev=687223767846 sim_map_proj_rev=3092405454489
2026-05-23T04:28:08.899202Z  INFO visual_diag: VISUAL_DIAG map_presentation frame=58 wp_fit=Contain wp_viewport=UVec2(372, 362) wp_fit_scale=1.10595703125 wp_expected_fit_scale=1.10595703125 wp_zoom=1.0407500267028809 mm_fit=Cover mm_viewport=UVec2(397, 160) mm_fit_scale=1.2409179210662842
2026-05-23T04:28:08.899207Z  INFO visual_diag: VISUAL_DIAG render_spine frame=58 raster_rev=29 repr_band=0 repr_lod="LocalTactical" particle_rows_cap=262144 visual_intent="Strategic" visual_zoom_alpha=0.01843632385134697 fire_particle_rows=0 fire_particle_stamp=59 overlay_rev=2 overlay_chunk_cells=28 graph_fire_inst=0 graph_fire_heat=0 gpu_instance_rows=0 gpu_dispatch=1 gpu_draw=0
2026-05-23T04:28:08.899211Z  INFO visual_diag: VISUAL_DIAG perf frame=58 tile_raster_ms=0.0 tile_raster_ran=false world_repr_ms=0.010900000110268593 projection_graph_ms=0.00020000000949949026 domain_merge_ms=0.00010000000474974513 readiness_ms=0.022700000554323196 cpu_pre_egui_ms=0.0 cpu_egui_ms=0.0 cpu_post_egui_ms=0.0 gpu_gap_ms=0.0
2026-05-23T04:28:08.899214Z  INFO visual_diag: VISUAL_DIAG hud_shell frame=58 cmd_shell=false overlay_tray=false transmission=false
2026-05-23T04:28:08.899235Z  INFO perf: PERF wall=31.16 instr=0.03 gap=31.13 | cpu_pre_egui=29.21 cpu_egui=0.49 cpu_post_egui=1.46 gpu_gap=0.00 | spine=0.00 world_repr=0.01 graph=0.00 merge=0.00 atm=0.00 readiness=0.02 raster=0.00 (idle) | upd_attrib sum=5.85 pv_cpu=0.00 pv_gpu=0.01 fire=0.09 stream=5.62 map_fit=0.00 hud=0.13 wgen=0.00 | budget_sum=4.90 hud=0.13 overlay=0.00 raster_b=4.68 particles=0.00 residency=0.03 tex_reg=0.00 render_x=0.05 | stall first+preupd=0.04 update=0.00 post_dom=0.00 post_vt=0.01 postÔåÆready=0.00 ready=0.07 postÔåÆegui=6.95 egui=0.41 post_egui=1.40 | stall_hits=[after_tile_storage_apply:22.2,pre_egui:7.0]
2026-05-23T04:28:08.899244Z  INFO perf: PERF frame=31.2ms update=29.2ms egui=0.5ms preview=0.0ms streaming=5.6ms tile_apply=0.0ms viewport=0.0ms map_fit=0.0ms repr=0.0ms raster=0.0ms
2026-05-23T04:28:08.899248Z  INFO stall: STALL culprit=after_tile_storage_apply duration=22.2ms frame=31.2ms
2026-05-23T04:28:08.900071Z  INFO viewport_authority: VIEWPORT_AUTHORITY source=ResolvedViewport valid=true min=Vec2(0.0, 0.0) max=Vec2(1280.0, 720.0) w=1280.0 h=720.0
2026-05-23T04:28:08.900988Z  INFO construction_finish_todos: CONSTRUCTION_FINISH_COMPLETE done=8/8
2026-05-23T04:28:08.900998Z  INFO construction_round2_todos: CONSTRUCTION_ROUND2_COMPLETE done=15/15
2026-05-23T04:28:08.901002Z  INFO construction_round3_todos: CONSTRUCTION_ROUND3_COMPLETE done=27/27
2026-05-23T04:28:08.901005Z  INFO construction_operational_todos: CONSTRUCTION_OPERATIONAL_GREEN
2026-05-23T04:28:08.913081Z  INFO stage5_live_todos: STAGE5_MAP_CAMERA_HOOK post_mirror desired_xy=(160.00,160.00) zoom=2.0250 world_main_xy=(160.00,160.00) zoom=2.0250 bridge_drift=0.0000
2026-05-23T04:28:08.917201Z  INFO stage5_live_todos: STAGE5_FIRE_HOOK fire_visual_producer_count=1 (expect 1 for FIRE-01)
2026-05-23T04:28:08.919809Z  INFO stall: STALL after_tile_storage_apply: 20.04ms
2026-05-23T04:28:08.922907Z  INFO stage5_live_todos: STAGE5_SPINE_HOOK policy_present=true graph_present=true fence_committed=true fence_fire_tick=60 world_frame_present=true overlay_rev=2 overlay_chunk_cells=28 atm_partial_dispatch=1 atm_gpu_tex_uploads=0 atm_full_field_fallback=false
2026-05-23T04:28:08.926954Z  INFO industrial_activation_todos: INDUSTRIAL_ACTIVATION_GREEN
2026-05-23T04:28:08.926996Z  INFO stall: STALL pre_egui: 7.19ms
2026-05-23T04:28:08.927010Z  INFO viewport_authority: VIEWPORT_AUTHORITY source=UiMeasured valid=true min=Vec2(0.0, 0.0) max=Vec2(1280.0, 720.0) w=1280.0 h=720.0
2026-05-23T04:28:08.927017Z  INFO viewport_authority::solver: VIEWPORT_SOLVER_TARGET node=SimMapFill valid=true rect.source=SimMapFill w=1280.0 h=720.0
2026-05-23T04:28:08.927021Z  INFO viewport_authority: VIEWPORT_AUTHORITY source=LayoutSolver valid=true min=Vec2(0.0, 0.0) max=Vec2(1280.0, 720.0) w=1280.0 h=720.0
2026-05-23T04:28:08.927024Z  INFO viewport_authority: VIEWPORT_AUTHORITY source=LayoutSolver valid=true min=Vec2(0.0, 0.0) max=Vec2(1280.0, 720.0) w=1280.0 h=720.0
2026-05-23T04:28:08.927027Z  INFO viewport_authority: VIEWPORT_AUTHORITY source=UiCommitted valid=true min=Vec2(0.0, 0.0) max=Vec2(1280.0, 720.0) w=1280.0 h=720.0
2026-05-23T04:28:08.927042Z  INFO viewport_authority: VIEWPORT_AUTHORITY source=CameraApplied valid=true min=Vec2(0.0, 0.0) max=Vec2(1280.0, 720.0) w=1280.0 h=720.0
2026-05-23T04:28:08.927072Z  INFO stage5_live_todos: STAGE5_READINESS_HOOK passes=true violations_first=(none) producer_count=1
2026-05-23T04:28:08.927084Z  INFO visual_aidv2_live_todos: VISUAL_AID_V2_BOARD done=3/6 footprint_ok=false readability=true icons=0
2026-05-23T04:28:08.928535Z  INFO stage5_live_todos: STAGE5_GPU_HOOK indirect_instances=0 dispatch_count=0 draw_instances=0 (PHF-01 alignment)
2026-05-23T04:28:08.929080Z  INFO stage5_readiness::live: READINESS_FRAME_FENCE_OK eval_inv=60 frame_tick=60 passes=true
2026-05-23T04:28:08.929088Z  INFO visual_diag: VISUAL_DIAG window frame=59 periodic=false win_logical=(1280, 720) win_physical=(1280, 720) scale=1.0 app=2 base=2 flow=3 worldgen=5 readiness_profile=Stage5ReadinessProfile { require_vt4: true, require_vt5: true, require_preview: true, require_partial_metrics: true, require_world_frame: true, require_phase_f_proof: true, require_instanced_draw: true }
2026-05-23T04:28:08.929098Z  INFO visual_diag: VISUAL_DIAG sim_viewport frame=59 sim_valid=true sim_adequate=true sim_min=Vec2(0.0, 0.0) sim_max=Vec2(1280.0, 720.0) sim_wh=(1280, 720) measured_valid=true measured_wh=(1280, 720) committed_wh=(1280, 720) sim_held=true settle_streak=4 layout_settled=true frozen=true last_commit="hole_hold" pending_wh=(1280, 720) pending_min=Vec2(0.0, 0.0) pending_max=Vec2(1280.0, 720.0)
2026-05-23T04:28:08.929106Z  INFO visual_diag: VISUAL_DIAG camera frame=59 cam_desired_x=160.0 cam_desired_y=160.0 cam_zoom=2.0249998569488525 latch_hole=true render_hole=true latch_invalid_streak=0 latch_valid_streak=58 cam_scissor=Some((0, 0, 1280, 720)) ortho_fixed_w=632 ortho_fixed_h=356 map_view_px_w=1280 map_view_px_h=720 world_w=320 world_h=320
2026-05-23T04:28:08.929110Z  INFO visual_diag: VISUAL_DIAG resolved_viewports frame=59 resolved_rev=110 primary_valid=true primary_wh=(1280, 720) sim_resolved_valid=true sim_resolved_wh=(1280, 720) preview_valid=true preview_wh=(372, 362) minimap_valid=true minimap_wh=(397, 160) mismatch_preview=false mismatch_minimap=false mismatch_sim_map=false mismatch_stale_tex=false
2026-05-23T04:28:08.929115Z  INFO visual_diag: VISUAL_DIAG map_view_frames frame=59 world_preview_proj_rev=1554780161534 minimap_proj_rev=687223767846 sim_map_proj_rev=3092405454489
2026-05-23T04:28:08.929118Z  INFO visual_diag: VISUAL_DIAG map_presentation frame=59 wp_fit=Contain wp_viewport=UVec2(372, 362) wp_fit_scale=1.10595703125 wp_expected_fit_scale=1.10595703125 wp_zoom=1.0407500267028809 mm_fit=Cover mm_viewport=UVec2(397, 160) mm_fit_scale=1.2409179210662842
2026-05-23T04:28:08.929124Z  INFO visual_diag: VISUAL_DIAG render_spine frame=59 raster_rev=29 repr_band=0 repr_lod="LocalTactical" particle_rows_cap=262144 visual_intent="Strategic" visual_zoom_alpha=0.01843632385134697 fire_particle_rows=0 fire_particle_stamp=60 overlay_rev=2 overlay_chunk_cells=28 graph_fire_inst=0 graph_fire_heat=0 gpu_instance_rows=0 gpu_dispatch=1 gpu_draw=0
2026-05-23T04:28:08.929128Z  INFO visual_diag: VISUAL_DIAG perf frame=59 tile_raster_ms=0.0 tile_raster_ran=false world_repr_ms=0.01249999925494194 projection_graph_ms=0.0004000000189989805 domain_merge_ms=0.0 readiness_ms=0.02710000053048134 cpu_pre_egui_ms=0.0 cpu_egui_ms=0.0 cpu_post_egui_ms=0.0 gpu_gap_ms=0.0
2026-05-23T04:28:08.929132Z  INFO visual_diag: VISUAL_DIAG hud_shell frame=59 cmd_shell=false overlay_tray=false transmission=false
2026-05-23T04:28:08.929157Z  INFO perf: PERF wall=29.40 instr=0.04 gap=29.36 | cpu_pre_egui=27.27 cpu_egui=0.60 cpu_post_egui=1.54 gpu_gap=0.00 | spine=0.00 world_repr=0.01 graph=0.00 merge=0.00 atm=0.00 readiness=0.03 raster=0.00 (idle) | upd_attrib sum=8.89 pv_cpu=0.00 pv_gpu=0.00 fire=3.08 stream=5.65 map_fit=0.00 hud=0.16 wgen=0.00 | budget_sum=4.93 hud=0.16 overlay=0.00 raster_b=4.68 particles=0.00 residency=0.03 tex_reg=0.00 render_x=0.05 | stall first+preupd=0.03 update=0.00 post_dom=0.01 post_vt=0.02 postÔåÆready=0.00 ready=0.07 postÔåÆegui=7.19 egui=0.51 post_egui=1.47 | stall_hits=[after_tile_storage_apply:20.0,pre_egui:7.2]
2026-05-23T04:28:08.929167Z  INFO perf: PERF frame=29.4ms update=27.3ms egui=0.6ms preview=0.0ms streaming=5.6ms tile_apply=0.0ms viewport=0.0ms map_fit=0.0ms repr=0.0ms raster=0.0ms
2026-05-23T04:28:08.929171Z  INFO stall: STALL culprit=after_tile_storage_apply duration=20.0ms frame=29.4ms
2026-05-23T04:28:08.930273Z  INFO viewport_authority: VIEWPORT_AUTHORITY source=ResolvedViewport valid=true min=Vec2(0.0, 0.0) max=Vec2(1280.0, 720.0) w=1280.0 h=720.0
2026-05-23T04:28:08.931623Z  INFO construction_finish_todos: CONSTRUCTION_FINISH_COMPLETE done=8/8
2026-05-23T04:28:08.931653Z  INFO construction_round2_todos: CONSTRUCTION_ROUND2_COMPLETE done=15/15
2026-05-23T04:28:08.931666Z  INFO construction_round3_todos: CONSTRUCTION_ROUND3_COMPLETE done=27/27
2026-05-23T04:28:08.931671Z  INFO construction_operational_todos: CONSTRUCTION_OPERATIONAL_GREEN
2026-05-23T04:28:08.942289Z  INFO stage5_live_todos: STAGE5_MAP_CAMERA_HOOK post_mirror desired_xy=(160.00,160.00) zoom=2.0250 world_main_xy=(160.00,160.00) zoom=2.0250 bridge_drift=0.0000
2026-05-23T04:28:08.946186Z  INFO stage5_live_todos: STAGE5_FIRE_HOOK fire_visual_producer_count=1 (expect 1 for FIRE-01)
2026-05-23T04:28:08.948805Z  INFO stall: STALL after_tile_storage_apply: 19.26ms
2026-05-23T04:28:08.951889Z  INFO stage5_live_todos: STAGE5_SPINE_HOOK policy_present=true graph_present=true fence_committed=true fence_fire_tick=61 world_frame_present=true overlay_rev=2 overlay_chunk_cells=28 atm_partial_dispatch=1 atm_gpu_tex_uploads=0 atm_full_field_fallback=false
2026-05-23T04:28:08.954589Z  INFO industrial_activation_todos: INDUSTRIAL_ACTIVATION_GREEN
2026-05-23T04:28:08.954634Z  INFO stall: STALL pre_egui: 5.83ms
2026-05-23T04:28:08.954643Z  INFO viewport_authority: VIEWPORT_AUTHORITY source=UiMeasured valid=true min=Vec2(0.0, 0.0) max=Vec2(1280.0, 720.0) w=1280.0 h=720.0
2026-05-23T04:28:08.954651Z  INFO viewport_authority::solver: VIEWPORT_SOLVER_TARGET node=SimMapFill valid=true rect.source=SimMapFill w=1280.0 h=720.0
2026-05-23T04:28:08.954654Z  INFO viewport_authority: VIEWPORT_AUTHORITY source=LayoutSolver valid=true min=Vec2(0.0, 0.0) max=Vec2(1280.0, 720.0) w=1280.0 h=720.0
2026-05-23T04:28:08.954657Z  INFO viewport_authority: VIEWPORT_AUTHORITY source=LayoutSolver valid=true min=Vec2(0.0, 0.0) max=Vec2(1280.0, 720.0) w=1280.0 h=720.0
2026-05-23T04:28:08.954661Z  INFO viewport_authority: VIEWPORT_AUTHORITY source=UiCommitted valid=true min=Vec2(0.0, 0.0) max=Vec2(1280.0, 720.0) w=1280.0 h=720.0
2026-05-23T04:28:08.954677Z  INFO viewport_authority: VIEWPORT_AUTHORITY source=CameraApplied valid=true min=Vec2(0.0, 0.0) max=Vec2(1280.0, 720.0) w=1280.0 h=720.0
2026-05-23T04:28:08.954702Z  INFO stage5_live_todos: STAGE5_READINESS_HOOK passes=true violations_first=(none) producer_count=1
2026-05-23T04:28:08.954709Z  INFO visual_aidv2_live_todos: VISUAL_AID_V2_BOARD done=3/6 footprint_ok=false readability=true icons=0
2026-05-23T04:28:08.955713Z  INFO ui_layout_tree: UI_LAYOUT_TREE frame=60 root=255v1 target=248v1
2026-05-23T04:28:08.955723Z  INFO ui_layout_tree: hud_root (hud_root) entity=255v1  size=(1280.0,720.0) width=100.0% height=100.0% min=(Auto,Auto) max=(Auto,Auto) flex_grow=0.00 flex_shrink=1.00 flex_dir=Row align_items=Default align_self=Auto justify=Default overflow=Overflow { x: Visible, y: Visible }
2026-05-23T04:28:08.955732Z  INFO ui_layout_tree:   unnamed () entity=264v1  size=(1280.0,38.0) width=100.0% height=38.0px min=(Auto,38.0px) max=(Auto,38.0px) flex_grow=0.00 flex_shrink=1.00 flex_dir=Row align_items=Center align_self=Auto justify=Default overflow=Overflow { x: Clip, y: Clip }
2026-05-23T04:28:08.955737Z  INFO ui_layout_tree:     unnamed () entity=263v1  size=(125.0,63.0) width=Auto height=Auto min=(Auto,Auto) max=(Auto,Auto) flex_grow=0.00 flex_shrink=1.00 flex_dir=Row align_items=Default align_self=Auto justify=Default overflow=Overflow { x: Visible, y: Visible }
2026-05-23T04:28:08.955741Z  INFO ui_layout_tree:     unnamed () entity=262v1  size=(120.0,16.0) width=Auto height=Auto min=(120.0px,Auto) max=(Auto,Auto) flex_grow=1.00 flex_shrink=1.00 flex_dir=Row align_items=Default align_self=Auto justify=Center overflow=Overflow { x: Visible, y: Visible }
2026-05-23T04:28:08.955745Z  INFO ui_layout_tree:       unnamed () entity=261v1  size=(71.0,16.0) width=Auto height=Auto min=(Auto,Auto) max=(Auto,Auto) flex_grow=0.00 flex_shrink=1.00 flex_dir=Row align_items=Default align_self=Auto justify=Default overflow=Overflow { x: Visible, y: Visible }
2026-05-23T04:28:08.955749Z  INFO ui_layout_tree:     unnamed () entity=260v1  size=(139.0,47.0) width=Auto height=Auto min=(Auto,Auto) max=(Auto,Auto) flex_grow=0.00 flex_shrink=1.00 flex_dir=Row align_items=Default align_self=Auto justify=Default overflow=Overflow { x: Visible, y: Visible }
2026-05-23T04:28:08.955752Z  INFO ui_layout_tree:     unnamed () entity=259v1  size=(735.0,63.0) width=Auto height=Auto min=(Auto,Auto) max=(Auto,Auto) flex_grow=0.00 flex_shrink=1.00 flex_dir=Row align_items=Default align_self=Auto justify=Default overflow=Overflow { x: Visible, y: Visible }
2026-05-23T04:28:08.955756Z  INFO ui_layout_tree:     unnamed () entity=258v1  size=(39.0,32.0) width=Auto height=Auto min=(Auto,Auto) max=(Auto,Auto) flex_grow=0.00 flex_shrink=1.00 flex_dir=Row align_items=Default align_self=Auto justify=Default overflow=Overflow { x: Visible, y: Visible }
2026-05-23T04:28:08.955760Z  INFO ui_layout_tree:     unnamed () entity=257v1  size=(32.0,47.0) width=Auto height=Auto min=(Auto,Auto) max=(Auto,Auto) flex_grow=0.00 flex_shrink=1.00 flex_dir=Row align_items=Default align_self=Auto justify=Default overflow=Overflow { x: Visible, y: Visible }
2026-05-23T04:28:08.955764Z  INFO ui_layout_tree:   unnamed () entity=256v1  size=(1280.0,26.0) width=100.0% height=26.0px min=(Auto,26.0px) max=(Auto,26.0px) flex_grow=0.00 flex_shrink=1.00 flex_dir=Row align_items=Center align_self=Auto justify=Default overflow=Overflow { x: Clip, y: Clip }
2026-05-23T04:28:08.955768Z  INFO ui_layout_tree:     unnamed () entity=253v1  size=(904.0,14.0) width=Auto height=Auto min=(Auto,Auto) max=(Auto,Auto) flex_grow=0.00 flex_shrink=1.00 flex_dir=Row align_items=Default align_self=Auto justify=Default overflow=Overflow { x: Visible, y: Visible }
2026-05-23T04:28:08.955772Z  INFO ui_layout_tree:   unnamed () entity=254v1  size=(1280.0,22.0) width=100.0% height=22.0px min=(Auto,22.0px) max=(Auto,22.0px) flex_grow=0.00 flex_shrink=1.00 flex_dir=Row align_items=Center align_self=Auto justify=Default overflow=Overflow { x: Clip, y: Clip }
2026-05-23T04:28:08.955776Z  INFO ui_layout_tree:     unnamed () entity=250v1  size=(580.0,14.0) width=Auto height=Auto min=(Auto,Auto) max=(Auto,Auto) flex_grow=0.00 flex_shrink=1.00 flex_dir=Row align_items=Default align_self=Auto justify=Default overflow=Overflow { x: Visible, y: Visible }
2026-05-23T04:28:08.955780Z  INFO ui_layout_tree:   center_row (center_row) entity=251v1  size=(1280.0,720.0) width=Auto height=Auto min=(Auto,Auto) max=(Auto,Auto) flex_grow=0.00 flex_shrink=1.00 flex_dir=Row align_items=Default align_self=Auto justify=Default overflow=Overflow { x: Clip, y: Clip }
2026-05-23T04:28:08.955785Z  INFO ui_layout_tree:     sim_map_fill (sim_map_fill) entity=248v1 <<< SIM_VIEWPORT size=(1280.0,720.0) width=100.0% height=100.0% min=(400.0px,300.0px) max=(Auto,Auto) flex_grow=0.00 flex_shrink=1.00 flex_dir=Row align_items=Default align_self=Auto justify=Default overflow=Overflow { x: Clip, y: Clip }
2026-05-23T04:28:08.955789Z  INFO ui_layout_tree:   left_stack_overlay (left_stack_overlay) entity=249v1  size=(36.0,626.0) width=Auto height=Auto min=(Auto,Auto) max=(Auto,Auto) flex_grow=0.00 flex_shrink=1.00 flex_dir=Row align_items=Stretch align_self=Auto justify=Default overflow=Overflow { x: Clip, y: Clip }
2026-05-23T04:28:08.955794Z  INFO ui_layout_tree:     unnamed () entity=246v1  size=(36.0,626.0) width=36.0px height=Auto min=(Auto,120.0px) max=(Auto,Auto) flex_grow=0.00 flex_shrink=1.00 flex_dir=Row align_items=Center align_self=Auto justify=Center overflow=Overflow { x: Visible, y: Visible }
2026-05-23T04:28:08.955798Z  INFO ui_layout_tree:       unnamed () entity=247v1  size=(7.0,53.0) width=Auto height=Auto min=(Auto,Auto) max=(Auto,Auto) flex_grow=0.00 flex_shrink=1.00 flex_dir=Row align_items=Default align_self=Auto justify=Default overflow=Overflow { x: Visible, y: Visible }
2026-05-23T04:28:08.955802Z  INFO ui_layout_tree:     unnamed () entity=19v2  size=(0.0,0.0) width=400.0px height=100.0% min=(Auto,Auto) max=(Auto,100.0%) flex_grow=0.00 flex_shrink=0.00 flex_dir=Column align_items=Default align_self=Auto justify=Default overflow=Overflow { x: Clip, y: Clip }
2026-05-23T04:28:08.955806Z  INFO ui_layout_tree:       unnamed () entity=245v1  size=(0.0,0.0) width=Auto height=Auto min=(Auto,Auto) max=(Auto,Auto) flex_grow=0.00 flex_shrink=1.00 flex_dir=Row align_items=Default align_self=Auto justify=Default overflow=Overflow { x: Visible, y: Visible }
2026-05-23T04:28:08.955810Z  INFO ui_layout_tree:       unnamed () entity=244v1  size=(0.0,0.0) width=Auto height=Auto min=(Auto,Auto) max=(Auto,Auto) flex_grow=0.00 flex_shrink=1.00 flex_dir=Row align_items=Default align_self=Auto justify=Default overflow=Overflow { x: Visible, y: Visible }
2026-05-23T04:28:08.955813Z  INFO ui_layout_tree:       unnamed () entity=243v1  size=(0.0,0.0) width=Auto height=Auto min=(Auto,Auto) max=(Auto,Auto) flex_grow=0.00 flex_shrink=1.00 flex_dir=Row align_items=Default align_self=Auto justify=Default overflow=Overflow { x: Visible, y: Visible }
2026-05-23T04:28:08.955817Z  INFO ui_layout_tree:       unnamed () entity=242v1  size=(0.0,0.0) width=Auto height=Auto min=(Auto,Auto) max=(Auto,Auto) flex_grow=0.00 flex_shrink=1.00 flex_dir=Row align_items=Default align_self=Auto justify=Default overflow=Overflow { x: Visible, y: Visible }
2026-05-23T04:28:08.955821Z  INFO ui_layout_tree:       unnamed () entity=240v1  size=(0.0,0.0) width=Auto height=Auto min=(Auto,Auto) max=(Auto,Auto) flex_grow=0.00 flex_shrink=1.00 flex_dir=Row align_items=Default align_self=Auto justify=Default overflow=Overflow { x: Visible, y: Visible }
2026-05-23T04:28:08.955824Z  INFO ui_layout_tree:       unnamed () entity=241v1  size=(0.0,0.0) width=Auto height=Auto min=(Auto,Auto) max=(Auto,Auto) flex_grow=0.00 flex_shrink=1.00 flex_dir=Row align_items=Default align_self=Auto justify=Default overflow=Overflow { x: Visible, y: Visible }
2026-05-23T04:28:08.955828Z  INFO ui_layout_tree:       unnamed () entity=239v1  size=(0.0,0.0) width=Auto height=Auto min=(Auto,Auto) max=(Auto,Auto) flex_grow=0.00 flex_shrink=1.00 flex_dir=Row align_items=Default align_self=Auto justify=Default overflow=Overflow { x: Visible, y: Visible }
2026-05-23T04:28:08.955831Z  INFO ui_layout_tree:       unnamed () entity=73158v1  size=(0.0,0.0) width=Auto height=Auto min=(Auto,Auto) max=(Auto,Auto) flex_grow=0.00 flex_shrink=1.00 flex_dir=Row align_items=Default align_self=Auto justify=Default overflow=Overflow { x: Visible, y: Visible }
2026-05-23T04:28:08.955835Z  INFO ui_layout_tree:       unnamed () entity=73157v1  size=(0.0,0.0) width=Auto height=Auto min=(Auto,Auto) max=(Auto,Auto) flex_grow=0.00 flex_shrink=1.00 flex_dir=Row align_items=Default align_self=Auto justify=Default overflow=Overflow { x: Visible, y: Visible }
2026-05-23T04:28:08.955859Z  INFO ui_layout_tree::chain: MAP_LAYOUT_CHAIN:
  Window: 1280x720
  RootHud: 1280x720
  center_row: 1280x720
  sim_map_fill: 1280x720
  MapFill: 1280x720
  Measured: 1280x720
  Committed: 1280x720
  Solver(SimMapFill): 1280x720
  CommittedResource: 1280x720 last_commit=hole_hold frame=60
2026-05-23T04:28:08.955895Z  INFO stage5_live_todos: STAGE5_GPU_HOOK indirect_instances=0 dispatch_count=0 draw_instances=0 (PHF-01 alignment)
2026-05-23T04:28:08.956404Z  INFO visual_diag: VISUAL_DIAG window frame=60 periodic=false win_logical=(1280, 720) win_physical=(1280, 720) scale=1.0 app=2 base=2 flow=3 worldgen=5 readiness_profile=Stage5ReadinessProfile { require_vt4: true, require_vt5: true, require_preview: true, require_partial_metrics: true, require_world_frame: true, require_phase_f_proof: true, require_instanced_draw: true }
2026-05-23T04:28:08.956415Z  INFO visual_diag: VISUAL_DIAG sim_viewport frame=60 sim_valid=true sim_adequate=true sim_min=Vec2(0.0, 0.0) sim_max=Vec2(1280.0, 720.0) sim_wh=(1280, 720) measured_valid=true measured_wh=(1280, 720) committed_wh=(1280, 720) sim_held=true settle_streak=4 layout_settled=true frozen=true last_commit="hole_hold" pending_wh=(1280, 720) pending_min=Vec2(0.0, 0.0) pending_max=Vec2(1280.0, 720.0)
2026-05-23T04:28:08.956422Z  INFO visual_diag: VISUAL_DIAG camera frame=60 cam_desired_x=160.0 cam_desired_y=160.0 cam_zoom=2.0249998569488525 latch_hole=true render_hole=true latch_invalid_streak=0 latch_valid_streak=59 cam_scissor=Some((0, 0, 1280, 720)) ortho_fixed_w=632 ortho_fixed_h=356 map_view_px_w=1280 map_view_px_h=720 world_w=320 world_h=320
2026-05-23T04:28:08.956427Z  INFO visual_diag: VISUAL_DIAG resolved_viewports frame=60 resolved_rev=110 primary_valid=true primary_wh=(1280, 720) sim_resolved_valid=true sim_resolved_wh=(1280, 720) preview_valid=true preview_wh=(372, 362) minimap_valid=true minimap_wh=(397, 160) mismatch_preview=false mismatch_minimap=false mismatch_sim_map=false mismatch_stale_tex=false
2026-05-23T04:28:08.956431Z  INFO visual_diag: VISUAL_DIAG map_view_frames frame=60 world_preview_proj_rev=1554780161534 minimap_proj_rev=687223767846 sim_map_proj_rev=3092405454489
2026-05-23T04:28:08.956433Z  INFO visual_diag: VISUAL_DIAG map_presentation frame=60 wp_fit=Contain wp_viewport=UVec2(372, 362) wp_fit_scale=1.10595703125 wp_expected_fit_scale=1.10595703125 wp_zoom=1.0407500267028809 mm_fit=Cover mm_viewport=UVec2(397, 160) mm_fit_scale=1.2409179210662842
2026-05-23T04:28:08.956438Z  INFO visual_diag: VISUAL_DIAG render_spine frame=60 raster_rev=29 repr_band=0 repr_lod="LocalTactical" particle_rows_cap=262144 visual_intent="Strategic" visual_zoom_alpha=0.01843632385134697 fire_particle_rows=0 fire_particle_stamp=61 overlay_rev=2 overlay_chunk_cells=28 graph_fire_inst=0 graph_fire_heat=0 gpu_instance_rows=0 gpu_dispatch=1 gpu_draw=0
2026-05-23T04:28:08.956443Z  INFO visual_diag: VISUAL_DIAG perf frame=60 tile_raster_ms=0.0 tile_raster_ran=false world_repr_ms=0.009399999864399433 projection_graph_ms=0.00010000000474974513 domain_merge_ms=0.00010000000474974513 readiness_ms=0.01889999955892563 cpu_pre_egui_ms=0.0 cpu_egui_ms=0.0 cpu_post_egui_ms=0.0 gpu_gap_ms=0.0
2026-05-23T04:28:08.956446Z  INFO visual_diag: VISUAL_DIAG hud_shell frame=60 cmd_shell=false overlay_tray=false transmission=false
2026-05-23T04:28:08.956463Z  INFO perf: PERF wall=26.95 instr=0.03 gap=26.92 | cpu_pre_egui=25.14 cpu_egui=0.49 cpu_post_egui=1.32 gpu_gap=0.00 | spine=0.00 world_repr=0.01 graph=0.00 merge=0.00 atm=0.00 readiness=0.02 raster=0.00 (idle) | upd_attrib sum=5.86 pv_cpu=0.00 pv_gpu=0.01 fire=0.08 stream=5.65 map_fit=0.00 hud=0.12 wgen=0.00 | budget_sum=4.88 hud=0.12 overlay=0.00 raster_b=4.68 particles=0.00 residency=0.03 tex_reg=0.00 render_x=0.05 | stall first+preupd=0.04 update=0.01 post_dom=0.00 post_vt=0.01 postÔåÆready=0.00 ready=0.06 postÔåÆegui=5.83 egui=0.41 post_egui=1.27 | stall_hits=[after_tile_storage_apply:19.3,pre_egui:5.8]
2026-05-23T04:28:08.956472Z  INFO perf: PERF frame=27.0ms update=25.1ms egui=0.5ms preview=0.0ms streaming=5.7ms tile_apply=0.0ms viewport=0.0ms map_fit=0.0ms repr=0.0ms raster=0.0ms
2026-05-23T04:28:08.956475Z  INFO stall: STALL culprit=after_tile_storage_apply duration=19.3ms frame=27.0ms
2026-05-23T04:28:08.957423Z  INFO viewport_authority: VIEWPORT_AUTHORITY source=ResolvedViewport valid=true min=Vec2(0.0, 0.0) max=Vec2(1280.0, 720.0) w=1280.0 h=720.0
2026-05-23T04:28:08.958349Z  INFO construction_finish_todos: CONSTRUCTION_FINISH_COMPLETE done=8/8
2026-05-23T04:28:08.958359Z  INFO construction_round2_todos: CONSTRUCTION_ROUND2_COMPLETE done=15/15
2026-05-23T04:28:08.958368Z  INFO construction_round3_todos: CONSTRUCTION_ROUND3_COMPLETE done=27/27
2026-05-23T04:28:08.958372Z  INFO construction_operational_todos: CONSTRUCTION_OPERATIONAL_GREEN
2026-05-23T04:28:08.971572Z  INFO stage5_live_todos: STAGE5_MAP_CAMERA_HOOK post_mirror desired_xy=(160.00,160.00) zoom=2.0250 world_main_xy=(160.00,160.00) zoom=2.0250 bridge_drift=0.0000
2026-05-23T04:28:08.975427Z  INFO stage5_live_todos: STAGE5_FIRE_HOOK fire_visual_producer_count=1 (expect 1 for FIRE-01)
2026-05-23T04:28:08.978006Z  INFO stall: STALL after_tile_storage_apply: 21.24ms
2026-05-23T04:28:08.981112Z  INFO stage5_live_todos: STAGE5_SPINE_HOOK policy_present=true graph_present=true fence_committed=true fence_fire_tick=62 world_frame_present=true overlay_rev=2 overlay_chunk_cells=28 atm_partial_dispatch=1 atm_gpu_tex_uploads=0 atm_full_field_fallback=false
2026-05-23T04:28:08.983876Z  INFO industrial_activation_todos: INDUSTRIAL_ACTIVATION_GREEN
2026-05-23T04:28:08.983933Z  INFO stall: STALL pre_egui: 5.93ms
2026-05-23T04:28:08.983936Z  INFO viewport_authority: VIEWPORT_AUTHORITY source=UiMeasured valid=true min=Vec2(0.0, 0.0) max=Vec2(1280.0, 720.0) w=1280.0 h=720.0
2026-05-23T04:28:08.983946Z  INFO viewport_authority::solver: VIEWPORT_SOLVER_TARGET node=SimMapFill valid=true rect.source=SimMapFill w=1280.0 h=720.0
2026-05-23T04:28:08.983950Z  INFO viewport_authority: VIEWPORT_AUTHORITY source=LayoutSolver valid=true min=Vec2(0.0, 0.0) max=Vec2(1280.0, 720.0) w=1280.0 h=720.0
2026-05-23T04:28:08.983953Z  INFO viewport_authority: VIEWPORT_AUTHORITY source=LayoutSolver valid=true min=Vec2(0.0, 0.0) max=Vec2(1280.0, 720.0) w=1280.0 h=720.0
2026-05-23T04:28:08.983956Z  INFO viewport_authority: VIEWPORT_AUTHORITY source=UiCommitted valid=true min=Vec2(0.0, 0.0) max=Vec2(1280.0, 720.0) w=1280.0 h=720.0
2026-05-23T04:28:08.983967Z  INFO viewport_authority: VIEWPORT_AUTHORITY source=CameraApplied valid=true min=Vec2(0.0, 0.0) max=Vec2(1280.0, 720.0) w=1280.0 h=720.0
2026-05-23T04:28:08.983989Z  INFO stage5_live_todos: STAGE5_READINESS_HOOK passes=true violations_first=(none) producer_count=1
2026-05-23T04:28:08.983998Z  INFO visual_aidv2_live_todos: VISUAL_AID_V2_BOARD done=3/6 footprint_ok=false readability=true icons=0
2026-05-23T04:28:08.985169Z  INFO stage5_live_todos: STAGE5_GPU_HOOK indirect_instances=0 dispatch_count=0 draw_instances=0 (PHF-01 alignment)
2026-05-23T04:28:08.985686Z  INFO visual_diag: VISUAL_DIAG window frame=61 periodic=false win_logical=(1280, 720) win_physical=(1280, 720) scale=1.0 app=2 base=2 flow=3 worldgen=5 readiness_profile=Stage5ReadinessProfile { require_vt4: true, require_vt5: true, require_preview: true, require_partial_metrics: true, require_world_frame: true, require_phase_f_proof: true, require_instanced_draw: true }
2026-05-23T04:28:08.985698Z  INFO visual_diag: VISUAL_DIAG sim_viewport frame=61 sim_valid=true sim_adequate=true sim_min=Vec2(0.0, 0.0) sim_max=Vec2(1280.0, 720.0) sim_wh=(1280, 720) measured_valid=true measured_wh=(1280, 720) committed_wh=(1280, 720) sim_held=true settle_streak=4 layout_settled=true frozen=true last_commit="hole_hold" pending_wh=(1280, 720) pending_min=Vec2(0.0, 0.0) pending_max=Vec2(1280.0, 720.0)
2026-05-23T04:28:08.985703Z  INFO visual_diag: VISUAL_DIAG camera frame=61 cam_desired_x=160.0 cam_desired_y=160.0 cam_zoom=2.0249998569488525 latch_hole=true render_hole=true latch_invalid_streak=0 latch_valid_streak=60 cam_scissor=Some((0, 0, 1280, 720)) ortho_fixed_w=632 ortho_fixed_h=356 map_view_px_w=1280 map_view_px_h=720 world_w=320 world_h=320
2026-05-23T04:28:08.985708Z  INFO visual_diag: VISUAL_DIAG resolved_viewports frame=61 resolved_rev=110 primary_valid=true primary_wh=(1280, 720) sim_resolved_valid=true sim_resolved_wh=(1280, 720) preview_valid=true preview_wh=(372, 362) minimap_valid=true minimap_wh=(397, 160) mismatch_preview=false mismatch_minimap=false mismatch_sim_map=false mismatch_stale_tex=false
2026-05-23T04:28:08.985711Z  INFO visual_diag: VISUAL_DIAG map_view_frames frame=61 world_preview_proj_rev=1554780161534 minimap_proj_rev=687223767846 sim_map_proj_rev=3092405454489
2026-05-23T04:28:08.985715Z  INFO visual_diag: VISUAL_DIAG map_presentation frame=61 wp_fit=Contain wp_viewport=UVec2(372, 362) wp_fit_scale=1.10595703125 wp_expected_fit_scale=1.10595703125 wp_zoom=1.0407500267028809 mm_fit=Cover mm_viewport=UVec2(397, 160) mm_fit_scale=1.2409179210662842
2026-05-23T04:28:08.985721Z  INFO visual_diag: VISUAL_DIAG render_spine frame=61 raster_rev=29 repr_band=0 repr_lod="LocalTactical" particle_rows_cap=262144 visual_intent="Strategic" visual_zoom_alpha=0.01843632385134697 fire_particle_rows=0 fire_particle_stamp=62 overlay_rev=2 overlay_chunk_cells=28 graph_fire_inst=0 graph_fire_heat=0 gpu_instance_rows=0 gpu_dispatch=1 gpu_draw=0
2026-05-23T04:28:08.985724Z  INFO visual_diag: VISUAL_DIAG perf frame=61 tile_raster_ms=0.0 tile_raster_ran=false world_repr_ms=0.011299999430775642 projection_graph_ms=0.00020000000949949026 domain_merge_ms=0.00010000000474974513 readiness_ms=0.022599998861551285 cpu_pre_egui_ms=0.0 cpu_egui_ms=0.0 cpu_post_egui_ms=0.0 gpu_gap_ms=0.0
2026-05-23T04:28:08.985728Z  INFO visual_diag: VISUAL_DIAG hud_shell frame=61 cmd_shell=false overlay_tray=false transmission=false
2026-05-23T04:28:08.985747Z  INFO perf: PERF wall=29.01 instr=0.03 gap=28.98 | cpu_pre_egui=27.21 cpu_egui=0.45 cpu_post_egui=1.35 gpu_gap=0.00 | spine=0.00 world_repr=0.01 graph=0.00 merge=0.00 atm=0.00 readiness=0.02 raster=0.00 (idle) | upd_attrib sum=5.84 pv_cpu=0.00 pv_gpu=0.01 fire=0.09 stream=5.62 map_fit=0.00 hud=0.12 wgen=0.00 | budget_sum=4.88 hud=0.12 overlay=0.00 raster_b=4.68 particles=0.00 residency=0.03 tex_reg=0.00 render_x=0.05 | stall first+preupd=0.04 update=0.00 post_dom=0.00 post_vt=0.01 postÔåÆready=0.00 ready=0.06 postÔåÆegui=5.93 egui=0.38 post_egui=1.29 | stall_hits=[after_tile_storage_apply:21.2,pre_egui:5.9]
2026-05-23T04:28:08.985756Z  INFO perf: PERF frame=29.0ms update=27.2ms egui=0.5ms preview=0.0ms streaming=5.6ms tile_apply=0.0ms viewport=0.0ms map_fit=0.0ms repr=0.0ms raster=0.0ms
2026-05-23T04:28:08.985760Z  INFO stall: STALL culprit=after_tile_storage_apply duration=21.2ms frame=29.0ms
2026-05-23T04:28:08.986283Z  INFO viewport_authority: VIEWPORT_AUTHORITY source=ResolvedViewport valid=true min=Vec2(0.0, 0.0) max=Vec2(1280.0, 720.0) w=1280.0 h=720.0
2026-05-23T04:28:08.987209Z  INFO construction_finish_todos: CONSTRUCTION_FINISH_COMPLETE done=8/8
2026-05-23T04:28:08.987217Z  INFO construction_round2_todos: CONSTRUCTION_ROUND2_COMPLETE done=15/15
2026-05-23T04:28:08.987221Z  INFO construction_round3_todos: CONSTRUCTION_ROUND3_COMPLETE done=27/27
2026-05-23T04:28:08.987224Z  INFO construction_operational_todos: CONSTRUCTION_OPERATIONAL_GREEN
2026-05-23T04:28:08.999648Z  INFO stage5_live_todos: STAGE5_MAP_CAMERA_HOOK post_mirror desired_xy=(160.00,160.00) zoom=2.0250 world_main_xy=(160.00,160.00) zoom=2.0250 bridge_drift=0.0000
2026-05-23T04:28:09.003435Z  INFO stage5_live_todos: STAGE5_FIRE_HOOK fire_visual_producer_count=1 (expect 1 for FIRE-01)
2026-05-23T04:28:09.006005Z  INFO stall: STALL after_tile_storage_apply: 19.95ms
2026-05-23T04:28:09.009091Z  INFO stage5_live_todos: STAGE5_SPINE_HOOK policy_present=true graph_present=true fence_committed=true fence_fire_tick=63 world_frame_present=true overlay_rev=2 overlay_chunk_cells=28 atm_partial_dispatch=1 atm_gpu_tex_uploads=0 atm_full_field_fallback=false
2026-05-23T04:28:09.011820Z  INFO industrial_activation_todos: INDUSTRIAL_ACTIVATION_GREEN
2026-05-23T04:28:09.011868Z  INFO stall: STALL pre_egui: 5.86ms
2026-05-23T04:28:09.011885Z  INFO viewport_authority: VIEWPORT_AUTHORITY source=UiMeasured valid=true min=Vec2(0.0, 0.0) max=Vec2(1280.0, 720.0) w=1280.0 h=720.0
2026-05-23T04:28:09.011894Z  INFO viewport_authority::solver: VIEWPORT_SOLVER_TARGET node=SimMapFill valid=true rect.source=SimMapFill w=1280.0 h=720.0
2026-05-23T04:28:09.011897Z  INFO viewport_authority: VIEWPORT_AUTHORITY source=LayoutSolver valid=true min=Vec2(0.0, 0.0) max=Vec2(1280.0, 720.0) w=1280.0 h=720.0
2026-05-23T04:28:09.011900Z  INFO viewport_authority: VIEWPORT_AUTHORITY source=LayoutSolver valid=true min=Vec2(0.0, 0.0) max=Vec2(1280.0, 720.0) w=1280.0 h=720.0
2026-05-23T04:28:09.011905Z  INFO viewport_authority: VIEWPORT_AUTHORITY source=UiCommitted valid=true min=Vec2(0.0, 0.0) max=Vec2(1280.0, 720.0) w=1280.0 h=720.0
2026-05-23T04:28:09.011915Z  INFO viewport_authority: VIEWPORT_AUTHORITY source=CameraApplied valid=true min=Vec2(0.0, 0.0) max=Vec2(1280.0, 720.0) w=1280.0 h=720.0
2026-05-23T04:28:09.011942Z  INFO stage5_live_todos: STAGE5_READINESS_HOOK passes=true violations_first=(none) producer_count=1
2026-05-23T04:28:09.011951Z  INFO visual_aidv2_live_todos: VISUAL_AID_V2_BOARD done=3/6 footprint_ok=false readability=true icons=0
2026-05-23T04:28:09.013154Z  INFO stage5_live_todos: STAGE5_GPU_HOOK indirect_instances=0 dispatch_count=0 draw_instances=0 (PHF-01 alignment)
2026-05-23T04:28:09.013658Z  INFO visual_diag: VISUAL_DIAG window frame=62 periodic=false win_logical=(1280, 720) win_physical=(1280, 720) scale=1.0 app=2 base=2 flow=3 worldgen=5 readiness_profile=Stage5ReadinessProfile { require_vt4: true, require_vt5: true, require_preview: true, require_partial_metrics: true, require_world_frame: true, require_phase_f_proof: true, require_instanced_draw: true }
2026-05-23T04:28:09.013668Z  INFO visual_diag: VISUAL_DIAG sim_viewport frame=62 sim_valid=true sim_adequate=true sim_min=Vec2(0.0, 0.0) sim_max=Vec2(1280.0, 720.0) sim_wh=(1280, 720) measured_valid=true measured_wh=(1280, 720) committed_wh=(1280, 720) sim_held=true settle_streak=4 layout_settled=true frozen=true last_commit="hole_hold" pending_wh=(1280, 720) pending_min=Vec2(0.0, 0.0) pending_max=Vec2(1280.0, 720.0)
2026-05-23T04:28:09.013674Z  INFO visual_diag: VISUAL_DIAG camera frame=62 cam_desired_x=160.0 cam_desired_y=160.0 cam_zoom=2.0249998569488525 latch_hole=true render_hole=true latch_invalid_streak=0 latch_valid_streak=61 cam_scissor=Some((0, 0, 1280, 720)) ortho_fixed_w=632 ortho_fixed_h=356 map_view_px_w=1280 map_view_px_h=720 world_w=320 world_h=320
2026-05-23T04:28:09.013679Z  INFO visual_diag: VISUAL_DIAG resolved_viewports frame=62 resolved_rev=110 primary_valid=true primary_wh=(1280, 720) sim_resolved_valid=true sim_resolved_wh=(1280, 720) preview_valid=true preview_wh=(372, 362) minimap_valid=true minimap_wh=(397, 160) mismatch_preview=false mismatch_minimap=false mismatch_sim_map=false mismatch_stale_tex=false
2026-05-23T04:28:09.013682Z  INFO visual_diag: VISUAL_DIAG map_view_frames frame=62 world_preview_proj_rev=1554780161534 minimap_proj_rev=687223767846 sim_map_proj_rev=3092405454489
2026-05-23T04:28:09.013685Z  INFO visual_diag: VISUAL_DIAG map_presentation frame=62 wp_fit=Contain wp_viewport=UVec2(372, 362) wp_fit_scale=1.10595703125 wp_expected_fit_scale=1.10595703125 wp_zoom=1.0407500267028809 mm_fit=Cover mm_viewport=UVec2(397, 160) mm_fit_scale=1.2409179210662842
2026-05-23T04:28:09.013691Z  INFO visual_diag: VISUAL_DIAG render_spine frame=62 raster_rev=29 repr_band=0 repr_lod="LocalTactical" particle_rows_cap=262144 visual_intent="Strategic" visual_zoom_alpha=0.01843632385134697 fire_particle_rows=0 fire_particle_stamp=63 overlay_rev=2 overlay_chunk_cells=28 graph_fire_inst=0 graph_fire_heat=0 gpu_instance_rows=0 gpu_dispatch=1 gpu_draw=0
2026-05-23T04:28:09.013695Z  INFO visual_diag: VISUAL_DIAG perf frame=62 tile_raster_ms=0.0 tile_raster_ran=false world_repr_ms=0.010499999858438969 projection_graph_ms=0.0003000000142492354 domain_merge_ms=0.0 readiness_ms=0.021199999377131462 cpu_pre_egui_ms=0.0 cpu_egui_ms=0.0 cpu_post_egui_ms=0.0 gpu_gap_ms=0.0
2026-05-23T04:28:09.013698Z  INFO visual_diag: VISUAL_DIAG hud_shell frame=62 cmd_shell=false overlay_tray=false transmission=false
2026-05-23T04:28:09.013716Z  INFO perf: PERF wall=27.69 instr=0.03 gap=27.66 | cpu_pre_egui=25.86 cpu_egui=0.50 cpu_post_egui=1.33 gpu_gap=0.00 | spine=0.00 world_repr=0.01 graph=0.00 merge=0.00 atm=0.00 readiness=0.02 raster=0.00 (idle) | upd_attrib sum=5.83 pv_cpu=0.00 pv_gpu=0.00 fire=0.10 stream=5.59 map_fit=0.00 hud=0.13 wgen=0.00 | budget_sum=4.89 hud=0.13 overlay=0.00 raster_b=4.68 particles=0.00 residency=0.03 tex_reg=0.00 render_x=0.05 | stall first+preupd=0.03 update=0.00 post_dom=0.00 post_vt=0.01 postÔåÆready=0.00 ready=0.07 postÔåÆegui=5.86 egui=0.41 post_egui=1.28 | stall_hits=[after_tile_storage_apply:20.0,pre_egui:5.9]
2026-05-23T04:28:09.013721Z  INFO perf: PERF frame=27.7ms update=25.9ms egui=0.5ms preview=0.0ms streaming=5.6ms tile_apply=0.0ms viewport=0.0ms map_fit=0.0ms repr=0.0ms raster=0.0ms
2026-05-23T04:28:09.013724Z  INFO stall: STALL culprit=after_tile_storage_apply duration=20.0ms frame=27.7ms
2026-05-23T04:28:09.014246Z  INFO viewport_authority: VIEWPORT_AUTHORITY source=ResolvedViewport valid=true min=Vec2(0.0, 0.0) max=Vec2(1280.0, 720.0) w=1280.0 h=720.0
2026-05-23T04:28:09.015362Z  INFO construction_finish_todos: CONSTRUCTION_FINISH_COMPLETE done=8/8
2026-05-23T04:28:09.015371Z  INFO construction_round2_todos: CONSTRUCTION_ROUND2_COMPLETE done=15/15
2026-05-23T04:28:09.015375Z  INFO construction_round3_todos: CONSTRUCTION_ROUND3_COMPLETE done=27/27
2026-05-23T04:28:09.015378Z  INFO construction_operational_todos: CONSTRUCTION_OPERATIONAL_GREEN
2026-05-23T04:28:09.027405Z  INFO stage5_live_todos: STAGE5_MAP_CAMERA_HOOK post_mirror desired_xy=(160.00,160.00) zoom=2.0250 world_main_xy=(160.00,160.00) zoom=2.0250 bridge_drift=0.0000
2026-05-23T04:28:09.031389Z  INFO stage5_live_todos: STAGE5_FIRE_HOOK fire_visual_producer_count=1 (expect 1 for FIRE-01)
2026-05-23T04:28:09.033958Z  INFO stall: STALL after_tile_storage_apply: 19.95ms
2026-05-23T04:28:09.037025Z  INFO stage5_live_todos: STAGE5_SPINE_HOOK policy_present=true graph_present=true fence_committed=true fence_fire_tick=64 world_frame_present=true overlay_rev=2 overlay_chunk_cells=28 atm_partial_dispatch=1 atm_gpu_tex_uploads=0 atm_full_field_fallback=false
2026-05-23T04:28:09.039824Z  INFO industrial_activation_todos: INDUSTRIAL_ACTIVATION_GREEN
2026-05-23T04:28:09.039874Z  INFO stall: STALL pre_egui: 5.92ms
2026-05-23T04:28:09.039883Z  INFO viewport_authority: VIEWPORT_AUTHORITY source=UiMeasured valid=true min=Vec2(0.0, 0.0) max=Vec2(1280.0, 720.0) w=1280.0 h=720.0
2026-05-23T04:28:09.039893Z  INFO viewport_authority::solver: VIEWPORT_SOLVER_TARGET node=SimMapFill valid=true rect.source=SimMapFill w=1280.0 h=720.0
2026-05-23T04:28:09.039896Z  INFO viewport_authority: VIEWPORT_AUTHORITY source=LayoutSolver valid=true min=Vec2(0.0, 0.0) max=Vec2(1280.0, 720.0) w=1280.0 h=720.0
2026-05-23T04:28:09.039899Z  INFO viewport_authority: VIEWPORT_AUTHORITY source=LayoutSolver valid=true min=Vec2(0.0, 0.0) max=Vec2(1280.0, 720.0) w=1280.0 h=720.0
2026-05-23T04:28:09.039903Z  INFO viewport_authority: VIEWPORT_AUTHORITY source=UiCommitted valid=true min=Vec2(0.0, 0.0) max=Vec2(1280.0, 720.0) w=1280.0 h=720.0
2026-05-23T04:28:09.039913Z  INFO viewport_authority: VIEWPORT_AUTHORITY source=CameraApplied valid=true min=Vec2(0.0, 0.0) max=Vec2(1280.0, 720.0) w=1280.0 h=720.0
2026-05-23T04:28:09.039944Z  INFO stage5_live_todos: STAGE5_READINESS_HOOK passes=true violations_first=(none) producer_count=1
2026-05-23T04:28:09.039953Z  INFO visual_aidv2_live_todos: VISUAL_AID_V2_BOARD done=3/6 footprint_ok=false readability=true icons=0
2026-05-23T04:28:09.041149Z  INFO stage5_live_todos: STAGE5_GPU_HOOK indirect_instances=0 dispatch_count=0 draw_instances=0 (PHF-01 alignment)
2026-05-23T04:28:09.041629Z  INFO visual_diag: VISUAL_DIAG window frame=63 periodic=false win_logical=(1280, 720) win_physical=(1280, 720) scale=1.0 app=2 base=2 flow=3 worldgen=5 readiness_profile=Stage5ReadinessProfile { require_vt4: true, require_vt5: true, require_preview: true, require_partial_metrics: true, require_world_frame: true, require_phase_f_proof: true, require_instanced_draw: true }
2026-05-23T04:28:09.041639Z  INFO visual_diag: VISUAL_DIAG sim_viewport frame=63 sim_valid=true sim_adequate=true sim_min=Vec2(0.0, 0.0) sim_max=Vec2(1280.0, 720.0) sim_wh=(1280, 720) measured_valid=true measured_wh=(1280, 720) committed_wh=(1280, 720) sim_held=true settle_streak=4 layout_settled=true frozen=true last_commit="hole_hold" pending_wh=(1280, 720) pending_min=Vec2(0.0, 0.0) pending_max=Vec2(1280.0, 720.0)
2026-05-23T04:28:09.041644Z  INFO visual_diag: VISUAL_DIAG camera frame=63 cam_desired_x=160.0 cam_desired_y=160.0 cam_zoom=2.0249998569488525 latch_hole=true render_hole=true latch_invalid_streak=0 latch_valid_streak=62 cam_scissor=Some((0, 0, 1280, 720)) ortho_fixed_w=632 ortho_fixed_h=356 map_view_px_w=1280 map_view_px_h=720 world_w=320 world_h=320
2026-05-23T04:28:09.041649Z  INFO visual_diag: VISUAL_DIAG resolved_viewports frame=63 resolved_rev=110 primary_valid=true primary_wh=(1280, 720) sim_resolved_valid=true sim_resolved_wh=(1280, 720) preview_valid=true preview_wh=(372, 362) minimap_valid=true minimap_wh=(397, 160) mismatch_preview=false mismatch_minimap=false mismatch_sim_map=false mismatch_stale_tex=false
2026-05-23T04:28:09.041652Z  INFO visual_diag: VISUAL_DIAG map_view_frames frame=63 world_preview_proj_rev=1554780161534 minimap_proj_rev=687223767846 sim_map_proj_rev=3092405454489
2026-05-23T04:28:09.041656Z  INFO visual_diag: VISUAL_DIAG map_presentation frame=63 wp_fit=Contain wp_viewport=UVec2(372, 362) wp_fit_scale=1.10595703125 wp_expected_fit_scale=1.10595703125 wp_zoom=1.0407500267028809 mm_fit=Cover mm_viewport=UVec2(397, 160) mm_fit_scale=1.2409179210662842
2026-05-23T04:28:09.041660Z  INFO visual_diag: VISUAL_DIAG render_spine frame=63 raster_rev=29 repr_band=0 repr_lod="LocalTactical" particle_rows_cap=262144 visual_intent="Strategic" visual_zoom_alpha=0.01843632385134697 fire_particle_rows=0 fire_particle_stamp=64 overlay_rev=2 overlay_chunk_cells=28 graph_fire_inst=0 graph_fire_heat=0 gpu_instance_rows=0 gpu_dispatch=1 gpu_draw=0
2026-05-23T04:28:09.041665Z  INFO visual_diag: VISUAL_DIAG perf frame=63 tile_raster_ms=0.0 tile_raster_ran=false world_repr_ms=0.009700000286102295 projection_graph_ms=0.00020000000949949026 domain_merge_ms=0.00010000000474974513 readiness_ms=0.022300001233816147 cpu_pre_egui_ms=0.0 cpu_egui_ms=0.0 cpu_post_egui_ms=0.0 gpu_gap_ms=0.0
2026-05-23T04:28:09.041668Z  INFO visual_diag: VISUAL_DIAG hud_shell frame=63 cmd_shell=false overlay_tray=false transmission=false
2026-05-23T04:28:09.041687Z  INFO perf: PERF wall=27.70 instr=0.03 gap=27.67 | cpu_pre_egui=25.91 cpu_egui=0.49 cpu_post_egui=1.31 gpu_gap=0.00 | spine=0.00 world_repr=0.01 graph=0.00 merge=0.00 atm=0.00 readiness=0.02 raster=0.00 (idle) | upd_attrib sum=5.81 pv_cpu=0.00 pv_gpu=0.01 fire=0.09 stream=5.58 map_fit=0.00 hud=0.13 wgen=0.00 | budget_sum=4.89 hud=0.13 overlay=0.00 raster_b=4.68 particles=0.00 residency=0.03 tex_reg=0.00 render_x=0.05 | stall first+preupd=0.03 update=0.00 post_dom=0.00 post_vt=0.01 postÔåÆready=0.00 ready=0.07 postÔåÆegui=5.92 egui=0.40 post_egui=1.26 | stall_hits=[after_tile_storage_apply:20.0,pre_egui:5.9]
2026-05-23T04:28:09.041694Z  INFO perf: PERF frame=27.7ms update=25.9ms egui=0.5ms preview=0.0ms streaming=5.6ms tile_apply=0.0ms viewport=0.0ms map_fit=0.0ms repr=0.0ms raster=0.0ms
2026-05-23T04:28:09.041697Z  INFO stall: STALL culprit=after_tile_storage_apply duration=20.0ms frame=27.7ms
2026-05-23T04:28:09.042235Z  INFO viewport_authority: VIEWPORT_AUTHORITY source=ResolvedViewport valid=true min=Vec2(0.0, 0.0) max=Vec2(1280.0, 720.0) w=1280.0 h=720.0
2026-05-23T04:28:09.042264Z  INFO proc_A_dine01::render::viewport_pipeline: resolved viewport=minimap_panel revision=111 logical=(413.1,374.2) physical=413x374
2026-05-23T04:28:09.043294Z  INFO construction_finish_todos: CONSTRUCTION_FINISH_COMPLETE done=8/8
2026-05-23T04:28:09.043302Z  INFO construction_round2_todos: CONSTRUCTION_ROUND2_COMPLETE done=15/15
2026-05-23T04:28:09.043307Z  INFO construction_round3_todos: CONSTRUCTION_ROUND3_COMPLETE done=27/27
2026-05-23T04:28:09.043310Z  INFO construction_operational_todos: CONSTRUCTION_OPERATIONAL_GREEN
2026-05-23T04:28:09.054525Z  INFO stage5_live_todos: STAGE5_MAP_CAMERA_HOOK post_mirror desired_xy=(160.00,160.00) zoom=2.0250 world_main_xy=(160.00,160.00) zoom=2.0250 bridge_drift=0.0000
2026-05-23T04:28:09.058354Z  INFO stage5_live_todos: STAGE5_FIRE_HOOK fire_visual_producer_count=1 (expect 1 for FIRE-01)
2026-05-23T04:28:09.060906Z  INFO stall: STALL after_tile_storage_apply: 18.89ms
2026-05-23T04:28:09.064033Z  INFO stage5_live_todos: STAGE5_SPINE_HOOK policy_present=true graph_present=true fence_committed=true fence_fire_tick=65 world_frame_present=true overlay_rev=2 overlay_chunk_cells=28 atm_partial_dispatch=1 atm_gpu_tex_uploads=0 atm_full_field_fallback=false
2026-05-23T04:28:09.066851Z  INFO industrial_activation_todos: INDUSTRIAL_ACTIVATION_GREEN
2026-05-23T04:28:09.066900Z  INFO stall: STALL pre_egui: 5.99ms
2026-05-23T04:28:09.066907Z  INFO viewport_authority: VIEWPORT_AUTHORITY source=UiMeasured valid=true min=Vec2(0.0, 0.0) max=Vec2(1280.0, 720.0) w=1280.0 h=720.0
2026-05-23T04:28:09.066913Z  INFO viewport_authority::solver: VIEWPORT_SOLVER_TARGET node=SimMapFill valid=true rect.source=SimMapFill w=1280.0 h=720.0
2026-05-23T04:28:09.066916Z  INFO viewport_authority: VIEWPORT_AUTHORITY source=LayoutSolver valid=true min=Vec2(0.0, 0.0) max=Vec2(1280.0, 720.0) w=1280.0 h=720.0
2026-05-23T04:28:09.066919Z  INFO viewport_authority: VIEWPORT_AUTHORITY source=LayoutSolver valid=true min=Vec2(0.0, 0.0) max=Vec2(1280.0, 720.0) w=1280.0 h=720.0
2026-05-23T04:28:09.066922Z  INFO viewport_authority: VIEWPORT_AUTHORITY source=UiCommitted valid=true min=Vec2(0.0, 0.0) max=Vec2(1280.0, 720.0) w=1280.0 h=720.0
2026-05-23T04:28:09.066931Z  INFO viewport_authority: VIEWPORT_AUTHORITY source=CameraApplied valid=true min=Vec2(0.0, 0.0) max=Vec2(1280.0, 720.0) w=1280.0 h=720.0
2026-05-23T04:28:09.066948Z  INFO stage5_live_todos: STAGE5_READINESS_HOOK passes=true violations_first=(none) producer_count=1
2026-05-23T04:28:09.066955Z  INFO visual_aidv2_live_todos: VISUAL_AID_V2_BOARD done=3/6 footprint_ok=false readability=true icons=0
2026-05-23T04:28:09.068127Z  INFO stage5_live_todos: STAGE5_GPU_HOOK indirect_instances=0 dispatch_count=0 draw_instances=0 (PHF-01 alignment)
2026-05-23T04:28:09.068604Z  INFO visual_diag: VISUAL_DIAG window frame=64 periodic=false win_logical=(1280, 720) win_physical=(1280, 720) scale=1.0 app=2 base=2 flow=3 worldgen=5 readiness_profile=Stage5ReadinessProfile { require_vt4: true, require_vt5: true, require_preview: true, require_partial_metrics: true, require_world_frame: true, require_phase_f_proof: true, require_instanced_draw: true }
2026-05-23T04:28:09.068614Z  INFO visual_diag: VISUAL_DIAG sim_viewport frame=64 sim_valid=true sim_adequate=true sim_min=Vec2(0.0, 0.0) sim_max=Vec2(1280.0, 720.0) sim_wh=(1280, 720) measured_valid=true measured_wh=(1280, 720) committed_wh=(1280, 720) sim_held=true settle_streak=4 layout_settled=true frozen=true last_commit="hole_hold" pending_wh=(1280, 720) pending_min=Vec2(0.0, 0.0) pending_max=Vec2(1280.0, 720.0)
2026-05-23T04:28:09.068611Z  INFO sim_view_sync: SIM_VIEW_SYNC frame=64 win_logical=(1280, 720) win_physical=(1280, 720) sim_valid=true sim_adequate=true sim_min=Vec2(0.0, 0.0) sim_max=Vec2(1280.0, 720.0) measured_valid=true measured_wh=Vec2(1280.0, 720.0) committed_wh=Vec2(1280.0, 720.0) sim_wh=Vec2(1280.0, 720.0) settle_streak=4 layout_settled=true sim_held=true last_commit="hole_hold" frozen=true pending_wh=Vec2(1280.0, 720.0) cam_hole=true render_hole=true cam_invalid_streak=0 cam_valid_streak=63 cam_scissor=Some((0, 0, 1280, 720)) ortho_fixed_wh=(632, 356) map_view_px=(1280, 720) raster_rev=29 resolved_rev=111 app=2 base=2 flow=3 worldgen=5 cmd_shell=false overlay_tray=false transmission=false rect_sanity_issues=0 left_stack_collapsed=true map_cam_scale=Vec3(2.0249999, 2.0249999, 2.0249999) minimap_visible=true
2026-05-23T04:28:09.068620Z  INFO visual_diag: VISUAL_DIAG camera frame=64 cam_desired_x=160.0 cam_desired_y=160.0 cam_zoom=2.0249998569488525 latch_hole=true render_hole=true latch_invalid_streak=0 latch_valid_streak=63 cam_scissor=Some((0, 0, 1280, 720)) ortho_fixed_w=632 ortho_fixed_h=356 map_view_px_w=1280 map_view_px_h=720 world_w=320 world_h=320
2026-05-23T04:28:09.068628Z  INFO visual_diag: VISUAL_DIAG resolved_viewports frame=64 resolved_rev=111 primary_valid=true primary_wh=(1280, 720) sim_resolved_valid=true sim_resolved_wh=(1280, 720) preview_valid=true preview_wh=(372, 362) minimap_valid=true minimap_wh=(413, 374) mismatch_preview=false mismatch_minimap=true mismatch_sim_map=false mismatch_stale_tex=false
2026-05-23T04:28:09.070467Z  INFO visual_diag: VISUAL_DIAG map_view_frames frame=64 world_preview_proj_rev=1554780161534 minimap_proj_rev=1606346769206 sim_map_proj_rev=3092405454489
2026-05-23T04:28:09.070475Z  INFO visual_diag: VISUAL_DIAG map_presentation frame=64 wp_fit=Contain wp_viewport=UVec2(372, 362) wp_fit_scale=1.10595703125 wp_expected_fit_scale=1.10595703125 wp_zoom=1.0407500267028809 mm_fit=Cover mm_viewport=UVec2(413, 374) mm_fit_scale=1.2409179210662842
2026-05-23T04:28:09.070481Z  INFO visual_diag: VISUAL_DIAG render_spine frame=64 raster_rev=29 repr_band=0 repr_lod="LocalTactical" particle_rows_cap=262144 visual_intent="Strategic" visual_zoom_alpha=0.01843632385134697 fire_particle_rows=0 fire_particle_stamp=65 overlay_rev=2 overlay_chunk_cells=28 graph_fire_inst=0 graph_fire_heat=0 gpu_instance_rows=0 gpu_dispatch=1 gpu_draw=0
2026-05-23T04:28:09.070486Z  INFO visual_diag: VISUAL_DIAG perf frame=64 tile_raster_ms=0.0 tile_raster_ran=false world_repr_ms=0.009200000204145908 projection_graph_ms=0.00020000000949949026 domain_merge_ms=0.00010000000474974513 readiness_ms=0.01769999973475933 cpu_pre_egui_ms=0.0 cpu_egui_ms=0.0 cpu_post_egui_ms=0.0 gpu_gap_ms=0.0
2026-05-23T04:28:09.070489Z  INFO visual_diag: VISUAL_DIAG hud_shell frame=64 cmd_shell=false overlay_tray=false transmission=false
2026-05-23T04:28:09.070507Z  INFO perf: PERF wall=28.51 instr=0.03 gap=28.48 | cpu_pre_egui=24.91 cpu_egui=0.46 cpu_post_egui=3.14 gpu_gap=0.00 | spine=0.00 world_repr=0.01 graph=0.00 merge=0.00 atm=0.00 readiness=0.02 raster=0.00 (idle) | upd_attrib sum=5.83 pv_cpu=0.00 pv_gpu=0.00 fire=0.09 stream=5.62 map_fit=0.00 hud=0.11 wgen=0.00 | budget_sum=4.88 hud=0.11 overlay=0.00 raster_b=4.68 particles=0.00 residency=0.03 tex_reg=0.00 render_x=0.05 | stall first+preupd=0.03 update=0.00 post_dom=0.00 post_vt=0.01 postÔåÆready=0.00 ready=0.05 postÔåÆegui=5.99 egui=0.39 post_egui=1.24 | stall_hits=[after_tile_storage_apply:18.9,pre_egui:6.0]
2026-05-23T04:28:09.070513Z  INFO perf: PERF frame=28.5ms update=24.9ms egui=0.5ms preview=0.0ms streaming=5.6ms tile_apply=0.0ms viewport=0.0ms map_fit=0.0ms repr=0.0ms raster=0.0ms
2026-05-23T04:28:09.070516Z  INFO stall: STALL culprit=after_tile_storage_apply duration=18.9ms frame=28.5ms
2026-05-23T04:28:09.071119Z  INFO viewport_authority: VIEWPORT_AUTHORITY source=ResolvedViewport valid=true min=Vec2(0.0, 0.0) max=Vec2(1280.0, 720.0) w=1280.0 h=720.0
2026-05-23T04:28:09.071148Z  INFO proc_A_dine01::render::viewport_pipeline: resolved viewport=minimap_panel revision=112 logical=(397.1,160.0) physical=397x160
2026-05-23T04:28:09.072108Z  INFO construction_finish_todos: CONSTRUCTION_FINISH_COMPLETE done=8/8
2026-05-23T04:28:09.072119Z  INFO construction_round2_todos: CONSTRUCTION_ROUND2_COMPLETE done=15/15
2026-05-23T04:28:09.072123Z  INFO construction_round3_todos: CONSTRUCTION_ROUND3_COMPLETE done=27/27
2026-05-23T04:28:09.072126Z  INFO construction_operational_todos: CONSTRUCTION_OPERATIONAL_GREEN
2026-05-23T04:28:09.083355Z  INFO stage5_live_todos: STAGE5_MAP_CAMERA_HOOK post_mirror desired_xy=(160.00,160.00) zoom=2.0250 world_main_xy=(160.00,160.00) zoom=2.0250 bridge_drift=0.0000
2026-05-23T04:28:09.087165Z  INFO stage5_live_todos: STAGE5_FIRE_HOOK fire_visual_producer_count=1 (expect 1 for FIRE-01)
2026-05-23T04:28:09.089767Z  INFO stall: STALL after_tile_storage_apply: 18.86ms
2026-05-23T04:28:09.092842Z  INFO stage5_live_todos: STAGE5_SPINE_HOOK policy_present=true graph_present=true fence_committed=true fence_fire_tick=66 world_frame_present=true overlay_rev=2 overlay_chunk_cells=28 atm_partial_dispatch=1 atm_gpu_tex_uploads=0 atm_full_field_fallback=false
2026-05-23T04:28:09.095510Z  INFO industrial_activation_todos: INDUSTRIAL_ACTIVATION_GREEN
2026-05-23T04:28:09.095560Z  INFO stall: STALL pre_egui: 5.79ms
2026-05-23T04:28:09.095558Z  INFO viewport_authority: VIEWPORT_AUTHORITY source=UiMeasured valid=true min=Vec2(0.0, 0.0) max=Vec2(1280.0, 720.0) w=1280.0 h=720.0
2026-05-23T04:28:09.095570Z  INFO viewport_authority::solver: VIEWPORT_SOLVER_TARGET node=SimMapFill valid=true rect.source=SimMapFill w=1280.0 h=720.0
2026-05-23T04:28:09.095573Z  INFO viewport_authority: VIEWPORT_AUTHORITY source=LayoutSolver valid=true min=Vec2(0.0, 0.0) max=Vec2(1280.0, 720.0) w=1280.0 h=720.0
2026-05-23T04:28:09.095576Z  INFO viewport_authority: VIEWPORT_AUTHORITY source=LayoutSolver valid=true min=Vec2(0.0, 0.0) max=Vec2(1280.0, 720.0) w=1280.0 h=720.0
2026-05-23T04:28:09.095579Z  INFO viewport_authority: VIEWPORT_AUTHORITY source=UiCommitted valid=true min=Vec2(0.0, 0.0) max=Vec2(1280.0, 720.0) w=1280.0 h=720.0
2026-05-23T04:28:09.095590Z  INFO viewport_authority: VIEWPORT_AUTHORITY source=CameraApplied valid=true min=Vec2(0.0, 0.0) max=Vec2(1280.0, 720.0) w=1280.0 h=720.0
2026-05-23T04:28:09.095607Z  INFO stage5_live_todos: STAGE5_READINESS_HOOK passes=true violations_first=(none) producer_count=1
2026-05-23T04:28:09.095616Z  INFO visual_aidv2_live_todos: VISUAL_AID_V2_BOARD done=3/6 footprint_ok=false readability=true icons=0
2026-05-23T04:28:09.096794Z  INFO stage5_live_todos: STAGE5_GPU_HOOK indirect_instances=0 dispatch_count=0 draw_instances=0 (PHF-01 alignment)
2026-05-23T04:28:09.097278Z  INFO visual_diag: VISUAL_DIAG window frame=65 periodic=false win_logical=(1280, 720) win_physical=(1280, 720) scale=1.0 app=2 base=2 flow=3 worldgen=5 readiness_profile=Stage5ReadinessProfile { require_vt4: true, require_vt5: true, require_preview: true, require_partial_metrics: true, require_world_frame: true, require_phase_f_proof: true, require_instanced_draw: true }
2026-05-23T04:28:09.097283Z  INFO sim_view_sync: SIM_VIEW_SYNC frame=65 win_logical=(1280, 720) win_physical=(1280, 720) sim_valid=true sim_adequate=true sim_min=Vec2(0.0, 0.0) sim_max=Vec2(1280.0, 720.0) measured_valid=true measured_wh=Vec2(1280.0, 720.0) committed_wh=Vec2(1280.0, 720.0) sim_wh=Vec2(1280.0, 720.0) settle_streak=4 layout_settled=true sim_held=true last_commit="hole_hold" frozen=true pending_wh=Vec2(1280.0, 720.0) cam_hole=true render_hole=true cam_invalid_streak=0 cam_valid_streak=64 cam_scissor=Some((0, 0, 1280, 720)) ortho_fixed_wh=(632, 356) map_view_px=(1280, 720) raster_rev=29 resolved_rev=112 app=2 base=2 flow=3 worldgen=5 cmd_shell=false overlay_tray=false transmission=false rect_sanity_issues=0 left_stack_collapsed=true map_cam_scale=Vec3(2.0249999, 2.0249999, 2.0249999) minimap_visible=true
2026-05-23T04:28:09.097289Z  INFO visual_diag: VISUAL_DIAG sim_viewport frame=65 sim_valid=true sim_adequate=true sim_min=Vec2(0.0, 0.0) sim_max=Vec2(1280.0, 720.0) sim_wh=(1280, 720) measured_valid=true measured_wh=(1280, 720) committed_wh=(1280, 720) sim_held=true settle_streak=4 layout_settled=true frozen=true last_commit="hole_hold" pending_wh=(1280, 720) pending_min=Vec2(0.0, 0.0) pending_max=Vec2(1280.0, 720.0)
2026-05-23T04:28:09.097305Z  INFO visual_diag: VISUAL_DIAG camera frame=65 cam_desired_x=160.0 cam_desired_y=160.0 cam_zoom=2.0249998569488525 latch_hole=true render_hole=true latch_invalid_streak=0 latch_valid_streak=64 cam_scissor=Some((0, 0, 1280, 720)) ortho_fixed_w=632 ortho_fixed_h=356 map_view_px_w=1280 map_view_px_h=720 world_w=320 world_h=320
2026-05-23T04:28:09.097312Z  INFO visual_diag: VISUAL_DIAG resolved_viewports frame=65 resolved_rev=112 primary_valid=true primary_wh=(1280, 720) sim_resolved_valid=true sim_resolved_wh=(1280, 720) preview_valid=true preview_wh=(372, 362) minimap_valid=true minimap_wh=(397, 160) mismatch_preview=false mismatch_minimap=true mismatch_sim_map=false mismatch_stale_tex=false
2026-05-23T04:28:09.097317Z  INFO visual_diag: VISUAL_DIAG map_view_frames frame=65 world_preview_proj_rev=1554780161534 minimap_proj_rev=687223767846 sim_map_proj_rev=3092405454489
2026-05-23T04:28:09.097319Z  INFO visual_diag: VISUAL_DIAG map_presentation frame=65 wp_fit=Contain wp_viewport=UVec2(372, 362) wp_fit_scale=1.10595703125 wp_expected_fit_scale=1.10595703125 wp_zoom=1.0407500267028809 mm_fit=Cover mm_viewport=UVec2(397, 160) mm_fit_scale=1.2409179210662842
2026-05-23T04:28:09.097325Z  INFO visual_diag: VISUAL_DIAG render_spine frame=65 raster_rev=29 repr_band=0 repr_lod="LocalTactical" particle_rows_cap=262144 visual_intent="Strategic" visual_zoom_alpha=0.01843632385134697 fire_particle_rows=0 fire_particle_stamp=66 overlay_rev=2 overlay_chunk_cells=28 graph_fire_inst=0 graph_fire_heat=0 gpu_instance_rows=0 gpu_dispatch=1 gpu_draw=0
2026-05-23T04:28:09.097328Z  INFO visual_diag: VISUAL_DIAG perf frame=65 tile_raster_ms=0.0 tile_raster_ran=false world_repr_ms=0.008799999952316284 projection_graph_ms=0.00020000000949949026 domain_merge_ms=0.00010000000474974513 readiness_ms=0.022199999541044235 cpu_pre_egui_ms=0.0 cpu_egui_ms=0.0 cpu_post_egui_ms=0.0 gpu_gap_ms=0.0
2026-05-23T04:28:09.097332Z  INFO visual_diag: VISUAL_DIAG hud_shell frame=65 cmd_shell=false overlay_tray=false transmission=false
2026-05-23T04:28:09.097353Z  INFO perf: PERF wall=26.47 instr=0.03 gap=26.44 | cpu_pre_egui=24.69 cpu_egui=0.48 cpu_post_egui=1.31 gpu_gap=0.00 | spine=0.00 world_repr=0.01 graph=0.00 merge=0.00 atm=0.00 readiness=0.02 raster=0.00 (idle) | upd_attrib sum=5.82 pv_cpu=0.00 pv_gpu=0.00 fire=0.09 stream=5.63 map_fit=0.00 hud=0.11 wgen=0.00 | budget_sum=4.87 hud=0.11 overlay=0.00 raster_b=4.68 particles=0.00 residency=0.03 tex_reg=0.00 render_x=0.05 | stall first+preupd=0.04 update=0.00 post_dom=0.00 post_vt=0.01 postÔåÆready=0.00 ready=0.06 postÔåÆegui=5.79 egui=0.40 post_egui=1.24 | stall_hits=[after_tile_storage_apply:18.9,pre_egui:5.8]
2026-05-23T04:28:09.097363Z  INFO perf: PERF frame=26.5ms update=24.7ms egui=0.5ms preview=0.0ms streaming=5.6ms tile_apply=0.0ms viewport=0.0ms map_fit=0.0ms repr=0.0ms raster=0.0ms
2026-05-23T04:28:09.097366Z  INFO stall: STALL culprit=after_tile_storage_apply duration=18.9ms frame=26.5ms
2026-05-23T04:28:09.097824Z  INFO viewport_authority: VIEWPORT_AUTHORITY source=ResolvedViewport valid=true min=Vec2(0.0, 0.0) max=Vec2(1280.0, 720.0) w=1280.0 h=720.0
2026-05-23T04:28:09.098765Z  INFO construction_finish_todos: CONSTRUCTION_FINISH_COMPLETE done=8/8
2026-05-23T04:28:09.098774Z  INFO construction_round2_todos: CONSTRUCTION_ROUND2_COMPLETE done=15/15
2026-05-23T04:28:09.098777Z  INFO construction_round3_todos: CONSTRUCTION_ROUND3_COMPLETE done=27/27
2026-05-23T04:28:09.098780Z  INFO construction_operational_todos: CONSTRUCTION_OPERATIONAL_GREEN
2026-05-23T04:28:09.108764Z  INFO stage5_live_todos: STAGE5_MAP_CAMERA_HOOK post_mirror desired_xy=(160.00,160.00) zoom=2.0250 world_main_xy=(160.00,160.00) zoom=2.0250 bridge_drift=0.0000
2026-05-23T04:28:09.112512Z  INFO stage5_live_todos: STAGE5_FIRE_HOOK fire_visual_producer_count=1 (expect 1 for FIRE-01)
2026-05-23T04:28:09.115069Z  INFO stall: STALL after_tile_storage_apply: 17.45ms
2026-05-23T04:28:09.118147Z  INFO stage5_live_todos: STAGE5_SPINE_HOOK policy_present=true graph_present=true fence_committed=true fence_fire_tick=67 world_frame_present=true overlay_rev=2 overlay_chunk_cells=28 atm_partial_dispatch=1 atm_gpu_tex_uploads=0 atm_full_field_fallback=false
2026-05-23T04:28:09.120776Z  INFO industrial_activation_todos: INDUSTRIAL_ACTIVATION_GREEN
2026-05-23T04:28:09.120815Z  INFO stall: STALL pre_egui: 5.75ms
2026-05-23T04:28:09.120825Z  INFO viewport_authority: VIEWPORT_AUTHORITY source=UiMeasured valid=true min=Vec2(0.0, 0.0) max=Vec2(1280.0, 720.0) w=1280.0 h=720.0
2026-05-23T04:28:09.120829Z  INFO viewport_authority::solver: VIEWPORT_SOLVER_TARGET node=SimMapFill valid=true rect.source=SimMapFill w=1280.0 h=720.0
2026-05-23T04:28:09.120832Z  INFO viewport_authority: VIEWPORT_AUTHORITY source=LayoutSolver valid=true min=Vec2(0.0, 0.0) max=Vec2(1280.0, 720.0) w=1280.0 h=720.0
2026-05-23T04:28:09.120835Z  INFO viewport_authority: VIEWPORT_AUTHORITY source=LayoutSolver valid=true min=Vec2(0.0, 0.0) max=Vec2(1280.0, 720.0) w=1280.0 h=720.0
2026-05-23T04:28:09.120837Z  INFO viewport_authority: VIEWPORT_AUTHORITY source=UiCommitted valid=true min=Vec2(0.0, 0.0) max=Vec2(1280.0, 720.0) w=1280.0 h=720.0
2026-05-23T04:28:09.120845Z  INFO viewport_authority: VIEWPORT_AUTHORITY source=CameraApplied valid=true min=Vec2(0.0, 0.0) max=Vec2(1280.0, 720.0) w=1280.0 h=720.0
2026-05-23T04:28:09.120861Z  INFO stage5_live_todos: STAGE5_READINESS_HOOK passes=true violations_first=(none) producer_count=1
2026-05-23T04:28:09.120868Z  INFO visual_aidv2_live_todos: VISUAL_AID_V2_BOARD done=3/6 footprint_ok=false readability=true icons=0
2026-05-23T04:28:09.121983Z  INFO stage5_live_todos: STAGE5_GPU_HOOK indirect_instances=0 dispatch_count=0 draw_instances=0 (PHF-01 alignment)
2026-05-23T04:28:09.122459Z  INFO visual_diag: VISUAL_DIAG window frame=66 periodic=false win_logical=(1280, 720) win_physical=(1280, 720) scale=1.0 app=2 base=2 flow=3 worldgen=5 readiness_profile=Stage5ReadinessProfile { require_vt4: true, require_vt5: true, require_preview: true, require_partial_metrics: true, require_world_frame: true, require_phase_f_proof: true, require_instanced_draw: true }
2026-05-23T04:28:09.122469Z  INFO visual_diag: VISUAL_DIAG sim_viewport frame=66 sim_valid=true sim_adequate=true sim_min=Vec2(0.0, 0.0) sim_max=Vec2(1280.0, 720.0) sim_wh=(1280, 720) measured_valid=true measured_wh=(1280, 720) committed_wh=(1280, 720) sim_held=true settle_streak=4 layout_settled=true frozen=true last_commit="hole_hold" pending_wh=(1280, 720) pending_min=Vec2(0.0, 0.0) pending_max=Vec2(1280.0, 720.0)
2026-05-23T04:28:09.122474Z  INFO visual_diag: VISUAL_DIAG camera frame=66 cam_desired_x=160.0 cam_desired_y=160.0 cam_zoom=2.0249998569488525 latch_hole=true render_hole=true latch_invalid_streak=0 latch_valid_streak=65 cam_scissor=Some((0, 0, 1280, 720)) ortho_fixed_w=632 ortho_fixed_h=356 map_view_px_w=1280 map_view_px_h=720 world_w=320 world_h=320
2026-05-23T04:28:09.122478Z  INFO visual_diag: VISUAL_DIAG resolved_viewports frame=66 resolved_rev=112 primary_valid=true primary_wh=(1280, 720) sim_resolved_valid=true sim_resolved_wh=(1280, 720) preview_valid=true preview_wh=(372, 362) minimap_valid=true minimap_wh=(397, 160) mismatch_preview=false mismatch_minimap=false mismatch_sim_map=false mismatch_stale_tex=false
2026-05-23T04:28:09.122482Z  INFO visual_diag: VISUAL_DIAG map_view_frames frame=66 world_preview_proj_rev=1554780161534 minimap_proj_rev=687223767846 sim_map_proj_rev=3092405454489
2026-05-23T04:28:09.122484Z  INFO visual_diag: VISUAL_DIAG map_presentation frame=66 wp_fit=Contain wp_viewport=UVec2(372, 362) wp_fit_scale=1.10595703125 wp_expected_fit_scale=1.10595703125 wp_zoom=1.0407500267028809 mm_fit=Cover mm_viewport=UVec2(397, 160) mm_fit_scale=1.2409179210662842
2026-05-23T04:28:09.122489Z  INFO visual_diag: VISUAL_DIAG render_spine frame=66 raster_rev=29 repr_band=0 repr_lod="LocalTactical" particle_rows_cap=262144 visual_intent="Strategic" visual_zoom_alpha=0.01843632385134697 fire_particle_rows=0 fire_particle_stamp=67 overlay_rev=2 overlay_chunk_cells=28 graph_fire_inst=0 graph_fire_heat=0 gpu_instance_rows=0 gpu_dispatch=1 gpu_draw=0
2026-05-23T04:28:09.122492Z  INFO visual_diag: VISUAL_DIAG perf frame=66 tile_raster_ms=0.0 tile_raster_ran=false world_repr_ms=0.009600000455975533 projection_graph_ms=0.00010000000474974513 domain_merge_ms=0.0 readiness_ms=0.01720000058412552 cpu_pre_egui_ms=0.0 cpu_egui_ms=0.0 cpu_post_egui_ms=0.0 gpu_gap_ms=0.0
2026-05-23T04:28:09.122495Z  INFO visual_diag: VISUAL_DIAG hud_shell frame=66 cmd_shell=false overlay_tray=false transmission=false
2026-05-23T04:28:09.122514Z  INFO perf: PERF wall=24.92 instr=0.03 gap=24.89 | cpu_pre_egui=23.24 cpu_egui=0.41 cpu_post_egui=1.27 gpu_gap=0.00 | spine=0.00 world_repr=0.01 graph=0.00 merge=0.00 atm=0.00 readiness=0.02 raster=0.00 (idle) | upd_attrib sum=5.79 pv_cpu=0.00 pv_gpu=0.01 fire=0.09 stream=5.59 map_fit=0.00 hud=0.10 wgen=0.00 | budget_sum=4.86 hud=0.10 overlay=0.00 raster_b=4.68 particles=0.00 residency=0.03 tex_reg=0.00 render_x=0.05 | stall first+preupd=0.02 update=0.00 post_dom=0.01 post_vt=0.01 postÔåÆready=0.00 ready=0.04 postÔåÆegui=5.75 egui=0.36 post_egui=1.22 | stall_hits=[after_tile_storage_apply:17.5,pre_egui:5.7]
2026-05-23T04:28:09.122523Z  INFO perf: PERF frame=24.9ms update=23.2ms egui=0.4ms preview=0.0ms streaming=5.6ms tile_apply=0.0ms viewport=0.0ms map_fit=0.0ms repr=0.0ms raster=0.0ms
2026-05-23T04:28:09.122527Z  INFO stall: STALL culprit=after_tile_storage_apply duration=17.5ms frame=24.9ms
2026-05-23T04:28:09.122935Z  INFO viewport_authority: VIEWPORT_AUTHORITY source=ResolvedViewport valid=true min=Vec2(0.0, 0.0) max=Vec2(1280.0, 720.0) w=1280.0 h=720.0
2026-05-23T04:28:09.123967Z  INFO construction_finish_todos: CONSTRUCTION_FINISH_COMPLETE done=8/8
2026-05-23T04:28:09.123976Z  INFO construction_round2_todos: CONSTRUCTION_ROUND2_COMPLETE done=15/15
2026-05-23T04:28:09.123980Z  INFO construction_round3_todos: CONSTRUCTION_ROUND3_COMPLETE done=27/27
2026-05-23T04:28:09.123983Z  INFO construction_operational_todos: CONSTRUCTION_OPERATIONAL_GREEN
2026-05-23T04:28:09.133750Z  INFO stage5_live_todos: STAGE5_MAP_CAMERA_HOOK post_mirror desired_xy=(160.00,160.00) zoom=2.0250 world_main_xy=(160.00,160.00) zoom=2.0250 bridge_drift=0.0000
2026-05-23T04:28:09.137438Z  INFO stage5_live_todos: STAGE5_FIRE_HOOK fire_visual_producer_count=1 (expect 1 for FIRE-01)
2026-05-23T04:28:09.140007Z  INFO stall: STALL after_tile_storage_apply: 17.25ms
2026-05-23T04:28:09.143121Z  INFO stage5_live_todos: STAGE5_SPINE_HOOK policy_present=true graph_present=true fence_committed=true fence_fire_tick=68 world_frame_present=true overlay_rev=2 overlay_chunk_cells=28 atm_partial_dispatch=1 atm_gpu_tex_uploads=0 atm_full_field_fallback=false
2026-05-23T04:28:09.145780Z  INFO industrial_activation_todos: INDUSTRIAL_ACTIVATION_GREEN
2026-05-23T04:28:09.145824Z  INFO stall: STALL pre_egui: 5.82ms
2026-05-23T04:28:09.145831Z  INFO viewport_authority: VIEWPORT_AUTHORITY source=UiMeasured valid=true min=Vec2(0.0, 0.0) max=Vec2(1280.0, 720.0) w=1280.0 h=720.0
2026-05-23T04:28:09.145839Z  INFO viewport_authority::solver: VIEWPORT_SOLVER_TARGET node=SimMapFill valid=true rect.source=SimMapFill w=1280.0 h=720.0
2026-05-23T04:28:09.145842Z  INFO viewport_authority: VIEWPORT_AUTHORITY source=LayoutSolver valid=true min=Vec2(0.0, 0.0) max=Vec2(1280.0, 720.0) w=1280.0 h=720.0
2026-05-23T04:28:09.145845Z  INFO viewport_authority: VIEWPORT_AUTHORITY source=LayoutSolver valid=true min=Vec2(0.0, 0.0) max=Vec2(1280.0, 720.0) w=1280.0 h=720.0
2026-05-23T04:28:09.145848Z  INFO viewport_authority: VIEWPORT_AUTHORITY source=UiCommitted valid=true min=Vec2(0.0, 0.0) max=Vec2(1280.0, 720.0) w=1280.0 h=720.0
2026-05-23T04:28:09.145859Z  INFO viewport_authority: VIEWPORT_AUTHORITY source=CameraApplied valid=true min=Vec2(0.0, 0.0) max=Vec2(1280.0, 720.0) w=1280.0 h=720.0
2026-05-23T04:28:09.145881Z  INFO stage5_live_todos: STAGE5_READINESS_HOOK passes=true violations_first=(none) producer_count=1
2026-05-23T04:28:09.145887Z  INFO visual_aidv2_live_todos: VISUAL_AID_V2_BOARD done=3/6 footprint_ok=false readability=true icons=0
2026-05-23T04:28:09.147031Z  INFO stage5_live_todos: STAGE5_GPU_HOOK indirect_instances=0 dispatch_count=0 draw_instances=0 (PHF-01 alignment)
2026-05-23T04:28:09.147503Z  INFO visual_diag: VISUAL_DIAG window frame=67 periodic=false win_logical=(1280, 720) win_physical=(1280, 720) scale=1.0 app=2 base=2 flow=3 worldgen=5 readiness_profile=Stage5ReadinessProfile { require_vt4: true, require_vt5: true, require_preview: true, require_partial_metrics: true, require_world_frame: true, require_phase_f_proof: true, require_instanced_draw: true }
2026-05-23T04:28:09.147513Z  INFO visual_diag: VISUAL_DIAG sim_viewport frame=67 sim_valid=true sim_adequate=true sim_min=Vec2(0.0, 0.0) sim_max=Vec2(1280.0, 720.0) sim_wh=(1280, 720) measured_valid=true measured_wh=(1280, 720) committed_wh=(1280, 720) sim_held=true settle_streak=4 layout_settled=true frozen=true last_commit="hole_hold" pending_wh=(1280, 720) pending_min=Vec2(0.0, 0.0) pending_max=Vec2(1280.0, 720.0)
2026-05-23T04:28:09.147519Z  INFO visual_diag: VISUAL_DIAG camera frame=67 cam_desired_x=160.0 cam_desired_y=160.0 cam_zoom=2.0249998569488525 latch_hole=true render_hole=true latch_invalid_streak=0 latch_valid_streak=66 cam_scissor=Some((0, 0, 1280, 720)) ortho_fixed_w=632 ortho_fixed_h=356 map_view_px_w=1280 map_view_px_h=720 world_w=320 world_h=320
2026-05-23T04:28:09.147523Z  INFO visual_diag: VISUAL_DIAG resolved_viewports frame=67 resolved_rev=112 primary_valid=true primary_wh=(1280, 720) sim_resolved_valid=true sim_resolved_wh=(1280, 720) preview_valid=true preview_wh=(372, 362) minimap_valid=true minimap_wh=(397, 160) mismatch_preview=false mismatch_minimap=false mismatch_sim_map=false mismatch_stale_tex=false
2026-05-23T04:28:09.147527Z  INFO visual_diag: VISUAL_DIAG map_view_frames frame=67 world_preview_proj_rev=1554780161534 minimap_proj_rev=687223767846 sim_map_proj_rev=3092405454489
2026-05-23T04:28:09.147529Z  INFO visual_diag: VISUAL_DIAG map_presentation frame=67 wp_fit=Contain wp_viewport=UVec2(372, 362) wp_fit_scale=1.10595703125 wp_expected_fit_scale=1.10595703125 wp_zoom=1.0407500267028809 mm_fit=Cover mm_viewport=UVec2(397, 160) mm_fit_scale=1.2409179210662842
2026-05-23T04:28:09.147533Z  INFO visual_diag: VISUAL_DIAG render_spine frame=67 raster_rev=29 repr_band=0 repr_lod="LocalTactical" particle_rows_cap=262144 visual_intent="Strategic" visual_zoom_alpha=0.01843632385134697 fire_particle_rows=0 fire_particle_stamp=68 overlay_rev=2 overlay_chunk_cells=28 graph_fire_inst=0 graph_fire_heat=0 gpu_instance_rows=0 gpu_dispatch=1 gpu_draw=0
2026-05-23T04:28:09.147539Z  INFO visual_diag: VISUAL_DIAG perf frame=67 tile_raster_ms=0.0 tile_raster_ran=false world_repr_ms=0.008500000461935997 projection_graph_ms=0.00020000000949949026 domain_merge_ms=0.00010000000474974513 readiness_ms=0.01640000008046627 cpu_pre_egui_ms=0.0 cpu_egui_ms=0.0 cpu_post_egui_ms=0.0 gpu_gap_ms=0.0
2026-05-23T04:28:09.147542Z  INFO visual_diag: VISUAL_DIAG hud_shell frame=67 cmd_shell=false overlay_tray=false transmission=false
2026-05-23T04:28:09.147561Z  INFO perf: PERF wall=24.82 instr=0.03 gap=24.79 | cpu_pre_egui=23.10 cpu_egui=0.41 cpu_post_egui=1.30 gpu_gap=0.00 | spine=0.00 world_repr=0.01 graph=0.00 merge=0.00 atm=0.00 readiness=0.02 raster=0.00 (idle) | upd_attrib sum=5.82 pv_cpu=0.00 pv_gpu=0.00 fire=0.09 stream=5.63 map_fit=0.00 hud=0.10 wgen=0.00 | budget_sum=4.86 hud=0.10 overlay=0.00 raster_b=4.68 particles=0.00 residency=0.03 tex_reg=0.00 render_x=0.05 | stall first+preupd=0.02 update=0.00 post_dom=0.00 post_vt=0.01 postÔåÆready=0.00 ready=0.05 postÔåÆegui=5.82 egui=0.35 post_egui=1.26 | stall_hits=[after_tile_storage_apply:17.3,pre_egui:5.8]
2026-05-23T04:28:09.147574Z  INFO perf: PERF frame=24.8ms update=23.1ms egui=0.4ms preview=0.0ms streaming=5.6ms tile_apply=0.0ms viewport=0.0ms map_fit=0.0ms repr=0.0ms raster=0.0ms
2026-05-23T04:28:09.147578Z  INFO stall: STALL culprit=after_tile_storage_apply duration=17.3ms frame=24.8ms
2026-05-23T04:28:09.148109Z  INFO viewport_authority: VIEWPORT_AUTHORITY source=ResolvedViewport valid=true min=Vec2(0.0, 0.0) max=Vec2(1280.0, 720.0) w=1280.0 h=720.0
2026-05-23T04:28:09.149129Z  INFO construction_finish_todos: CONSTRUCTION_FINISH_COMPLETE done=8/8
2026-05-23T04:28:09.149139Z  INFO construction_round2_todos: CONSTRUCTION_ROUND2_COMPLETE done=15/15
2026-05-23T04:28:09.149143Z  INFO construction_round3_todos: CONSTRUCTION_ROUND3_COMPLETE done=27/27
2026-05-23T04:28:09.149148Z  INFO construction_operational_todos: CONSTRUCTION_OPERATIONAL_GREEN
2026-05-23T04:28:09.160283Z  INFO stage5_live_todos: STAGE5_MAP_CAMERA_HOOK post_mirror desired_xy=(160.00,160.00) zoom=2.0250 world_main_xy=(160.00,160.00) zoom=2.0250 bridge_drift=0.0000
2026-05-23T04:28:09.164045Z  INFO stage5_live_todos: STAGE5_FIRE_HOOK fire_visual_producer_count=1 (expect 1 for FIRE-01)
2026-05-23T04:28:09.166580Z  INFO stall: STALL after_tile_storage_apply: 18.74ms
2026-05-23T04:28:09.169639Z  INFO stage5_live_todos: STAGE5_SPINE_HOOK policy_present=true graph_present=true fence_committed=true fence_fire_tick=69 world_frame_present=true overlay_rev=2 overlay_chunk_cells=28 atm_partial_dispatch=1 atm_gpu_tex_uploads=0 atm_full_field_fallback=false
2026-05-23T04:28:09.172289Z  INFO industrial_activation_todos: INDUSTRIAL_ACTIVATION_GREEN
2026-05-23T04:28:09.172337Z  INFO stall: STALL pre_egui: 5.76ms
2026-05-23T04:28:09.172346Z  INFO viewport_authority: VIEWPORT_AUTHORITY source=UiMeasured valid=true min=Vec2(0.0, 0.0) max=Vec2(1280.0, 720.0) w=1280.0 h=720.0
2026-05-23T04:28:09.172355Z  INFO viewport_authority::solver: VIEWPORT_SOLVER_TARGET node=SimMapFill valid=true rect.source=SimMapFill w=1280.0 h=720.0
2026-05-23T04:28:09.172358Z  INFO viewport_authority: VIEWPORT_AUTHORITY source=LayoutSolver valid=true min=Vec2(0.0, 0.0) max=Vec2(1280.0, 720.0) w=1280.0 h=720.0
2026-05-23T04:28:09.172362Z  INFO viewport_authority: VIEWPORT_AUTHORITY source=LayoutSolver valid=true min=Vec2(0.0, 0.0) max=Vec2(1280.0, 720.0) w=1280.0 h=720.0
2026-05-23T04:28:09.172365Z  INFO viewport_authority: VIEWPORT_AUTHORITY source=UiCommitted valid=true min=Vec2(0.0, 0.0) max=Vec2(1280.0, 720.0) w=1280.0 h=720.0
2026-05-23T04:28:09.172376Z  INFO viewport_authority: VIEWPORT_AUTHORITY source=CameraApplied valid=true min=Vec2(0.0, 0.0) max=Vec2(1280.0, 720.0) w=1280.0 h=720.0
2026-05-23T04:28:09.172395Z  INFO stage5_live_todos: STAGE5_READINESS_HOOK passes=true violations_first=(none) producer_count=1
2026-05-23T04:28:09.172404Z  INFO visual_aidv2_live_todos: VISUAL_AID_V2_BOARD done=3/6 footprint_ok=false readability=true icons=0
2026-05-23T04:28:09.173553Z  INFO stage5_live_todos: STAGE5_GPU_HOOK indirect_instances=0 dispatch_count=0 draw_instances=0 (PHF-01 alignment)
2026-05-23T04:28:09.174050Z  INFO visual_diag: VISUAL_DIAG window frame=68 periodic=false win_logical=(1280, 720) win_physical=(1280, 720) scale=1.0 app=2 base=2 flow=3 worldgen=5 readiness_profile=Stage5ReadinessProfile { require_vt4: true, require_vt5: true, require_preview: true, require_partial_metrics: true, require_world_frame: true, require_phase_f_proof: true, require_instanced_draw: true }
2026-05-23T04:28:09.174060Z  INFO visual_diag: VISUAL_DIAG sim_viewport frame=68 sim_valid=true sim_adequate=true sim_min=Vec2(0.0, 0.0) sim_max=Vec2(1280.0, 720.0) sim_wh=(1280, 720) measured_valid=true measured_wh=(1280, 720) committed_wh=(1280, 720) sim_held=true settle_streak=4 layout_settled=true frozen=true last_commit="hole_hold" pending_wh=(1280, 720) pending_min=Vec2(0.0, 0.0) pending_max=Vec2(1280.0, 720.0)
2026-05-23T04:28:09.174066Z  INFO visual_diag: VISUAL_DIAG camera frame=68 cam_desired_x=160.0 cam_desired_y=160.0 cam_zoom=2.0249998569488525 latch_hole=true render_hole=true latch_invalid_streak=0 latch_valid_streak=67 cam_scissor=Some((0, 0, 1280, 720)) ortho_fixed_w=632 ortho_fixed_h=356 map_view_px_w=1280 map_view_px_h=720 world_w=320 world_h=320
2026-05-23T04:28:09.174070Z  INFO visual_diag: VISUAL_DIAG resolved_viewports frame=68 resolved_rev=112 primary_valid=true primary_wh=(1280, 720) sim_resolved_valid=true sim_resolved_wh=(1280, 720) preview_valid=true preview_wh=(372, 362) minimap_valid=true minimap_wh=(397, 160) mismatch_preview=false mismatch_minimap=false mismatch_sim_map=false mismatch_stale_tex=false
2026-05-23T04:28:09.174074Z  INFO visual_diag: VISUAL_DIAG map_view_frames frame=68 world_preview_proj_rev=1554780161534 minimap_proj_rev=687223767846 sim_map_proj_rev=3092405454489
2026-05-23T04:28:09.174076Z  INFO visual_diag: VISUAL_DIAG map_presentation frame=68 wp_fit=Contain wp_viewport=UVec2(372, 362) wp_fit_scale=1.10595703125 wp_expected_fit_scale=1.10595703125 wp_zoom=1.0407500267028809 mm_fit=Cover mm_viewport=UVec2(397, 160) mm_fit_scale=1.2409179210662842
2026-05-23T04:28:09.174081Z  INFO visual_diag: VISUAL_DIAG render_spine frame=68 raster_rev=29 repr_band=0 repr_lod="LocalTactical" particle_rows_cap=262144 visual_intent="Strategic" visual_zoom_alpha=0.01843632385134697 fire_particle_rows=0 fire_particle_stamp=69 overlay_rev=2 overlay_chunk_cells=28 graph_fire_inst=0 graph_fire_heat=0 gpu_instance_rows=0 gpu_dispatch=1 gpu_draw=0
2026-05-23T04:28:09.174085Z  INFO visual_diag: VISUAL_DIAG perf frame=68 tile_raster_ms=0.0 tile_raster_ran=false world_repr_ms=0.008899999782443047 projection_graph_ms=0.0005000000237487257 domain_merge_ms=0.0 readiness_ms=0.021900000050663948 cpu_pre_egui_ms=0.0 cpu_egui_ms=0.0 cpu_post_egui_ms=0.0 gpu_gap_ms=0.0
2026-05-23T04:28:09.174088Z  INFO visual_diag: VISUAL_DIAG hud_shell frame=68 cmd_shell=false overlay_tray=false transmission=false
2026-05-23T04:28:09.174104Z  INFO perf: PERF wall=26.29 instr=0.03 gap=26.26 | cpu_pre_egui=24.54 cpu_egui=0.44 cpu_post_egui=1.31 gpu_gap=0.00 | spine=0.00 world_repr=0.01 graph=0.00 merge=0.00 atm=0.00 readiness=0.02 raster=0.00 (idle) | upd_attrib sum=5.75 pv_cpu=0.00 pv_gpu=0.01 fire=0.09 stream=5.54 map_fit=0.00 hud=0.11 wgen=0.00 | budget_sum=4.87 hud=0.11 overlay=0.00 raster_b=4.68 particles=0.00 residency=0.03 tex_reg=0.00 render_x=0.05 | stall first+preupd=0.03 update=0.00 post_dom=0.00 post_vt=0.01 postÔåÆready=0.00 ready=0.06 postÔåÆegui=5.76 egui=0.37 post_egui=1.26 | stall_hits=[after_tile_storage_apply:18.7,pre_egui:5.8]
2026-05-23T04:28:09.174110Z  INFO perf: PERF frame=26.3ms update=24.5ms egui=0.4ms preview=0.0ms streaming=5.5ms tile_apply=0.0ms viewport=0.0ms map_fit=0.0ms repr=0.0ms raster=0.0ms
2026-05-23T04:28:09.174113Z  INFO stall: STALL culprit=after_tile_storage_apply duration=18.7ms frame=26.3ms
2026-05-23T04:28:09.174607Z  INFO viewport_authority: VIEWPORT_AUTHORITY source=ResolvedViewport valid=true min=Vec2(0.0, 0.0) max=Vec2(1280.0, 720.0) w=1280.0 h=720.0
2026-05-23T04:28:09.175517Z  INFO construction_finish_todos: CONSTRUCTION_FINISH_COMPLETE done=8/8
2026-05-23T04:28:09.175524Z  INFO construction_round2_todos: CONSTRUCTION_ROUND2_COMPLETE done=15/15
2026-05-23T04:28:09.175528Z  INFO construction_round3_todos: CONSTRUCTION_ROUND3_COMPLETE done=27/27
2026-05-23T04:28:09.175531Z  INFO construction_operational_todos: CONSTRUCTION_OPERATIONAL_GREEN
2026-05-23T04:28:09.185934Z  INFO stage5_live_todos: STAGE5_MAP_CAMERA_HOOK post_mirror desired_xy=(160.00,160.00) zoom=2.0250 world_main_xy=(160.00,160.00) zoom=2.0250 bridge_drift=0.0000
2026-05-23T04:28:09.189742Z  INFO stage5_live_todos: STAGE5_FIRE_HOOK fire_visual_producer_count=1 (expect 1 for FIRE-01)
2026-05-23T04:28:09.192300Z  INFO stall: STALL after_tile_storage_apply: 17.90ms
2026-05-23T04:28:09.195404Z  INFO stage5_live_todos: STAGE5_SPINE_HOOK policy_present=true graph_present=true fence_committed=true fence_fire_tick=70 world_frame_present=true overlay_rev=2 overlay_chunk_cells=28 atm_partial_dispatch=1 atm_gpu_tex_uploads=0 atm_full_field_fallback=false
2026-05-23T04:28:09.197943Z  INFO industrial_activation_todos: INDUSTRIAL_ACTIVATION_GREEN
2026-05-23T04:28:09.197986Z  INFO stall: STALL pre_egui: 5.68ms
2026-05-23T04:28:09.197995Z  INFO viewport_authority: VIEWPORT_AUTHORITY source=UiMeasured valid=true min=Vec2(0.0, 0.0) max=Vec2(1280.0, 720.0) w=1280.0 h=720.0
2026-05-23T04:28:09.198005Z  INFO viewport_authority::solver: VIEWPORT_SOLVER_TARGET node=SimMapFill valid=true rect.source=SimMapFill w=1280.0 h=720.0
2026-05-23T04:28:09.198008Z  INFO viewport_authority: VIEWPORT_AUTHORITY source=LayoutSolver valid=true min=Vec2(0.0, 0.0) max=Vec2(1280.0, 720.0) w=1280.0 h=720.0
2026-05-23T04:28:09.198011Z  INFO viewport_authority: VIEWPORT_AUTHORITY source=LayoutSolver valid=true min=Vec2(0.0, 0.0) max=Vec2(1280.0, 720.0) w=1280.0 h=720.0
2026-05-23T04:28:09.198013Z  INFO viewport_authority: VIEWPORT_AUTHORITY source=UiCommitted valid=true min=Vec2(0.0, 0.0) max=Vec2(1280.0, 720.0) w=1280.0 h=720.0
2026-05-23T04:28:09.198022Z  INFO viewport_authority: VIEWPORT_AUTHORITY source=CameraApplied valid=true min=Vec2(0.0, 0.0) max=Vec2(1280.0, 720.0) w=1280.0 h=720.0
2026-05-23T04:28:09.198040Z  INFO stage5_live_todos: STAGE5_READINESS_HOOK passes=true violations_first=(none) producer_count=1
2026-05-23T04:28:09.198049Z  INFO visual_aidv2_live_todos: VISUAL_AID_V2_BOARD done=3/6 footprint_ok=false readability=true icons=0
2026-05-23T04:28:09.199154Z  INFO stage5_live_todos: STAGE5_GPU_HOOK indirect_instances=0 dispatch_count=0 draw_instances=0 (PHF-01 alignment)
2026-05-23T04:28:09.199621Z  INFO visual_diag: VISUAL_DIAG window frame=69 periodic=false win_logical=(1280, 720) win_physical=(1280, 720) scale=1.0 app=2 base=2 flow=3 worldgen=5 readiness_profile=Stage5ReadinessProfile { require_vt4: true, require_vt5: true, require_preview: true, require_partial_metrics: true, require_world_frame: true, require_phase_f_proof: true, require_instanced_draw: true }
2026-05-23T04:28:09.199631Z  INFO visual_diag: VISUAL_DIAG sim_viewport frame=69 sim_valid=true sim_adequate=true sim_min=Vec2(0.0, 0.0) sim_max=Vec2(1280.0, 720.0) sim_wh=(1280, 720) measured_valid=true measured_wh=(1280, 720) committed_wh=(1280, 720) sim_held=true settle_streak=4 layout_settled=true frozen=true last_commit="hole_hold" pending_wh=(1280, 720) pending_min=Vec2(0.0, 0.0) pending_max=Vec2(1280.0, 720.0)
2026-05-23T04:28:09.199646Z  INFO visual_diag: VISUAL_DIAG camera frame=69 cam_desired_x=160.0 cam_desired_y=160.0 cam_zoom=2.0249998569488525 latch_hole=true render_hole=true latch_invalid_streak=0 latch_valid_streak=68 cam_scissor=Some((0, 0, 1280, 720)) ortho_fixed_w=632 ortho_fixed_h=356 map_view_px_w=1280 map_view_px_h=720 world_w=320 world_h=320
2026-05-23T04:28:09.199652Z  INFO visual_diag: VISUAL_DIAG resolved_viewports frame=69 resolved_rev=112 primary_valid=true primary_wh=(1280, 720) sim_resolved_valid=true sim_resolved_wh=(1280, 720) preview_valid=true preview_wh=(372, 362) minimap_valid=true minimap_wh=(397, 160) mismatch_preview=false mismatch_minimap=false mismatch_sim_map=false mismatch_stale_tex=false
2026-05-23T04:28:09.199656Z  INFO visual_diag: VISUAL_DIAG map_view_frames frame=69 world_preview_proj_rev=1554780161534 minimap_proj_rev=687223767846 sim_map_proj_rev=3092405454489
2026-05-23T04:28:09.199659Z  INFO visual_diag: VISUAL_DIAG map_presentation frame=69 wp_fit=Contain wp_viewport=UVec2(372, 362) wp_fit_scale=1.10595703125 wp_expected_fit_scale=1.10595703125 wp_zoom=1.0407500267028809 mm_fit=Cover mm_viewport=UVec2(397, 160) mm_fit_scale=1.2409179210662842
2026-05-23T04:28:09.199664Z  INFO visual_diag: VISUAL_DIAG render_spine frame=69 raster_rev=29 repr_band=0 repr_lod="LocalTactical" particle_rows_cap=262144 visual_intent="Strategic" visual_zoom_alpha=0.01843632385134697 fire_particle_rows=0 fire_particle_stamp=70 overlay_rev=2 overlay_chunk_cells=28 graph_fire_inst=0 graph_fire_heat=0 gpu_instance_rows=0 gpu_dispatch=1 gpu_draw=0
2026-05-23T04:28:09.199667Z  INFO visual_diag: VISUAL_DIAG perf frame=69 tile_raster_ms=0.0 tile_raster_ran=false world_repr_ms=0.009200000204145908 projection_graph_ms=0.00020000000949949026 domain_merge_ms=0.0 readiness_ms=0.01979999989271164 cpu_pre_egui_ms=0.0 cpu_egui_ms=0.0 cpu_post_egui_ms=0.0 gpu_gap_ms=0.0
2026-05-23T04:28:09.199671Z  INFO visual_diag: VISUAL_DIAG hud_shell frame=69 cmd_shell=false overlay_tray=false transmission=false
2026-05-23T04:28:09.199687Z  INFO perf: PERF wall=25.32 instr=0.03 gap=25.29 | cpu_pre_egui=23.64 cpu_egui=0.39 cpu_post_egui=1.29 gpu_gap=0.00 | spine=0.00 world_repr=0.01 graph=0.00 merge=0.00 atm=0.00 readiness=0.02 raster=0.00 (idle) | upd_attrib sum=5.81 pv_cpu=0.00 pv_gpu=0.00 fire=0.10 stream=5.61 map_fit=0.00 hud=0.09 wgen=0.00 | budget_sum=4.86 hud=0.09 overlay=0.00 raster_b=4.68 particles=0.00 residency=0.03 tex_reg=0.00 render_x=0.05 | stall first+preupd=0.04 update=0.00 post_dom=0.00 post_vt=0.01 postÔåÆready=0.00 ready=0.05 postÔåÆegui=5.68 egui=0.33 post_egui=1.23 | stall_hits=[after_tile_storage_apply:17.9,pre_egui:5.7]
2026-05-23T04:28:09.199693Z  INFO perf: PERF frame=25.3ms update=23.6ms egui=0.4ms preview=0.0ms streaming=5.6ms tile_apply=0.0ms viewport=0.0ms map_fit=0.0ms repr=0.0ms raster=0.0ms
2026-05-23T04:28:09.199696Z  INFO stall: STALL culprit=after_tile_storage_apply duration=17.9ms frame=25.3ms
2026-05-23T04:28:09.200162Z  INFO viewport_authority: VIEWPORT_AUTHORITY source=ResolvedViewport valid=true min=Vec2(0.0, 0.0) max=Vec2(1280.0, 720.0) w=1280.0 h=720.0
2026-05-23T04:28:09.201057Z  INFO construction_finish_todos: CONSTRUCTION_FINISH_COMPLETE done=8/8
2026-05-23T04:28:09.201065Z  INFO construction_round2_todos: CONSTRUCTION_ROUND2_COMPLETE done=15/15
2026-05-23T04:28:09.201068Z  INFO construction_round3_todos: CONSTRUCTION_ROUND3_COMPLETE done=27/27
2026-05-23T04:28:09.201072Z  INFO construction_operational_todos: CONSTRUCTION_OPERATIONAL_GREEN
2026-05-23T04:28:09.211215Z  INFO stage5_live_todos: STAGE5_MAP_CAMERA_HOOK post_mirror desired_xy=(160.00,160.00) zoom=2.0250 world_main_xy=(160.00,160.00) zoom=2.0250 bridge_drift=0.0000
2026-05-23T04:28:09.214913Z  INFO stage5_live_todos: STAGE5_FIRE_HOOK fire_visual_producer_count=1 (expect 1 for FIRE-01)
2026-05-23T04:28:09.217499Z  INFO stall: STALL after_tile_storage_apply: 17.54ms
2026-05-23T04:28:09.220577Z  INFO stage5_live_todos: STAGE5_SPINE_HOOK policy_present=true graph_present=true fence_committed=true fence_fire_tick=71 world_frame_present=true overlay_rev=2 overlay_chunk_cells=28 atm_partial_dispatch=1 atm_gpu_tex_uploads=0 atm_full_field_fallback=false
2026-05-23T04:28:09.223061Z  INFO industrial_activation_todos: INDUSTRIAL_ACTIVATION_GREEN
2026-05-23T04:28:09.223112Z  INFO stall: STALL pre_egui: 5.61ms
2026-05-23T04:28:09.223117Z  INFO viewport_authority: VIEWPORT_AUTHORITY source=UiMeasured valid=true min=Vec2(0.0, 0.0) max=Vec2(1280.0, 720.0) w=1280.0 h=720.0
2026-05-23T04:28:09.223125Z  INFO viewport_authority::solver: VIEWPORT_SOLVER_TARGET node=SimMapFill valid=true rect.source=SimMapFill w=1280.0 h=720.0
2026-05-23T04:28:09.223128Z  INFO viewport_authority: VIEWPORT_AUTHORITY source=LayoutSolver valid=true min=Vec2(0.0, 0.0) max=Vec2(1280.0, 720.0) w=1280.0 h=720.0
2026-05-23T04:28:09.223131Z  INFO viewport_authority: VIEWPORT_AUTHORITY source=LayoutSolver valid=true min=Vec2(0.0, 0.0) max=Vec2(1280.0, 720.0) w=1280.0 h=720.0
2026-05-23T04:28:09.223133Z  INFO viewport_authority: VIEWPORT_AUTHORITY source=UiCommitted valid=true min=Vec2(0.0, 0.0) max=Vec2(1280.0, 720.0) w=1280.0 h=720.0
2026-05-23T04:28:09.223148Z  INFO viewport_authority: VIEWPORT_AUTHORITY source=CameraApplied valid=true min=Vec2(0.0, 0.0) max=Vec2(1280.0, 720.0) w=1280.0 h=720.0
2026-05-23T04:28:09.223172Z  INFO stage5_live_todos: STAGE5_READINESS_HOOK passes=true violations_first=(none) producer_count=1
2026-05-23T04:28:09.223181Z  INFO visual_aidv2_live_todos: VISUAL_AID_V2_BOARD done=3/6 footprint_ok=false readability=true icons=0
2026-05-23T04:28:09.224289Z  INFO stage5_live_todos: STAGE5_GPU_HOOK indirect_instances=0 dispatch_count=0 draw_instances=0 (PHF-01 alignment)
2026-05-23T04:28:09.224762Z  INFO visual_diag: VISUAL_DIAG window frame=70 periodic=false win_logical=(1280, 720) win_physical=(1280, 720) scale=1.0 app=2 base=2 flow=3 worldgen=5 readiness_profile=Stage5ReadinessProfile { require_vt4: true, require_vt5: true, require_preview: true, require_partial_metrics: true, require_world_frame: true, require_phase_f_proof: true, require_instanced_draw: true }
2026-05-23T04:28:09.224772Z  INFO visual_diag: VISUAL_DIAG sim_viewport frame=70 sim_valid=true sim_adequate=true sim_min=Vec2(0.0, 0.0) sim_max=Vec2(1280.0, 720.0) sim_wh=(1280, 720) measured_valid=true measured_wh=(1280, 720) committed_wh=(1280, 720) sim_held=true settle_streak=4 layout_settled=true frozen=true last_commit="hole_hold" pending_wh=(1280, 720) pending_min=Vec2(0.0, 0.0) pending_max=Vec2(1280.0, 720.0)
2026-05-23T04:28:09.224778Z  INFO visual_diag: VISUAL_DIAG camera frame=70 cam_desired_x=160.0 cam_desired_y=160.0 cam_zoom=2.0249998569488525 latch_hole=true render_hole=true latch_invalid_streak=0 latch_valid_streak=69 cam_scissor=Some((0, 0, 1280, 720)) ortho_fixed_w=632 ortho_fixed_h=356 map_view_px_w=1280 map_view_px_h=720 world_w=320 world_h=320
2026-05-23T04:28:09.224782Z  INFO visual_diag: VISUAL_DIAG resolved_viewports frame=70 resolved_rev=112 primary_valid=true primary_wh=(1280, 720) sim_resolved_valid=true sim_resolved_wh=(1280, 720) preview_valid=true preview_wh=(372, 362) minimap_valid=true minimap_wh=(397, 160) mismatch_preview=false mismatch_minimap=false mismatch_sim_map=false mismatch_stale_tex=false
2026-05-23T04:28:09.224787Z  INFO visual_diag: VISUAL_DIAG map_view_frames frame=70 world_preview_proj_rev=1554780161534 minimap_proj_rev=687223767846 sim_map_proj_rev=3092405454489
2026-05-23T04:28:09.224789Z  INFO visual_diag: VISUAL_DIAG map_presentation frame=70 wp_fit=Contain wp_viewport=UVec2(372, 362) wp_fit_scale=1.10595703125 wp_expected_fit_scale=1.10595703125 wp_zoom=1.0407500267028809 mm_fit=Cover mm_viewport=UVec2(397, 160) mm_fit_scale=1.2409179210662842
2026-05-23T04:28:09.224795Z  INFO visual_diag: VISUAL_DIAG render_spine frame=70 raster_rev=29 repr_band=0 repr_lod="LocalTactical" particle_rows_cap=262144 visual_intent="Strategic" visual_zoom_alpha=0.01843632385134697 fire_particle_rows=0 fire_particle_stamp=71 overlay_rev=2 overlay_chunk_cells=28 graph_fire_inst=0 graph_fire_heat=0 gpu_instance_rows=0 gpu_dispatch=1 gpu_draw=0
2026-05-23T04:28:09.224801Z  INFO visual_diag: VISUAL_DIAG perf frame=70 tile_raster_ms=0.0 tile_raster_ran=false world_repr_ms=0.009800000116229057 projection_graph_ms=0.00010000000474974513 domain_merge_ms=0.0 readiness_ms=0.019299998879432678 cpu_pre_egui_ms=0.0 cpu_egui_ms=0.0 cpu_post_egui_ms=0.0 gpu_gap_ms=0.0
2026-05-23T04:28:09.224804Z  INFO visual_diag: VISUAL_DIAG hud_shell frame=70 cmd_shell=false overlay_tray=false transmission=false
2026-05-23T04:28:09.224819Z  INFO perf: PERF wall=24.90 instr=0.03 gap=24.87 | cpu_pre_egui=23.21 cpu_egui=0.43 cpu_post_egui=1.26 gpu_gap=0.00 | spine=0.00 world_repr=0.01 graph=0.00 merge=0.00 atm=0.00 readiness=0.02 raster=0.00 (idle) | upd_attrib sum=5.81 pv_cpu=0.00 pv_gpu=0.01 fire=0.10 stream=5.61 map_fit=0.00 hud=0.10 wgen=0.00 | budget_sum=4.86 hud=0.10 overlay=0.00 raster_b=4.68 particles=0.00 residency=0.03 tex_reg=0.00 render_x=0.05 | stall first+preupd=0.04 update=0.00 post_dom=0.00 post_vt=0.01 postÔåÆready=0.00 ready=0.06 postÔåÆegui=5.61 egui=0.36 post_egui=1.20 | stall_hits=[after_tile_storage_apply:17.5,pre_egui:5.6]
2026-05-23T04:28:09.224825Z  INFO perf: PERF frame=24.9ms update=23.2ms egui=0.4ms preview=0.0ms streaming=5.6ms tile_apply=0.0ms viewport=0.0ms map_fit=0.0ms repr=0.0ms raster=0.0ms
2026-05-23T04:28:09.224828Z  INFO stall: STALL culprit=after_tile_storage_apply duration=17.5ms frame=24.9ms
2026-05-23T04:28:09.225362Z  INFO viewport_authority: VIEWPORT_AUTHORITY source=ResolvedViewport valid=true min=Vec2(0.0, 0.0) max=Vec2(1280.0, 720.0) w=1280.0 h=720.0
2026-05-23T04:28:09.226272Z  INFO construction_finish_todos: CONSTRUCTION_FINISH_COMPLETE done=8/8
2026-05-23T04:28:09.226281Z  INFO construction_round2_todos: CONSTRUCTION_ROUND2_COMPLETE done=15/15
2026-05-23T04:28:09.226285Z  INFO construction_round3_todos: CONSTRUCTION_ROUND3_COMPLETE done=27/27
2026-05-23T04:28:09.226288Z  INFO construction_operational_todos: CONSTRUCTION_OPERATIONAL_GREEN
2026-05-23T04:28:09.236414Z  INFO stage5_live_todos: STAGE5_MAP_CAMERA_HOOK post_mirror desired_xy=(160.00,160.00) zoom=2.0250 world_main_xy=(160.00,160.00) zoom=2.0250 bridge_drift=0.0000
2026-05-23T04:28:09.240106Z  INFO stage5_live_todos: STAGE5_FIRE_HOOK fire_visual_producer_count=1 (expect 1 for FIRE-01)
2026-05-23T04:28:09.242673Z  INFO stall: STALL after_tile_storage_apply: 17.58ms
2026-05-23T04:28:09.245739Z  INFO stage5_live_todos: STAGE5_SPINE_HOOK policy_present=true graph_present=true fence_committed=true fence_fire_tick=72 world_frame_present=true overlay_rev=2 overlay_chunk_cells=28 atm_partial_dispatch=1 atm_gpu_tex_uploads=0 atm_full_field_fallback=false
2026-05-23T04:28:09.249186Z  INFO industrial_activation_todos: INDUSTRIAL_ACTIVATION_GREEN
2026-05-23T04:28:09.249229Z  INFO stall: STALL pre_egui: 6.55ms
2026-05-23T04:28:09.249234Z  INFO viewport_authority: VIEWPORT_AUTHORITY source=UiMeasured valid=true min=Vec2(0.0, 0.0) max=Vec2(1280.0, 720.0) w=1280.0 h=720.0
2026-05-23T04:28:09.249242Z  INFO viewport_authority::solver: VIEWPORT_SOLVER_TARGET node=SimMapFill valid=true rect.source=SimMapFill w=1280.0 h=720.0
2026-05-23T04:28:09.249245Z  INFO viewport_authority: VIEWPORT_AUTHORITY source=LayoutSolver valid=true min=Vec2(0.0, 0.0) max=Vec2(1280.0, 720.0) w=1280.0 h=720.0
2026-05-23T04:28:09.249248Z  INFO viewport_authority: VIEWPORT_AUTHORITY source=LayoutSolver valid=true min=Vec2(0.0, 0.0) max=Vec2(1280.0, 720.0) w=1280.0 h=720.0
2026-05-23T04:28:09.249251Z  INFO viewport_authority: VIEWPORT_AUTHORITY source=UiCommitted valid=true min=Vec2(0.0, 0.0) max=Vec2(1280.0, 720.0) w=1280.0 h=720.0
2026-05-23T04:28:09.249317Z  INFO proc_A_dine01::render::full_render_diagnostic: {
  "timestamp_unix_ms": 1779510489249,
  "frame_index": 71,
  "sim_step_stamp": {
    "tick": 72,
    "sim_time_micros": 4410240
  },
  "camera_truth": [
    {
      "entity": 4294967268,
      "camera_type": "main_world",
      "priority": 0,
      "active": true,
      "projection": "orthographic",
      "viewport_logical": {
        "min_x": 0.0,
        "min_y": 0.0,
        "max_x": 1280.0,
        "max_y": 720.0,
        "width": 1280.0,
        "height": 720.0
      },
      "viewport_physical": {
        "min_x": 0.0,
        "min_y": 0.0,
        "max_x": 1280.0,
        "max_y": 720.0,
        "width": 1280.0,
        "height": 720.0
      },
      "render_target": "screen"
    },
    {
      "entity": 8589861432,
      "camera_type": "world_preview_gpu",
      "priority": 2,
      "active": true,
      "projection": "orthographic",
      "viewport_logical": {
        "min_x": 0.0,
        "min_y": 0.0,
        "max_x": 372.0,
        "max_y": 362.0,
        "width": 372.0,
        "height": 362.0
      },
      "viewport_physical": {
        "min_x": 0.0,
        "min_y": 0.0,
        "max_x": 372.0,
        "max_y": 362.0,
        "width": 372.0,
        "height": 362.0
      },
      "render_target": "image:AssetId<bevy_image::image::Image>{ index: 19, generation: 0}"
    }
  ],
  "viewport_ui_layout_truth": {
    "egui": {
      "minimap_image": null,
      "world_preview_window": {
        "min_x": 560.46875,
        "min_y": 16.28125,
        "max_x": 1208.4688,
        "max_y": 529.28125,
        "width": 648.0,
        "height": 513.0
      },
      "minimap_window": {
        "min_x": 1216.2812,
        "min_y": 75.59375,
        "max_x": 1629.375,
        "max_y": 449.84375,
        "width": 413.09375,
        "height": 374.25
      },
      "world_preview_viewport": {
        "min_x": 832.03125,
        "min_y": 143.375,
        "max_x": 1204.4688,
        "max_y": 505.28125,
        "width": 372.4375,
        "height": 361.90625
      },
      "hud_shell_root": {
        "min_x": 0.0,
        "min_y": 0.0,
        "max_x": 1280.0,
        "max_y": 720.0,
        "width": 1280.0,
        "height": 720.0
      }
    },
    "computed_viewport_per_camera": {
      "4294967268": {
        "min_x": 0.0,
        "min_y": 0.0,
        "max_x": 1280.0,
        "max_y": 720.0,
        "width": 1280.0,
        "height": 720.0
      },
      "8589861432": {
        "min_x": 0.0,
        "min_y": 0.0,
        "max_x": 372.0,
        "max_y": 362.0,
        "width": 372.0,
        "height": 362.0
      }
    },
    "egui_vs_gpu_viewport_mismatch": {
      "8589861432": false
    }
  },
  "world_screen_projection_state": {
    "camera_translation": {
      "x": 160.0,
      "y": 160.0
    },
    "camera_rotation_deg_z": 0.0,
    "camera_zoom_scale": 2.0249999,
    "visible_world_bounds": {
      "min_x": -1135.9999,
      "min_y": -568.99994,
      "max_x": 1455.9999,
      "max_y": 888.99994,
      "width": 2591.9998,
      "height": 1457.9999
    },
    "map_display_rect": {
      "min_x": 851.73,
      "min_y": 157.80812,
      "max_x": 1184.77,
      "max_y": 490.84814,
      "width": 333.04004,
      "height": 333.04004
    },
    "map_texture_uv_rect": {
      "min_x": 0.0,
      "min_y": 0.0,
      "max_x": 1.0,
      "max_y": 1.0,
      "width": 1.0,
      "height": 1.0
    },
    "world_origin_screen": {
      "x": -16.099854,
      "y": 1016.0999
    },
    "world_origin_screen_sanity_ok": true
  },
  "particle_system_audit": [
    {
      "source": "fire_visual_frame_tactical",
      "active_count": 0,
      "coordinate_space": "world",
      "camera_binding": 4294967268,
      "inside_main_frustum": null,
      "outside_main_frustum": null,
      "bounds_world": null
    },
    {
      "source": "sim_fire_emitter_extract",
      "active_count": 0,
      "coordinate_space": "world",
      "camera_binding": 4294967268,
      "inside_main_frustum": null,
      "outside_main_frustum": null,
      "bounds_world": null
    },
    {
      "source": "world_fire_particle_frame",
      "active_count": 0,
      "coordinate_space": "world",
      "camera_binding": 4294967268,
      "inside_main_frustum": 0,
      "outside_main_frustum": 0,
      "bounds_world": null
    },
    {
      "source": "weather_precip_particles",
      "active_count": 192,
      "coordinate_space": "screen_hybrid",
      "camera_binding": 4294967268,
      "inside_main_frustum": null,
      "outside_main_frustum": null,
      "bounds_world": null
    }
  ],
  "render_pipeline_paths": [
    {
      "pass": "world_main_pass",
      "active": true,
      "gpu_path": true,
      "cpu_path": true,
      "fallback_active": true,
      "notes": "MainWorldCamera + tile fallback sprite"
    },
    {
      "pass": "preview_pass",
      "active": true,
      "gpu_path": true,
      "cpu_path": false,
      "fallback_active": false,
      "notes": "authority=GpuRenderTarget mode=GpuRenderTarget"
    },
    {
      "pass": "minimap_pass",
      "active": true,
      "gpu_path": false,
      "cpu_path": true,
      "fallback_active": true,
      "notes": "source=CpuRaster presentation=SharedCpuRaster rev=29"
    }
  ],
  "texture_gpu_state": [
    {
      "name": "world_preview_front",
      "width": 320,
      "height": 320,
      "revision": 4,
      "last_update_frame": 71,
      "stale": false
    },
    {
      "name": "world_preview_gpu_target",
      "width": 372,
      "height": 362,
      "revision": 72,
      "last_update_frame": 71,
      "stale": false
    },
    {
      "name": "minimap_fallback_raster",
      "width": 320,
      "height": 320,
      "revision": 29,
      "last_update_frame": 71,
      "stale": false
    },
    {
      "name": "shared_overlay_fields",
      "width": 0,
      "height": 0,
      "revision": 2,
      "last_update_frame": 71,
      "stale": false
    }
  ],
  "input_camera_feedback_loop": {
    "map_camera_desired": {
      "translation": {
        "x": 160.0,
        "y": 160.0
      },
      "scale": 2.0249999,
      "rotation_deg_z": 0.0
    },
    "map_camera_desired_changed_this_frame": true,
    "main_camera_transform_changed_this_frame": true,
    "ui_updates_camera_this_frame": true,
    "camera_updates_ui_this_frame": false,
    "follow_mode": "Free"
  },
  "anomaly_flags": {
    "viewport_zero_size_detected": false,
    "camera_count_gt_one_world_camera": false,
    "particle_screen_space_detected": false,
    "render_target_mismatch": false,
    "egui_rect_ne_viewport_rect": false,
    "stale_texture_usage": false
  }
}
2026-05-23T04:28:09.249760Z  INFO proc_A_dine01::render::full_render_diagnostic: wrote C:\dev\github\Rust_engine_template_01\debug_runs\full_render_diagnostic_71_72.json
2026-05-23T04:28:09.249775Z  INFO stage5_full_app_harness: visual probe waiting for FINISH-UX-06 streak streak=71 target_streak=120 frames_after_capture=1
2026-05-23T04:28:09.249777Z  INFO viewport_authority: VIEWPORT_AUTHORITY source=CameraApplied valid=true min=Vec2(0.0, 0.0) max=Vec2(1280.0, 720.0) w=1280.0 h=720.0
2026-05-23T04:28:09.249821Z  INFO stage5_live_todos: STAGE5_READINESS_HOOK passes=true violations_first=(none) producer_count=1
2026-05-23T04:28:09.249830Z  INFO visual_aidv2_live_todos: VISUAL_AID_V2_BOARD done=3/6 footprint_ok=false readability=true icons=0
2026-05-23T04:28:09.250980Z  INFO stage5_live_todos: STAGE5_GPU_HOOK indirect_instances=0 dispatch_count=0 draw_instances=0 (PHF-01 alignment)
2026-05-23T04:28:09.251492Z  INFO visual_diag: VISUAL_DIAG window frame=71 periodic=false win_logical=(1280, 720) win_physical=(1280, 720) scale=1.0 app=2 base=2 flow=3 worldgen=5 readiness_profile=Stage5ReadinessProfile { require_vt4: true, require_vt5: true, require_preview: true, require_partial_metrics: true, require_world_frame: true, require_phase_f_proof: true, require_instanced_draw: true }
2026-05-23T04:28:09.251501Z  INFO visual_diag: VISUAL_DIAG sim_viewport frame=71 sim_valid=true sim_adequate=true sim_min=Vec2(0.0, 0.0) sim_max=Vec2(1280.0, 720.0) sim_wh=(1280, 720) measured_valid=true measured_wh=(1280, 720) committed_wh=(1280, 720) sim_held=true settle_streak=4 layout_settled=true frozen=true last_commit="hole_hold" pending_wh=(1280, 720) pending_min=Vec2(0.0, 0.0) pending_max=Vec2(1280.0, 720.0)
2026-05-23T04:28:09.251507Z  INFO visual_diag: VISUAL_DIAG camera frame=71 cam_desired_x=160.0 cam_desired_y=160.0 cam_zoom=2.0249998569488525 latch_hole=true render_hole=true latch_invalid_streak=0 latch_valid_streak=70 cam_scissor=Some((0, 0, 1280, 720)) ortho_fixed_w=632 ortho_fixed_h=356 map_view_px_w=1280 map_view_px_h=720 world_w=320 world_h=320
2026-05-23T04:28:09.251511Z  INFO visual_diag: VISUAL_DIAG resolved_viewports frame=71 resolved_rev=112 primary_valid=true primary_wh=(1280, 720) sim_resolved_valid=true sim_resolved_wh=(1280, 720) preview_valid=true preview_wh=(372, 362) minimap_valid=true minimap_wh=(397, 160) mismatch_preview=false mismatch_minimap=false mismatch_sim_map=false mismatch_stale_tex=false
2026-05-23T04:28:09.251514Z  INFO visual_diag: VISUAL_DIAG map_view_frames frame=71 world_preview_proj_rev=1554780161534 minimap_proj_rev=687223767846 sim_map_proj_rev=3092405454489
2026-05-23T04:28:09.251517Z  INFO visual_diag: VISUAL_DIAG map_presentation frame=71 wp_fit=Contain wp_viewport=UVec2(372, 362) wp_fit_scale=1.10595703125 wp_expected_fit_scale=1.10595703125 wp_zoom=1.0407500267028809 mm_fit=Cover mm_viewport=UVec2(397, 160) mm_fit_scale=1.2409179210662842
2026-05-23T04:28:09.251522Z  INFO visual_diag: VISUAL_DIAG render_spine frame=71 raster_rev=29 repr_band=0 repr_lod="LocalTactical" particle_rows_cap=262144 visual_intent="Strategic" visual_zoom_alpha=0.01843632385134697 fire_particle_rows=0 fire_particle_stamp=72 overlay_rev=2 overlay_chunk_cells=28 graph_fire_inst=0 graph_fire_heat=0 gpu_instance_rows=0 gpu_dispatch=1 gpu_draw=0
2026-05-23T04:28:09.251526Z  INFO visual_diag: VISUAL_DIAG perf frame=71 tile_raster_ms=0.0 tile_raster_ran=false world_repr_ms=0.008700000122189522 projection_graph_ms=0.00010000000474974513 domain_merge_ms=0.0 readiness_ms=0.0215000007301569 cpu_pre_egui_ms=0.0 cpu_egui_ms=0.0 cpu_post_egui_ms=0.0 gpu_gap_ms=0.0
2026-05-23T04:28:09.251529Z  INFO visual_diag: VISUAL_DIAG hud_shell frame=71 cmd_shell=false overlay_tray=false transmission=false
2026-05-23T04:28:09.251544Z  INFO perf: PERF wall=26.48 instr=0.03 gap=26.45 | cpu_pre_egui=24.18 cpu_egui=0.95 cpu_post_egui=1.35 gpu_gap=0.00 | spine=0.00 world_repr=0.01 graph=0.00 merge=0.00 atm=0.00 readiness=0.02 raster=0.00 (idle) | upd_attrib sum=5.78 pv_cpu=0.00 pv_gpu=0.00 fire=0.10 stream=5.58 map_fit=0.00 hud=0.10 wgen=0.00 | budget_sum=4.86 hud=0.10 overlay=0.00 raster_b=4.68 particles=0.00 residency=0.03 tex_reg=0.00 render_x=0.05 | stall first+preupd=0.03 update=0.00 post_dom=0.00 post_vt=0.01 postÔåÆready=0.00 ready=0.59 postÔåÆegui=6.55 egui=0.34 post_egui=1.30 | stall_hits=[after_tile_storage_apply:17.6,pre_egui:6.6]
2026-05-23T04:28:09.251550Z  INFO perf: PERF frame=26.5ms update=24.2ms egui=1.0ms preview=0.0ms streaming=5.6ms tile_apply=0.0ms viewport=0.0ms map_fit=0.0ms repr=0.0ms raster=0.0ms
2026-05-23T04:28:09.251553Z  INFO stall: STALL culprit=after_tile_storage_apply duration=17.6ms frame=26.5ms
2026-05-23T04:28:09.252001Z  INFO viewport_authority: VIEWPORT_AUTHORITY source=ResolvedViewport valid=true min=Vec2(0.0, 0.0) max=Vec2(1280.0, 720.0) w=1280.0 h=720.0
2026-05-23T04:28:09.252895Z  INFO construction_finish_todos: CONSTRUCTION_FINISH_COMPLETE done=8/8
2026-05-23T04:28:09.252903Z  INFO construction_round2_todos: CONSTRUCTION_ROUND2_COMPLETE done=15/15
2026-05-23T04:28:09.252906Z  INFO construction_round3_todos: CONSTRUCTION_ROUND3_COMPLETE done=27/27
2026-05-23T04:28:09.252909Z  INFO construction_operational_todos: CONSTRUCTION_OPERATIONAL_GREEN
2026-05-23T04:28:09.263390Z  INFO stage5_live_todos: STAGE5_MAP_CAMERA_HOOK post_mirror desired_xy=(160.00,160.00) zoom=2.0250 world_main_xy=(160.00,160.00) zoom=2.0250 bridge_drift=0.0000
2026-05-23T04:28:09.267413Z  INFO stage5_live_todos: STAGE5_FIRE_HOOK fire_visual_producer_count=1 (expect 1 for FIRE-01)
2026-05-23T04:28:09.269982Z  INFO stall: STALL after_tile_storage_apply: 18.18ms
2026-05-23T04:28:09.273049Z  INFO stage5_live_todos: STAGE5_SPINE_HOOK policy_present=true graph_present=true fence_committed=true fence_fire_tick=73 world_frame_present=true overlay_rev=2 overlay_chunk_cells=28 atm_partial_dispatch=1 atm_gpu_tex_uploads=0 atm_full_field_fallback=false
2026-05-23T04:28:09.275618Z  INFO industrial_activation_todos: INDUSTRIAL_ACTIVATION_GREEN
2026-05-23T04:28:09.275668Z  INFO stall: STALL pre_egui: 5.69ms
2026-05-23T04:28:09.275674Z  INFO viewport_authority: VIEWPORT_AUTHORITY source=UiMeasured valid=true min=Vec2(0.0, 0.0) max=Vec2(1280.0, 720.0) w=1280.0 h=720.0
2026-05-23T04:28:09.275682Z  INFO viewport_authority::solver: VIEWPORT_SOLVER_TARGET node=SimMapFill valid=true rect.source=SimMapFill w=1280.0 h=720.0
2026-05-23T04:28:09.275686Z  INFO viewport_authority: VIEWPORT_AUTHORITY source=LayoutSolver valid=true min=Vec2(0.0, 0.0) max=Vec2(1280.0, 720.0) w=1280.0 h=720.0
2026-05-23T04:28:09.275688Z  INFO viewport_authority: VIEWPORT_AUTHORITY source=LayoutSolver valid=true min=Vec2(0.0, 0.0) max=Vec2(1280.0, 720.0) w=1280.0 h=720.0
2026-05-23T04:28:09.275691Z  INFO viewport_authority: VIEWPORT_AUTHORITY source=UiCommitted valid=true min=Vec2(0.0, 0.0) max=Vec2(1280.0, 720.0) w=1280.0 h=720.0
2026-05-23T04:28:09.275706Z  INFO viewport_authority: VIEWPORT_AUTHORITY source=CameraApplied valid=true min=Vec2(0.0, 0.0) max=Vec2(1280.0, 720.0) w=1280.0 h=720.0
2026-05-23T04:28:09.275731Z  INFO stage5_live_todos: STAGE5_READINESS_HOOK passes=true violations_first=(none) producer_count=1
2026-05-23T04:28:09.275740Z  INFO visual_aidv2_live_todos: VISUAL_AID_V2_BOARD done=3/6 footprint_ok=false readability=true icons=0
2026-05-23T04:28:09.276818Z  INFO stage5_live_todos: STAGE5_GPU_HOOK indirect_instances=0 dispatch_count=0 draw_instances=0 (PHF-01 alignment)
2026-05-23T04:28:09.277299Z  INFO visual_diag: VISUAL_DIAG window frame=72 periodic=false win_logical=(1280, 720) win_physical=(1280, 720) scale=1.0 app=2 base=2 flow=3 worldgen=5 readiness_profile=Stage5ReadinessProfile { require_vt4: true, require_vt5: true, require_preview: true, require_partial_metrics: true, require_world_frame: true, require_phase_f_proof: true, require_instanced_draw: true }
2026-05-23T04:28:09.277309Z  INFO visual_diag: VISUAL_DIAG sim_viewport frame=72 sim_valid=true sim_adequate=true sim_min=Vec2(0.0, 0.0) sim_max=Vec2(1280.0, 720.0) sim_wh=(1280, 720) measured_valid=true measured_wh=(1280, 720) committed_wh=(1280, 720) sim_held=true settle_streak=4 layout_settled=true frozen=true last_commit="hole_hold" pending_wh=(1280, 720) pending_min=Vec2(0.0, 0.0) pending_max=Vec2(1280.0, 720.0)
2026-05-23T04:28:09.277315Z  INFO visual_diag: VISUAL_DIAG camera frame=72 cam_desired_x=160.0 cam_desired_y=160.0 cam_zoom=2.0249998569488525 latch_hole=true render_hole=true latch_invalid_streak=0 latch_valid_streak=71 cam_scissor=Some((0, 0, 1280, 720)) ortho_fixed_w=632 ortho_fixed_h=356 map_view_px_w=1280 map_view_px_h=720 world_w=320 world_h=320
2026-05-23T04:28:09.277319Z  INFO visual_diag: VISUAL_DIAG resolved_viewports frame=72 resolved_rev=112 primary_valid=true primary_wh=(1280, 720) sim_resolved_valid=true sim_resolved_wh=(1280, 720) preview_valid=true preview_wh=(372, 362) minimap_valid=true minimap_wh=(397, 160) mismatch_preview=false mismatch_minimap=false mismatch_sim_map=false mismatch_stale_tex=false
2026-05-23T04:28:09.277323Z  INFO visual_diag: VISUAL_DIAG map_view_frames frame=72 world_preview_proj_rev=1554780161534 minimap_proj_rev=687223767846 sim_map_proj_rev=3092405454489
2026-05-23T04:28:09.277325Z  INFO visual_diag: VISUAL_DIAG map_presentation frame=72 wp_fit=Contain wp_viewport=UVec2(372, 362) wp_fit_scale=1.10595703125 wp_expected_fit_scale=1.10595703125 wp_zoom=1.0407500267028809 mm_fit=Cover mm_viewport=UVec2(397, 160) mm_fit_scale=1.2409179210662842
2026-05-23T04:28:09.277330Z  INFO visual_diag: VISUAL_DIAG render_spine frame=72 raster_rev=29 repr_band=0 repr_lod="LocalTactical" particle_rows_cap=262144 visual_intent="Strategic" visual_zoom_alpha=0.01843632385134697 fire_particle_rows=0 fire_particle_stamp=73 overlay_rev=2 overlay_chunk_cells=28 graph_fire_inst=0 graph_fire_heat=0 gpu_instance_rows=0 gpu_dispatch=1 gpu_draw=0
2026-05-23T04:28:09.277334Z  INFO visual_diag: VISUAL_DIAG perf frame=72 tile_raster_ms=0.0 tile_raster_ran=false world_repr_ms=0.008799999952316284 projection_graph_ms=0.00020000000949949026 domain_merge_ms=0.00010000000474974513 readiness_ms=0.020500000566244125 cpu_pre_egui_ms=0.0 cpu_egui_ms=0.0 cpu_post_egui_ms=0.0 gpu_gap_ms=0.0
2026-05-23T04:28:09.277338Z  INFO visual_diag: VISUAL_DIAG hud_shell frame=72 cmd_shell=false overlay_tray=false transmission=false
2026-05-23T04:28:09.277352Z  INFO perf: PERF wall=25.57 instr=0.03 gap=25.54 | cpu_pre_egui=23.90 cpu_egui=0.43 cpu_post_egui=1.24 gpu_gap=0.00 | spine=0.00 world_repr=0.01 graph=0.00 merge=0.00 atm=0.00 readiness=0.02 raster=0.00 (idle) | upd_attrib sum=5.78 pv_cpu=0.00 pv_gpu=0.00 fire=0.10 stream=5.58 map_fit=0.00 hud=0.10 wgen=0.00 | budget_sum=4.86 hud=0.10 overlay=0.00 raster_b=4.68 particles=0.00 residency=0.03 tex_reg=0.00 render_x=0.05 | stall first+preupd=0.03 update=0.00 post_dom=0.00 post_vt=0.01 postÔåÆready=0.00 ready=0.07 postÔåÆegui=5.69 egui=0.35 post_egui=1.19 | stall_hits=[after_tile_storage_apply:18.2,pre_egui:5.7]
2026-05-23T04:28:09.277358Z  INFO perf: PERF frame=25.6ms update=23.9ms egui=0.4ms preview=0.0ms streaming=5.6ms tile_apply=0.0ms viewport=0.0ms map_fit=0.0ms repr=0.0ms raster=0.0ms
2026-05-23T04:28:09.277361Z  INFO stall: STALL culprit=after_tile_storage_apply duration=18.2ms frame=25.6ms
2026-05-23T04:28:09.277967Z  INFO viewport_authority: VIEWPORT_AUTHORITY source=ResolvedViewport valid=true min=Vec2(0.0, 0.0) max=Vec2(1280.0, 720.0) w=1280.0 h=720.0
2026-05-23T04:28:09.278690Z  INFO construction_finish_todos: CONSTRUCTION_FINISH_COMPLETE done=8/8
2026-05-23T04:28:09.278698Z  INFO construction_round2_todos: CONSTRUCTION_ROUND2_COMPLETE done=15/15
2026-05-23T04:28:09.278702Z  INFO construction_round3_todos: CONSTRUCTION_ROUND3_COMPLETE done=27/27
2026-05-23T04:28:09.278705Z  INFO construction_operational_todos: CONSTRUCTION_OPERATIONAL_GREEN
2026-05-23T04:28:09.289138Z  INFO stage5_live_todos: STAGE5_MAP_CAMERA_HOOK post_mirror desired_xy=(160.00,160.00) zoom=2.0250 world_main_xy=(160.00,160.00) zoom=2.0250 bridge_drift=0.0000
2026-05-23T04:28:09.292880Z  INFO stage5_live_todos: STAGE5_FIRE_HOOK fire_visual_producer_count=1 (expect 1 for FIRE-01)
2026-05-23T04:28:09.295451Z  INFO stall: STALL after_tile_storage_apply: 17.83ms
2026-05-23T04:28:09.298549Z  INFO stage5_live_todos: STAGE5_SPINE_HOOK policy_present=true graph_present=true fence_committed=true fence_fire_tick=74 world_frame_present=true overlay_rev=2 overlay_chunk_cells=28 atm_partial_dispatch=1 atm_gpu_tex_uploads=0 atm_full_field_fallback=false
2026-05-23T04:28:09.301082Z  INFO industrial_activation_todos: INDUSTRIAL_ACTIVATION_GREEN
2026-05-23T04:28:09.301131Z  INFO stall: STALL pre_egui: 5.68ms
2026-05-23T04:28:09.301142Z  INFO viewport_authority: VIEWPORT_AUTHORITY source=UiMeasured valid=true min=Vec2(0.0, 0.0) max=Vec2(1280.0, 720.0) w=1280.0 h=720.0
2026-05-23T04:28:09.301150Z  INFO viewport_authority::solver: VIEWPORT_SOLVER_TARGET node=SimMapFill valid=true rect.source=SimMapFill w=1280.0 h=720.0
2026-05-23T04:28:09.301153Z  INFO viewport_authority: VIEWPORT_AUTHORITY source=LayoutSolver valid=true min=Vec2(0.0, 0.0) max=Vec2(1280.0, 720.0) w=1280.0 h=720.0
2026-05-23T04:28:09.301156Z  INFO viewport_authority: VIEWPORT_AUTHORITY source=LayoutSolver valid=true min=Vec2(0.0, 0.0) max=Vec2(1280.0, 720.0) w=1280.0 h=720.0
2026-05-23T04:28:09.301159Z  INFO viewport_authority: VIEWPORT_AUTHORITY source=UiCommitted valid=true min=Vec2(0.0, 0.0) max=Vec2(1280.0, 720.0) w=1280.0 h=720.0
2026-05-23T04:28:09.301173Z  INFO viewport_authority: VIEWPORT_AUTHORITY source=CameraApplied valid=true min=Vec2(0.0, 0.0) max=Vec2(1280.0, 720.0) w=1280.0 h=720.0
2026-05-23T04:28:09.301197Z  INFO stage5_live_todos: STAGE5_READINESS_HOOK passes=true violations_first=(none) producer_count=1
2026-05-23T04:28:09.301203Z  INFO visual_aidv2_live_todos: VISUAL_AID_V2_BOARD done=3/6 footprint_ok=false readability=true icons=0
2026-05-23T04:28:09.302334Z  INFO stage5_live_todos: STAGE5_GPU_HOOK indirect_instances=0 dispatch_count=0 draw_instances=0 (PHF-01 alignment)
2026-05-23T04:28:09.302818Z  INFO visual_diag: VISUAL_DIAG window frame=73 periodic=false win_logical=(1280, 720) win_physical=(1280, 720) scale=1.0 app=2 base=2 flow=3 worldgen=5 readiness_profile=Stage5ReadinessProfile { require_vt4: true, require_vt5: true, require_preview: true, require_partial_metrics: true, require_world_frame: true, require_phase_f_proof: true, require_instanced_draw: true }
2026-05-23T04:28:09.302829Z  INFO visual_diag: VISUAL_DIAG sim_viewport frame=73 sim_valid=true sim_adequate=true sim_min=Vec2(0.0, 0.0) sim_max=Vec2(1280.0, 720.0) sim_wh=(1280, 720) measured_valid=true measured_wh=(1280, 720) committed_wh=(1280, 720) sim_held=true settle_streak=4 layout_settled=true frozen=true last_commit="hole_hold" pending_wh=(1280, 720) pending_min=Vec2(0.0, 0.0) pending_max=Vec2(1280.0, 720.0)
2026-05-23T04:28:09.302835Z  INFO visual_diag: VISUAL_DIAG camera frame=73 cam_desired_x=160.0 cam_desired_y=160.0 cam_zoom=2.0249998569488525 latch_hole=true render_hole=true latch_invalid_streak=0 latch_valid_streak=72 cam_scissor=Some((0, 0, 1280, 720)) ortho_fixed_w=632 ortho_fixed_h=356 map_view_px_w=1280 map_view_px_h=720 world_w=320 world_h=320
2026-05-23T04:28:09.302839Z  INFO visual_diag: VISUAL_DIAG resolved_viewports frame=73 resolved_rev=112 primary_valid=true primary_wh=(1280, 720) sim_resolved_valid=true sim_resolved_wh=(1280, 720) preview_valid=true preview_wh=(372, 362) minimap_valid=true minimap_wh=(397, 160) mismatch_preview=false mismatch_minimap=false mismatch_sim_map=false mismatch_stale_tex=false
2026-05-23T04:28:09.302843Z  INFO visual_diag: VISUAL_DIAG map_view_frames frame=73 world_preview_proj_rev=1554780161534 minimap_proj_rev=687223767846 sim_map_proj_rev=3092405454489
2026-05-23T04:28:09.302845Z  INFO visual_diag: VISUAL_DIAG map_presentation frame=73 wp_fit=Contain wp_viewport=UVec2(372, 362) wp_fit_scale=1.10595703125 wp_expected_fit_scale=1.10595703125 wp_zoom=1.0407500267028809 mm_fit=Cover mm_viewport=UVec2(397, 160) mm_fit_scale=1.2409179210662842
2026-05-23T04:28:09.302850Z  INFO visual_diag: VISUAL_DIAG render_spine frame=73 raster_rev=29 repr_band=0 repr_lod="LocalTactical" particle_rows_cap=262144 visual_intent="Strategic" visual_zoom_alpha=0.01843632385134697 fire_particle_rows=0 fire_particle_stamp=74 overlay_rev=2 overlay_chunk_cells=28 graph_fire_inst=0 graph_fire_heat=0 gpu_instance_rows=0 gpu_dispatch=1 gpu_draw=0
2026-05-23T04:28:09.302854Z  INFO visual_diag: VISUAL_DIAG perf frame=73 tile_raster_ms=0.0 tile_raster_ran=false world_repr_ms=0.008899999782443047 projection_graph_ms=0.00020000000949949026 domain_merge_ms=0.00010000000474974513 readiness_ms=0.017799999564886093 cpu_pre_egui_ms=0.0 cpu_egui_ms=0.0 cpu_post_egui_ms=0.0 gpu_gap_ms=0.0
2026-05-23T04:28:09.302857Z  INFO visual_diag: VISUAL_DIAG hud_shell frame=73 cmd_shell=false overlay_tray=false transmission=false
2026-05-23T04:28:09.302873Z  INFO perf: PERF wall=25.28 instr=0.03 gap=25.25 | cpu_pre_egui=23.55 cpu_egui=0.44 cpu_post_egui=1.29 gpu_gap=0.00 | spine=0.00 world_repr=0.01 graph=0.00 merge=0.00 atm=0.00 readiness=0.02 raster=0.00 (idle) | upd_attrib sum=5.83 pv_cpu=0.00 pv_gpu=0.01 fire=0.09 stream=5.62 map_fit=0.00 hud=0.11 wgen=0.00 | budget_sum=4.87 hud=0.11 overlay=0.00 raster_b=4.68 particles=0.00 residency=0.03 tex_reg=0.00 render_x=0.05 | stall first+preupd=0.03 update=0.00 post_dom=0.01 post_vt=0.01 postÔåÆready=0.01 ready=0.06 postÔåÆegui=5.68 egui=0.36 post_egui=1.24 | stall_hits=[after_tile_storage_apply:17.8,pre_egui:5.7]
2026-05-23T04:28:09.302879Z  INFO perf: PERF frame=25.3ms update=23.6ms egui=0.4ms preview=0.0ms streaming=5.6ms tile_apply=0.0ms viewport=0.0ms map_fit=0.0ms repr=0.0ms raster=0.0ms
2026-05-23T04:28:09.302883Z  INFO stall: STALL culprit=after_tile_storage_apply duration=17.8ms frame=25.3ms
2026-05-23T04:28:09.303547Z  INFO viewport_authority: VIEWPORT_AUTHORITY source=ResolvedViewport valid=true min=Vec2(0.0, 0.0) max=Vec2(1280.0, 720.0) w=1280.0 h=720.0
2026-05-23T04:28:09.304408Z  INFO construction_finish_todos: CONSTRUCTION_FINISH_COMPLETE done=8/8
2026-05-23T04:28:09.304416Z  INFO construction_round2_todos: CONSTRUCTION_ROUND2_COMPLETE done=15/15
2026-05-23T04:28:09.304423Z  INFO construction_round3_todos: CONSTRUCTION_ROUND3_COMPLETE done=27/27
2026-05-23T04:28:09.304432Z  INFO construction_operational_todos: CONSTRUCTION_OPERATIONAL_GREEN
2026-05-23T04:28:09.314853Z  INFO stage5_live_todos: STAGE5_MAP_CAMERA_HOOK post_mirror desired_xy=(160.00,160.00) zoom=2.0250 world_main_xy=(160.00,160.00) zoom=2.0250 bridge_drift=0.0000
2026-05-23T04:28:09.318661Z  INFO stage5_live_todos: STAGE5_FIRE_HOOK fire_visual_producer_count=1 (expect 1 for FIRE-01)
2026-05-23T04:28:09.321223Z  INFO stall: STALL after_tile_storage_apply: 18.08ms
2026-05-23T04:28:09.324279Z  INFO stage5_live_todos: STAGE5_SPINE_HOOK policy_present=true graph_present=true fence_committed=true fence_fire_tick=75 world_frame_present=true overlay_rev=2 overlay_chunk_cells=28 atm_partial_dispatch=1 atm_gpu_tex_uploads=0 atm_full_field_fallback=false
2026-05-23T04:28:09.327135Z  INFO industrial_activation_todos: INDUSTRIAL_ACTIVATION_GREEN
2026-05-23T04:28:09.327191Z  INFO stall: STALL pre_egui: 5.97ms
2026-05-23T04:28:09.327203Z  INFO viewport_authority: VIEWPORT_AUTHORITY source=UiMeasured valid=true min=Vec2(0.0, 0.0) max=Vec2(1280.0, 720.0) w=1280.0 h=720.0
2026-05-23T04:28:09.327212Z  INFO viewport_authority::solver: VIEWPORT_SOLVER_TARGET node=SimMapFill valid=true rect.source=SimMapFill w=1280.0 h=720.0
2026-05-23T04:28:09.327216Z  INFO viewport_authority: VIEWPORT_AUTHORITY source=LayoutSolver valid=true min=Vec2(0.0, 0.0) max=Vec2(1280.0, 720.0) w=1280.0 h=720.0
2026-05-23T04:28:09.327218Z  INFO viewport_authority: VIEWPORT_AUTHORITY source=LayoutSolver valid=true min=Vec2(0.0, 0.0) max=Vec2(1280.0, 720.0) w=1280.0 h=720.0
2026-05-23T04:28:09.327221Z  INFO viewport_authority: VIEWPORT_AUTHORITY source=UiCommitted valid=true min=Vec2(0.0, 0.0) max=Vec2(1280.0, 720.0) w=1280.0 h=720.0
2026-05-23T04:28:09.327238Z  INFO viewport_authority: VIEWPORT_AUTHORITY source=CameraApplied valid=true min=Vec2(0.0, 0.0) max=Vec2(1280.0, 720.0) w=1280.0 h=720.0
2026-05-23T04:28:09.327275Z  INFO stage5_live_todos: STAGE5_READINESS_HOOK passes=true violations_first=(none) producer_count=1
2026-05-23T04:28:09.327284Z  INFO visual_aidv2_live_todos: VISUAL_AID_V2_BOARD done=3/6 footprint_ok=false readability=true icons=0
2026-05-23T04:28:09.328481Z  INFO stage5_live_todos: STAGE5_GPU_HOOK indirect_instances=0 dispatch_count=0 draw_instances=0 (PHF-01 alignment)
2026-05-23T04:28:09.329056Z  INFO visual_diag: VISUAL_DIAG window frame=74 periodic=false win_logical=(1280, 720) win_physical=(1280, 720) scale=1.0 app=2 base=2 flow=3 worldgen=5 readiness_profile=Stage5ReadinessProfile { require_vt4: true, require_vt5: true, require_preview: true, require_partial_metrics: true, require_world_frame: true, require_phase_f_proof: true, require_instanced_draw: true }
2026-05-23T04:28:09.329067Z  INFO visual_diag: VISUAL_DIAG sim_viewport frame=74 sim_valid=true sim_adequate=true sim_min=Vec2(0.0, 0.0) sim_max=Vec2(1280.0, 720.0) sim_wh=(1280, 720) measured_valid=true measured_wh=(1280, 720) committed_wh=(1280, 720) sim_held=true settle_streak=4 layout_settled=true frozen=true last_commit="hole_hold" pending_wh=(1280, 720) pending_min=Vec2(0.0, 0.0) pending_max=Vec2(1280.0, 720.0)
2026-05-23T04:28:09.329072Z  INFO visual_diag: VISUAL_DIAG camera frame=74 cam_desired_x=160.0 cam_desired_y=160.0 cam_zoom=2.0249998569488525 latch_hole=true render_hole=true latch_invalid_streak=0 latch_valid_streak=73 cam_scissor=Some((0, 0, 1280, 720)) ortho_fixed_w=632 ortho_fixed_h=356 map_view_px_w=1280 map_view_px_h=720 world_w=320 world_h=320
2026-05-23T04:28:09.329076Z  INFO visual_diag: VISUAL_DIAG resolved_viewports frame=74 resolved_rev=112 primary_valid=true primary_wh=(1280, 720) sim_resolved_valid=true sim_resolved_wh=(1280, 720) preview_valid=true preview_wh=(372, 362) minimap_valid=true minimap_wh=(397, 160) mismatch_preview=false mismatch_minimap=false mismatch_sim_map=false mismatch_stale_tex=false
2026-05-23T04:28:09.329080Z  INFO visual_diag: VISUAL_DIAG map_view_frames frame=74 world_preview_proj_rev=1554780161534 minimap_proj_rev=687223767846 sim_map_proj_rev=3092405454489
2026-05-23T04:28:09.329083Z  INFO visual_diag: VISUAL_DIAG map_presentation frame=74 wp_fit=Contain wp_viewport=UVec2(372, 362) wp_fit_scale=1.10595703125 wp_expected_fit_scale=1.10595703125 wp_zoom=1.0407500267028809 mm_fit=Cover mm_viewport=UVec2(397, 160) mm_fit_scale=1.2409179210662842
2026-05-23T04:28:09.329088Z  INFO visual_diag: VISUAL_DIAG render_spine frame=74 raster_rev=29 repr_band=0 repr_lod="LocalTactical" particle_rows_cap=262144 visual_intent="Strategic" visual_zoom_alpha=0.01843632385134697 fire_particle_rows=0 fire_particle_stamp=75 overlay_rev=2 overlay_chunk_cells=28 graph_fire_inst=0 graph_fire_heat=0 gpu_instance_rows=0 gpu_dispatch=1 gpu_draw=0
2026-05-23T04:28:09.329094Z  INFO visual_diag: VISUAL_DIAG perf frame=74 tile_raster_ms=0.0 tile_raster_ran=false world_repr_ms=0.009600000455975533 projection_graph_ms=0.00020000000949949026 domain_merge_ms=0.00010000000474974513 readiness_ms=0.026600001379847527 cpu_pre_egui_ms=0.0 cpu_egui_ms=0.0 cpu_post_egui_ms=0.0 gpu_gap_ms=0.0
2026-05-23T04:28:09.329099Z  INFO visual_diag: VISUAL_DIAG hud_shell frame=74 cmd_shell=false overlay_tray=false transmission=false
2026-05-23T04:28:09.329116Z  INFO perf: PERF wall=26.00 instr=0.04 gap=25.96 | cpu_pre_egui=24.08 cpu_egui=0.49 cpu_post_egui=1.42 gpu_gap=0.00 | spine=0.00 world_repr=0.01 graph=0.00 merge=0.00 atm=0.00 readiness=0.03 raster=0.00 (idle) | upd_attrib sum=5.77 pv_cpu=0.00 pv_gpu=0.01 fire=0.10 stream=5.56 map_fit=0.00 hud=0.11 wgen=0.00 | budget_sum=4.88 hud=0.11 overlay=0.00 raster_b=4.68 particles=0.00 residency=0.03 tex_reg=0.00 render_x=0.05 | stall first+preupd=0.03 update=0.00 post_dom=0.00 post_vt=0.01 postÔåÆready=0.00 ready=0.09 postÔåÆegui=5.97 egui=0.38 post_egui=1.37 | stall_hits=[after_tile_storage_apply:18.1,pre_egui:6.0]
2026-05-23T04:28:09.329122Z  INFO perf: PERF frame=26.0ms update=24.1ms egui=0.5ms preview=0.0ms streaming=5.6ms tile_apply=0.0ms viewport=0.0ms map_fit=0.0ms repr=0.0ms raster=0.0ms
2026-05-23T04:28:09.329126Z  INFO stall: STALL culprit=after_tile_storage_apply duration=18.1ms frame=26.0ms
2026-05-23T04:28:09.329595Z  INFO viewport_authority: VIEWPORT_AUTHORITY source=ResolvedViewport valid=true min=Vec2(0.0, 0.0) max=Vec2(1280.0, 720.0) w=1280.0 h=720.0
2026-05-23T04:28:09.330490Z  INFO construction_finish_todos: CONSTRUCTION_FINISH_COMPLETE done=8/8
2026-05-23T04:28:09.330498Z  INFO construction_round2_todos: CONSTRUCTION_ROUND2_COMPLETE done=15/15
2026-05-23T04:28:09.330502Z  INFO construction_round3_todos: CONSTRUCTION_ROUND3_COMPLETE done=27/27
2026-05-23T04:28:09.330504Z  INFO construction_operational_todos: CONSTRUCTION_OPERATIONAL_GREEN
2026-05-23T04:28:09.341768Z  INFO stage5_live_todos: STAGE5_MAP_CAMERA_HOOK post_mirror desired_xy=(160.00,160.00) zoom=2.0250 world_main_xy=(160.00,160.00) zoom=2.0250 bridge_drift=0.0000
2026-05-23T04:28:09.345583Z  INFO stage5_live_todos: STAGE5_FIRE_HOOK fire_visual_producer_count=1 (expect 1 for FIRE-01)
2026-05-23T04:28:09.348132Z  INFO stall: STALL after_tile_storage_apply: 18.72ms
2026-05-23T04:28:09.351206Z  INFO stage5_live_todos: STAGE5_SPINE_HOOK policy_present=true graph_present=true fence_committed=true fence_fire_tick=76 world_frame_present=true overlay_rev=2 overlay_chunk_cells=28 atm_partial_dispatch=1 atm_gpu_tex_uploads=0 atm_full_field_fallback=false
2026-05-23T04:28:09.353887Z  INFO industrial_activation_todos: INDUSTRIAL_ACTIVATION_GREEN
2026-05-23T04:28:09.353942Z  INFO stall: STALL pre_egui: 5.81ms
2026-05-23T04:28:09.353948Z  INFO viewport_authority: VIEWPORT_AUTHORITY source=UiMeasured valid=true min=Vec2(0.0, 0.0) max=Vec2(1280.0, 720.0) w=1280.0 h=720.0
2026-05-23T04:28:09.353957Z  INFO viewport_authority::solver: VIEWPORT_SOLVER_TARGET node=SimMapFill valid=true rect.source=SimMapFill w=1280.0 h=720.0
2026-05-23T04:28:09.353960Z  INFO viewport_authority: VIEWPORT_AUTHORITY source=LayoutSolver valid=true min=Vec2(0.0, 0.0) max=Vec2(1280.0, 720.0) w=1280.0 h=720.0
2026-05-23T04:28:09.353963Z  INFO viewport_authority: VIEWPORT_AUTHORITY source=LayoutSolver valid=true min=Vec2(0.0, 0.0) max=Vec2(1280.0, 720.0) w=1280.0 h=720.0
2026-05-23T04:28:09.353965Z  INFO viewport_authority: VIEWPORT_AUTHORITY source=UiCommitted valid=true min=Vec2(0.0, 0.0) max=Vec2(1280.0, 720.0) w=1280.0 h=720.0
2026-05-23T04:28:09.353981Z  INFO viewport_authority: VIEWPORT_AUTHORITY source=CameraApplied valid=true min=Vec2(0.0, 0.0) max=Vec2(1280.0, 720.0) w=1280.0 h=720.0
2026-05-23T04:28:09.354005Z  INFO stage5_live_todos: STAGE5_READINESS_HOOK passes=true violations_first=(none) producer_count=1
2026-05-23T04:28:09.354014Z  INFO visual_aidv2_live_todos: VISUAL_AID_V2_BOARD done=3/6 footprint_ok=false readability=true icons=0
2026-05-23T04:28:09.355221Z  INFO stage5_live_todos: STAGE5_GPU_HOOK indirect_instances=0 dispatch_count=0 draw_instances=0 (PHF-01 alignment)
2026-05-23T04:28:09.355748Z  INFO visual_diag: VISUAL_DIAG window frame=75 periodic=false win_logical=(1280, 720) win_physical=(1280, 720) scale=1.0 app=2 base=2 flow=3 worldgen=5 readiness_profile=Stage5ReadinessProfile { require_vt4: true, require_vt5: true, require_preview: true, require_partial_metrics: true, require_world_frame: true, require_phase_f_proof: true, require_instanced_draw: true }
2026-05-23T04:28:09.355761Z  INFO visual_diag: VISUAL_DIAG sim_viewport frame=75 sim_valid=true sim_adequate=true sim_min=Vec2(0.0, 0.0) sim_max=Vec2(1280.0, 720.0) sim_wh=(1280, 720) measured_valid=true measured_wh=(1280, 720) committed_wh=(1280, 720) sim_held=true settle_streak=4 layout_settled=true frozen=true last_commit="hole_hold" pending_wh=(1280, 720) pending_min=Vec2(0.0, 0.0) pending_max=Vec2(1280.0, 720.0)
2026-05-23T04:28:09.355768Z  INFO visual_diag: VISUAL_DIAG camera frame=75 cam_desired_x=160.0 cam_desired_y=160.0 cam_zoom=2.0249998569488525 latch_hole=true render_hole=true latch_invalid_streak=0 latch_valid_streak=74 cam_scissor=Some((0, 0, 1280, 720)) ortho_fixed_w=632 ortho_fixed_h=356 map_view_px_w=1280 map_view_px_h=720 world_w=320 world_h=320
2026-05-23T04:28:09.355774Z  INFO visual_diag: VISUAL_DIAG resolved_viewports frame=75 resolved_rev=112 primary_valid=true primary_wh=(1280, 720) sim_resolved_valid=true sim_resolved_wh=(1280, 720) preview_valid=true preview_wh=(372, 362) minimap_valid=true minimap_wh=(397, 160) mismatch_preview=false mismatch_minimap=false mismatch_sim_map=false mismatch_stale_tex=false
2026-05-23T04:28:09.355778Z  INFO visual_diag: VISUAL_DIAG map_view_frames frame=75 world_preview_proj_rev=1554780161534 minimap_proj_rev=687223767846 sim_map_proj_rev=3092405454489
2026-05-23T04:28:09.355781Z  INFO visual_diag: VISUAL_DIAG map_presentation frame=75 wp_fit=Contain wp_viewport=UVec2(372, 362) wp_fit_scale=1.10595703125 wp_expected_fit_scale=1.10595703125 wp_zoom=1.0407500267028809 mm_fit=Cover mm_viewport=UVec2(397, 160) mm_fit_scale=1.2409179210662842
2026-05-23T04:28:09.355787Z  INFO visual_diag: VISUAL_DIAG render_spine frame=75 raster_rev=29 repr_band=0 repr_lod="LocalTactical" particle_rows_cap=262144 visual_intent="Strategic" visual_zoom_alpha=0.01843632385134697 fire_particle_rows=0 fire_particle_stamp=76 overlay_rev=2 overlay_chunk_cells=28 graph_fire_inst=0 graph_fire_heat=0 gpu_instance_rows=0 gpu_dispatch=1 gpu_draw=0
2026-05-23T04:28:09.355792Z  INFO visual_diag: VISUAL_DIAG perf frame=75 tile_raster_ms=0.0 tile_raster_ran=false world_repr_ms=0.009999999776482582 projection_graph_ms=0.0003000000142492354 domain_merge_ms=0.0 readiness_ms=0.021399999037384987 cpu_pre_egui_ms=0.0 cpu_egui_ms=0.0 cpu_post_egui_ms=0.0 gpu_gap_ms=0.0
2026-05-23T04:28:09.355796Z  INFO visual_diag: VISUAL_DIAG hud_shell frame=75 cmd_shell=false overlay_tray=false transmission=false
2026-05-23T04:28:09.355815Z  INFO perf: PERF wall=26.42 instr=0.03 gap=26.39 | cpu_pre_egui=24.56 cpu_egui=0.44 cpu_post_egui=1.42 gpu_gap=0.00 | spine=0.00 world_repr=0.01 graph=0.00 merge=0.00 atm=0.00 readiness=0.02 raster=0.00 (idle) | upd_attrib sum=5.79 pv_cpu=0.00 pv_gpu=0.00 fire=0.11 stream=5.56 map_fit=0.00 hud=0.11 wgen=0.00 | budget_sum=4.87 hud=0.11 overlay=0.00 raster_b=4.68 particles=0.00 residency=0.03 tex_reg=0.00 render_x=0.05 | stall first+preupd=0.02 update=0.00 post_dom=0.00 post_vt=0.01 postÔåÆready=0.00 ready=0.07 postÔåÆegui=5.81 egui=0.36 post_egui=1.36 | stall_hits=[after_tile_storage_apply:18.7,pre_egui:5.8]
2026-05-23T04:28:09.355821Z  INFO perf: PERF frame=26.4ms update=24.6ms egui=0.4ms preview=0.0ms streaming=5.6ms tile_apply=0.0ms viewport=0.0ms map_fit=0.0ms repr=0.0ms raster=0.0ms
2026-05-23T04:28:09.355825Z  INFO stall: STALL culprit=after_tile_storage_apply duration=18.7ms frame=26.4ms
2026-05-23T04:28:09.356348Z  INFO viewport_authority: VIEWPORT_AUTHORITY source=ResolvedViewport valid=true min=Vec2(0.0, 0.0) max=Vec2(1280.0, 720.0) w=1280.0 h=720.0
2026-05-23T04:28:09.357421Z  INFO construction_finish_todos: CONSTRUCTION_FINISH_COMPLETE done=8/8
2026-05-23T04:28:09.357432Z  INFO construction_round2_todos: CONSTRUCTION_ROUND2_COMPLETE done=15/15
2026-05-23T04:28:09.357437Z  INFO construction_round3_todos: CONSTRUCTION_ROUND3_COMPLETE done=27/27
2026-05-23T04:28:09.357440Z  INFO construction_operational_todos: CONSTRUCTION_OPERATIONAL_GREEN
2026-05-23T04:28:09.368362Z  INFO stage5_live_todos: STAGE5_MAP_CAMERA_HOOK post_mirror desired_xy=(160.00,160.00) zoom=2.0250 world_main_xy=(160.00,160.00) zoom=2.0250 bridge_drift=0.0000
2026-05-23T04:28:09.372108Z  INFO stage5_live_todos: STAGE5_FIRE_HOOK fire_visual_producer_count=1 (expect 1 for FIRE-01)
2026-05-23T04:28:09.374676Z  INFO stall: STALL after_tile_storage_apply: 18.57ms
2026-05-23T04:28:09.377775Z  INFO stage5_live_todos: STAGE5_SPINE_HOOK policy_present=true graph_present=true fence_committed=true fence_fire_tick=77 world_frame_present=true overlay_rev=2 overlay_chunk_cells=28 atm_partial_dispatch=1 atm_gpu_tex_uploads=0 atm_full_field_fallback=false
2026-05-23T04:28:09.380577Z  INFO industrial_activation_todos: INDUSTRIAL_ACTIVATION_GREEN
2026-05-23T04:28:09.380636Z  INFO viewport_authority: VIEWPORT_AUTHORITY source=UiMeasured valid=true min=Vec2(0.0, 0.0) max=Vec2(1280.0, 720.0) w=1280.0 h=720.0
2026-05-23T04:28:09.380644Z  INFO stall: STALL pre_egui: 5.97ms
2026-05-23T04:28:09.380645Z  INFO viewport_authority::solver: VIEWPORT_SOLVER_TARGET node=SimMapFill valid=true rect.source=SimMapFill w=1280.0 h=720.0
2026-05-23T04:28:09.380661Z  INFO viewport_authority: VIEWPORT_AUTHORITY source=LayoutSolver valid=true min=Vec2(0.0, 0.0) max=Vec2(1280.0, 720.0) w=1280.0 h=720.0
2026-05-23T04:28:09.380669Z  INFO viewport_authority: VIEWPORT_AUTHORITY source=LayoutSolver valid=true min=Vec2(0.0, 0.0) max=Vec2(1280.0, 720.0) w=1280.0 h=720.0
2026-05-23T04:28:09.380673Z  INFO viewport_authority: VIEWPORT_AUTHORITY source=UiCommitted valid=true min=Vec2(0.0, 0.0) max=Vec2(1280.0, 720.0) w=1280.0 h=720.0
2026-05-23T04:28:09.380688Z  INFO viewport_authority: VIEWPORT_AUTHORITY source=CameraApplied valid=true min=Vec2(0.0, 0.0) max=Vec2(1280.0, 720.0) w=1280.0 h=720.0
2026-05-23T04:28:09.380713Z  INFO stage5_live_todos: STAGE5_READINESS_HOOK passes=true violations_first=(none) producer_count=1
2026-05-23T04:28:09.380722Z  INFO visual_aidv2_live_todos: VISUAL_AID_V2_BOARD done=3/6 footprint_ok=false readability=true icons=0
2026-05-23T04:28:09.381936Z  INFO stage5_live_todos: STAGE5_GPU_HOOK indirect_instances=0 dispatch_count=0 draw_instances=0 (PHF-01 alignment)
2026-05-23T04:28:09.382497Z  INFO visual_diag: VISUAL_DIAG window frame=76 periodic=false win_logical=(1280, 720) win_physical=(1280, 720) scale=1.0 app=2 base=2 flow=3 worldgen=5 readiness_profile=Stage5ReadinessProfile { require_vt4: true, require_vt5: true, require_preview: true, require_partial_metrics: true, require_world_frame: true, require_phase_f_proof: true, require_instanced_draw: true }
2026-05-23T04:28:09.382507Z  INFO visual_diag: VISUAL_DIAG sim_viewport frame=76 sim_valid=true sim_adequate=true sim_min=Vec2(0.0, 0.0) sim_max=Vec2(1280.0, 720.0) sim_wh=(1280, 720) measured_valid=true measured_wh=(1280, 720) committed_wh=(1280, 720) sim_held=true settle_streak=4 layout_settled=true frozen=true last_commit="hole_hold" pending_wh=(1280, 720) pending_min=Vec2(0.0, 0.0) pending_max=Vec2(1280.0, 720.0)
2026-05-23T04:28:09.382513Z  INFO visual_diag: VISUAL_DIAG camera frame=76 cam_desired_x=160.0 cam_desired_y=160.0 cam_zoom=2.0249998569488525 latch_hole=true render_hole=true latch_invalid_streak=0 latch_valid_streak=75 cam_scissor=Some((0, 0, 1280, 720)) ortho_fixed_w=632 ortho_fixed_h=356 map_view_px_w=1280 map_view_px_h=720 world_w=320 world_h=320
2026-05-23T04:28:09.382518Z  INFO visual_diag: VISUAL_DIAG resolved_viewports frame=76 resolved_rev=112 primary_valid=true primary_wh=(1280, 720) sim_resolved_valid=true sim_resolved_wh=(1280, 720) preview_valid=true preview_wh=(372, 362) minimap_valid=true minimap_wh=(397, 160) mismatch_preview=false mismatch_minimap=false mismatch_sim_map=false mismatch_stale_tex=false
2026-05-23T04:28:09.382521Z  INFO visual_diag: VISUAL_DIAG map_view_frames frame=76 world_preview_proj_rev=1554780161534 minimap_proj_rev=687223767846 sim_map_proj_rev=3092405454489
2026-05-23T04:28:09.382523Z  INFO visual_diag: VISUAL_DIAG map_presentation frame=76 wp_fit=Contain wp_viewport=UVec2(372, 362) wp_fit_scale=1.10595703125 wp_expected_fit_scale=1.10595703125 wp_zoom=1.0407500267028809 mm_fit=Cover mm_viewport=UVec2(397, 160) mm_fit_scale=1.2409179210662842
2026-05-23T04:28:09.382528Z  INFO visual_diag: VISUAL_DIAG render_spine frame=76 raster_rev=29 repr_band=0 repr_lod="LocalTactical" particle_rows_cap=262144 visual_intent="Strategic" visual_zoom_alpha=0.01843632385134697 fire_particle_rows=0 fire_particle_stamp=77 overlay_rev=2 overlay_chunk_cells=28 graph_fire_inst=0 graph_fire_heat=0 gpu_instance_rows=0 gpu_dispatch=1 gpu_draw=0
2026-05-23T04:28:09.382548Z  INFO visual_diag: VISUAL_DIAG perf frame=76 tile_raster_ms=0.0 tile_raster_ran=false world_repr_ms=0.00989999994635582 projection_graph_ms=0.00020000000949949026 domain_merge_ms=0.0 readiness_ms=0.021700000390410423 cpu_pre_egui_ms=0.0 cpu_egui_ms=0.0 cpu_post_egui_ms=0.0 gpu_gap_ms=0.0
2026-05-23T04:28:09.382558Z  INFO visual_diag: VISUAL_DIAG hud_shell frame=76 cmd_shell=false overlay_tray=false transmission=false
2026-05-23T04:28:09.382580Z  INFO perf: PERF wall=26.49 instr=0.03 gap=26.46 | cpu_pre_egui=24.56 cpu_egui=0.50 cpu_post_egui=1.43 gpu_gap=0.00 | spine=0.00 world_repr=0.01 graph=0.00 merge=0.00 atm=0.00 readiness=0.02 raster=0.00 (idle) | upd_attrib sum=5.83 pv_cpu=0.00 pv_gpu=0.00 fire=0.10 stream=5.60 map_fit=0.00 hud=0.12 wgen=0.00 | budget_sum=4.88 hud=0.12 overlay=0.00 raster_b=4.68 particles=0.00 residency=0.03 tex_reg=0.00 render_x=0.05 | stall first+preupd=0.03 update=0.00 post_dom=0.00 post_vt=0.01 postÔåÆready=0.00 ready=0.08 postÔåÆegui=5.97 egui=0.40 post_egui=1.35 | stall_hits=[after_tile_storage_apply:18.6,pre_egui:6.0]
2026-05-23T04:28:09.382589Z  INFO perf: PERF frame=26.5ms update=24.6ms egui=0.5ms preview=0.0ms streaming=5.6ms tile_apply=0.0ms viewport=0.0ms map_fit=0.0ms repr=0.0ms raster=0.0ms
2026-05-23T04:28:09.382592Z  INFO stall: STALL culprit=after_tile_storage_apply duration=18.6ms frame=26.5ms
2026-05-23T04:28:09.383186Z  INFO viewport_authority: VIEWPORT_AUTHORITY source=ResolvedViewport valid=true min=Vec2(0.0, 0.0) max=Vec2(1280.0, 720.0) w=1280.0 h=720.0
2026-05-23T04:28:09.384374Z  INFO construction_finish_todos: CONSTRUCTION_FINISH_COMPLETE done=8/8
2026-05-23T04:28:09.384382Z  INFO construction_round2_todos: CONSTRUCTION_ROUND2_COMPLETE done=15/15
2026-05-23T04:28:09.384386Z  INFO construction_round3_todos: CONSTRUCTION_ROUND3_COMPLETE done=27/27
2026-05-23T04:28:09.384389Z  INFO construction_operational_todos: CONSTRUCTION_OPERATIONAL_GREEN
2026-05-23T04:28:09.396611Z  INFO stage5_live_todos: STAGE5_MAP_CAMERA_HOOK post_mirror desired_xy=(160.00,160.00) zoom=2.0250 world_main_xy=(160.00,160.00) zoom=2.0250 bridge_drift=0.0000
2026-05-23T04:28:09.400506Z  INFO stage5_live_todos: STAGE5_FIRE_HOOK fire_visual_producer_count=1 (expect 1 for FIRE-01)
2026-05-23T04:28:09.403074Z  INFO stall: STALL after_tile_storage_apply: 20.13ms
2026-05-23T04:28:09.406137Z  INFO stage5_live_todos: STAGE5_SPINE_HOOK policy_present=true graph_present=true fence_committed=true fence_fire_tick=78 world_frame_present=true overlay_rev=2 overlay_chunk_cells=28 atm_partial_dispatch=1 atm_gpu_tex_uploads=0 atm_full_field_fallback=false
2026-05-23T04:28:09.408750Z  INFO industrial_activation_todos: INDUSTRIAL_ACTIVATION_GREEN
2026-05-23T04:28:09.408805Z  INFO stall: STALL pre_egui: 5.73ms
2026-05-23T04:28:09.408820Z  INFO viewport_authority: VIEWPORT_AUTHORITY source=UiMeasured valid=true min=Vec2(0.0, 0.0) max=Vec2(1280.0, 720.0) w=1280.0 h=720.0
2026-05-23T04:28:09.408829Z  INFO viewport_authority::solver: VIEWPORT_SOLVER_TARGET node=SimMapFill valid=true rect.source=SimMapFill w=1280.0 h=720.0
2026-05-23T04:28:09.408833Z  INFO viewport_authority: VIEWPORT_AUTHORITY source=LayoutSolver valid=true min=Vec2(0.0, 0.0) max=Vec2(1280.0, 720.0) w=1280.0 h=720.0
2026-05-23T04:28:09.408836Z  INFO viewport_authority: VIEWPORT_AUTHORITY source=LayoutSolver valid=true min=Vec2(0.0, 0.0) max=Vec2(1280.0, 720.0) w=1280.0 h=720.0
2026-05-23T04:28:09.408839Z  INFO viewport_authority: VIEWPORT_AUTHORITY source=UiCommitted valid=true min=Vec2(0.0, 0.0) max=Vec2(1280.0, 720.0) w=1280.0 h=720.0
2026-05-23T04:28:09.408851Z  INFO viewport_authority: VIEWPORT_AUTHORITY source=CameraApplied valid=true min=Vec2(0.0, 0.0) max=Vec2(1280.0, 720.0) w=1280.0 h=720.0
2026-05-23T04:28:09.408876Z  INFO stage5_live_todos: STAGE5_READINESS_HOOK passes=true violations_first=(none) producer_count=1
2026-05-23T04:28:09.408885Z  INFO visual_aidv2_live_todos: VISUAL_AID_V2_BOARD done=3/6 footprint_ok=false readability=true icons=0
2026-05-23T04:28:09.410151Z  INFO stage5_live_todos: STAGE5_GPU_HOOK indirect_instances=0 dispatch_count=0 draw_instances=0 (PHF-01 alignment)
2026-05-23T04:28:09.410653Z  INFO visual_diag: VISUAL_DIAG window frame=77 periodic=false win_logical=(1280, 720) win_physical=(1280, 720) scale=1.0 app=2 base=2 flow=3 worldgen=5 readiness_profile=Stage5ReadinessProfile { require_vt4: true, require_vt5: true, require_preview: true, require_partial_metrics: true, require_world_frame: true, require_phase_f_proof: true, require_instanced_draw: true }
2026-05-23T04:28:09.410664Z  INFO visual_diag: VISUAL_DIAG sim_viewport frame=77 sim_valid=true sim_adequate=true sim_min=Vec2(0.0, 0.0) sim_max=Vec2(1280.0, 720.0) sim_wh=(1280, 720) measured_valid=true measured_wh=(1280, 720) committed_wh=(1280, 720) sim_held=true settle_streak=4 layout_settled=true frozen=true last_commit="hole_hold" pending_wh=(1280, 720) pending_min=Vec2(0.0, 0.0) pending_max=Vec2(1280.0, 720.0)
2026-05-23T04:28:09.410670Z  INFO visual_diag: VISUAL_DIAG camera frame=77 cam_desired_x=160.0 cam_desired_y=160.0 cam_zoom=2.0249998569488525 latch_hole=true render_hole=true latch_invalid_streak=0 latch_valid_streak=76 cam_scissor=Some((0, 0, 1280, 720)) ortho_fixed_w=632 ortho_fixed_h=356 map_view_px_w=1280 map_view_px_h=720 world_w=320 world_h=320
2026-05-23T04:28:09.410675Z  INFO visual_diag: VISUAL_DIAG resolved_viewports frame=77 resolved_rev=112 primary_valid=true primary_wh=(1280, 720) sim_resolved_valid=true sim_resolved_wh=(1280, 720) preview_valid=true preview_wh=(372, 362) minimap_valid=true minimap_wh=(397, 160) mismatch_preview=false mismatch_minimap=false mismatch_sim_map=false mismatch_stale_tex=false
2026-05-23T04:28:09.410679Z  INFO visual_diag: VISUAL_DIAG map_view_frames frame=77 world_preview_proj_rev=1554780161534 minimap_proj_rev=687223767846 sim_map_proj_rev=3092405454489
2026-05-23T04:28:09.410682Z  INFO visual_diag: VISUAL_DIAG map_presentation frame=77 wp_fit=Contain wp_viewport=UVec2(372, 362) wp_fit_scale=1.10595703125 wp_expected_fit_scale=1.10595703125 wp_zoom=1.0407500267028809 mm_fit=Cover mm_viewport=UVec2(397, 160) mm_fit_scale=1.2409179210662842
2026-05-23T04:28:09.410689Z  INFO visual_diag: VISUAL_DIAG render_spine frame=77 raster_rev=29 repr_band=0 repr_lod="LocalTactical" particle_rows_cap=262144 visual_intent="Strategic" visual_zoom_alpha=0.01843632385134697 fire_particle_rows=0 fire_particle_stamp=78 overlay_rev=2 overlay_chunk_cells=28 graph_fire_inst=0 graph_fire_heat=0 gpu_instance_rows=0 gpu_dispatch=1 gpu_draw=0
2026-05-23T04:28:09.410693Z  INFO visual_diag: VISUAL_DIAG perf frame=77 tile_raster_ms=0.0 tile_raster_ran=false world_repr_ms=0.008899999782443047 projection_graph_ms=0.00020000000949949026 domain_merge_ms=0.0 readiness_ms=0.021300001069903374 cpu_pre_egui_ms=0.0 cpu_egui_ms=0.0 cpu_post_egui_ms=0.0 gpu_gap_ms=0.0
2026-05-23T04:28:09.410696Z  INFO visual_diag: VISUAL_DIAG hud_shell frame=77 cmd_shell=false overlay_tray=false transmission=false
2026-05-23T04:28:09.410717Z  INFO perf: PERF wall=27.79 instr=0.03 gap=27.76 | cpu_pre_egui=25.90 cpu_egui=0.49 cpu_post_egui=1.41 gpu_gap=0.00 | spine=0.00 world_repr=0.01 graph=0.00 merge=0.00 atm=0.00 readiness=0.02 raster=0.00 (idle) | upd_attrib sum=5.79 pv_cpu=0.00 pv_gpu=0.01 fire=0.10 stream=5.57 map_fit=0.00 hud=0.11 wgen=0.00 | budget_sum=4.88 hud=0.11 overlay=0.00 raster_b=4.68 particles=0.00 residency=0.03 tex_reg=0.00 render_x=0.05 | stall first+preupd=0.03 update=0.01 post_dom=0.00 post_vt=0.01 postÔåÆready=0.00 ready=0.07 postÔåÆegui=5.73 egui=0.40 post_egui=1.35 | stall_hits=[after_tile_storage_apply:20.1,pre_egui:5.7]
2026-05-23T04:28:09.410727Z  INFO perf: PERF frame=27.8ms update=25.9ms egui=0.5ms preview=0.0ms streaming=5.6ms tile_apply=0.0ms viewport=0.0ms map_fit=0.0ms repr=0.0ms raster=0.0ms
2026-05-23T04:28:09.410730Z  INFO stall: STALL culprit=after_tile_storage_apply duration=20.1ms frame=27.8ms
2026-05-23T04:28:09.411262Z  INFO viewport_authority: VIEWPORT_AUTHORITY source=ResolvedViewport valid=true min=Vec2(0.0, 0.0) max=Vec2(1280.0, 720.0) w=1280.0 h=720.0
2026-05-23T04:28:09.412336Z  INFO construction_finish_todos: CONSTRUCTION_FINISH_COMPLETE done=8/8
2026-05-23T04:28:09.412345Z  INFO construction_round2_todos: CONSTRUCTION_ROUND2_COMPLETE done=15/15
2026-05-23T04:28:09.412348Z  INFO construction_round3_todos: CONSTRUCTION_ROUND3_COMPLETE done=27/27
2026-05-23T04:28:09.412352Z  INFO construction_operational_todos: CONSTRUCTION_OPERATIONAL_GREEN
2026-05-23T04:28:09.424509Z  INFO stage5_live_todos: STAGE5_MAP_CAMERA_HOOK post_mirror desired_xy=(160.00,160.00) zoom=2.0250 world_main_xy=(160.00,160.00) zoom=2.0250 bridge_drift=0.0000
2026-05-23T04:28:09.428915Z  INFO stage5_live_todos: STAGE5_FIRE_HOOK fire_visual_producer_count=1 (expect 1 for FIRE-01)
2026-05-23T04:28:09.431472Z  INFO stall: STALL after_tile_storage_apply: 20.43ms
2026-05-23T04:28:09.434577Z  INFO stage5_live_todos: STAGE5_SPINE_HOOK policy_present=true graph_present=true fence_committed=true fence_fire_tick=79 world_frame_present=true overlay_rev=2 overlay_chunk_cells=28 atm_partial_dispatch=1 atm_gpu_tex_uploads=0 atm_full_field_fallback=false
2026-05-23T04:28:09.437320Z  INFO industrial_activation_todos: INDUSTRIAL_ACTIVATION_GREEN
2026-05-23T04:28:09.437371Z  INFO stall: STALL pre_egui: 5.90ms
2026-05-23T04:28:09.437382Z  INFO viewport_authority: VIEWPORT_AUTHORITY source=UiMeasured valid=true min=Vec2(0.0, 0.0) max=Vec2(1280.0, 720.0) w=1280.0 h=720.0
2026-05-23T04:28:09.437393Z  INFO viewport_authority::solver: VIEWPORT_SOLVER_TARGET node=SimMapFill valid=true rect.source=SimMapFill w=1280.0 h=720.0
2026-05-23T04:28:09.437397Z  INFO viewport_authority: VIEWPORT_AUTHORITY source=LayoutSolver valid=true min=Vec2(0.0, 0.0) max=Vec2(1280.0, 720.0) w=1280.0 h=720.0
2026-05-23T04:28:09.437400Z  INFO viewport_authority: VIEWPORT_AUTHORITY source=LayoutSolver valid=true min=Vec2(0.0, 0.0) max=Vec2(1280.0, 720.0) w=1280.0 h=720.0
2026-05-23T04:28:09.437403Z  INFO viewport_authority: VIEWPORT_AUTHORITY source=UiCommitted valid=true min=Vec2(0.0, 0.0) max=Vec2(1280.0, 720.0) w=1280.0 h=720.0
2026-05-23T04:28:09.437419Z  INFO viewport_authority: VIEWPORT_AUTHORITY source=CameraApplied valid=true min=Vec2(0.0, 0.0) max=Vec2(1280.0, 720.0) w=1280.0 h=720.0
2026-05-23T04:28:09.437446Z  INFO stage5_live_todos: STAGE5_READINESS_HOOK passes=true violations_first=(none) producer_count=1
2026-05-23T04:28:09.437456Z  INFO visual_aidv2_live_todos: VISUAL_AID_V2_BOARD done=3/6 footprint_ok=false readability=true icons=0
2026-05-23T04:28:09.438653Z  INFO stage5_live_todos: STAGE5_GPU_HOOK indirect_instances=0 dispatch_count=0 draw_instances=0 (PHF-01 alignment)
2026-05-23T04:28:09.439156Z  INFO visual_diag: VISUAL_DIAG window frame=78 periodic=false win_logical=(1280, 720) win_physical=(1280, 720) scale=1.0 app=2 base=2 flow=3 worldgen=5 readiness_profile=Stage5ReadinessProfile { require_vt4: true, require_vt5: true, require_preview: true, require_partial_metrics: true, require_world_frame: true, require_phase_f_proof: true, require_instanced_draw: true }
2026-05-23T04:28:09.439167Z  INFO visual_diag: VISUAL_DIAG sim_viewport frame=78 sim_valid=true sim_adequate=true sim_min=Vec2(0.0, 0.0) sim_max=Vec2(1280.0, 720.0) sim_wh=(1280, 720) measured_valid=true measured_wh=(1280, 720) committed_wh=(1280, 720) sim_held=true settle_streak=4 layout_settled=true frozen=true last_commit="hole_hold" pending_wh=(1280, 720) pending_min=Vec2(0.0, 0.0) pending_max=Vec2(1280.0, 720.0)
2026-05-23T04:28:09.439173Z  INFO visual_diag: VISUAL_DIAG camera frame=78 cam_desired_x=160.0 cam_desired_y=160.0 cam_zoom=2.0249998569488525 latch_hole=true render_hole=true latch_invalid_streak=0 latch_valid_streak=77 cam_scissor=Some((0, 0, 1280, 720)) ortho_fixed_w=632 ortho_fixed_h=356 map_view_px_w=1280 map_view_px_h=720 world_w=320 world_h=320
2026-05-23T04:28:09.439177Z  INFO visual_diag: VISUAL_DIAG resolved_viewports frame=78 resolved_rev=112 primary_valid=true primary_wh=(1280, 720) sim_resolved_valid=true sim_resolved_wh=(1280, 720) preview_valid=true preview_wh=(372, 362) minimap_valid=true minimap_wh=(397, 160) mismatch_preview=false mismatch_minimap=false mismatch_sim_map=false mismatch_stale_tex=false
2026-05-23T04:28:09.439181Z  INFO visual_diag: VISUAL_DIAG map_view_frames frame=78 world_preview_proj_rev=1554780161534 minimap_proj_rev=687223767846 sim_map_proj_rev=3092405454489
2026-05-23T04:28:09.439183Z  INFO visual_diag: VISUAL_DIAG map_presentation frame=78 wp_fit=Contain wp_viewport=UVec2(372, 362) wp_fit_scale=1.10595703125 wp_expected_fit_scale=1.10595703125 wp_zoom=1.0407500267028809 mm_fit=Cover mm_viewport=UVec2(397, 160) mm_fit_scale=1.2409179210662842
2026-05-23T04:28:09.439188Z  INFO visual_diag: VISUAL_DIAG render_spine frame=78 raster_rev=29 repr_band=0 repr_lod="LocalTactical" particle_rows_cap=262144 visual_intent="Strategic" visual_zoom_alpha=0.01843632385134697 fire_particle_rows=0 fire_particle_stamp=79 overlay_rev=2 overlay_chunk_cells=28 graph_fire_inst=0 graph_fire_heat=0 gpu_instance_rows=0 gpu_dispatch=1 gpu_draw=0
2026-05-23T04:28:09.439192Z  INFO visual_diag: VISUAL_DIAG perf frame=78 tile_raster_ms=0.0 tile_raster_ran=false world_repr_ms=0.009800000116229057 projection_graph_ms=0.00020000000949949026 domain_merge_ms=0.0 readiness_ms=0.02199999988079071 cpu_pre_egui_ms=0.0 cpu_egui_ms=0.0 cpu_post_egui_ms=0.0 gpu_gap_ms=0.0
2026-05-23T04:28:09.439195Z  INFO visual_diag: VISUAL_DIAG hud_shell frame=78 cmd_shell=false overlay_tray=false transmission=false
2026-05-23T04:28:09.439217Z  INFO perf: PERF wall=28.21 instr=0.03 gap=28.17 | cpu_pre_egui=26.38 cpu_egui=0.46 cpu_post_egui=1.37 gpu_gap=0.00 | spine=0.00 world_repr=0.01 graph=0.00 merge=0.00 atm=0.00 readiness=0.02 raster=0.00 (idle) | upd_attrib sum=5.87 pv_cpu=0.00 pv_gpu=0.00 fire=0.12 stream=5.63 map_fit=0.00 hud=0.11 wgen=0.00 | budget_sum=4.88 hud=0.11 overlay=0.00 raster_b=4.68 particles=0.00 residency=0.03 tex_reg=0.00 render_x=0.05 | stall first+preupd=0.04 update=0.03 post_dom=0.00 post_vt=0.00 postÔåÆready=0.00 ready=0.07 postÔåÆegui=5.90 egui=0.37 post_egui=1.31 | stall_hits=[after_tile_storage_apply:20.4,pre_egui:5.9]
2026-05-23T04:28:09.439227Z  INFO perf: PERF frame=28.2ms update=26.4ms egui=0.5ms preview=0.0ms streaming=5.6ms tile_apply=0.0ms viewport=0.0ms map_fit=0.0ms repr=0.0ms raster=0.0ms
2026-05-23T04:28:09.439231Z  INFO stall: STALL culprit=after_tile_storage_apply duration=20.4ms frame=28.2ms
2026-05-23T04:28:09.439797Z  INFO viewport_authority: VIEWPORT_AUTHORITY source=ResolvedViewport valid=true min=Vec2(0.0, 0.0) max=Vec2(1280.0, 720.0) w=1280.0 h=720.0
2026-05-23T04:28:09.440791Z  INFO construction_finish_todos: CONSTRUCTION_FINISH_COMPLETE done=8/8
2026-05-23T04:28:09.440801Z  INFO construction_round2_todos: CONSTRUCTION_ROUND2_COMPLETE done=15/15
2026-05-23T04:28:09.440804Z  INFO construction_round3_todos: CONSTRUCTION_ROUND3_COMPLETE done=27/27
2026-05-23T04:28:09.440809Z  INFO construction_operational_todos: CONSTRUCTION_OPERATIONAL_GREEN
2026-05-23T04:28:09.452929Z  INFO stage5_live_todos: STAGE5_MAP_CAMERA_HOOK post_mirror desired_xy=(160.00,160.00) zoom=2.0250 world_main_xy=(160.00,160.00) zoom=2.0250 bridge_drift=0.0000
2026-05-23T04:28:09.456902Z  INFO stage5_live_todos: STAGE5_FIRE_HOOK fire_visual_producer_count=1 (expect 1 for FIRE-01)
2026-05-23T04:28:09.459704Z  INFO stall: STALL after_tile_storage_apply: 20.16ms
2026-05-23T04:28:09.462910Z  INFO stage5_live_todos: STAGE5_SPINE_HOOK policy_present=true graph_present=true fence_committed=true fence_fire_tick=80 world_frame_present=true overlay_rev=2 overlay_chunk_cells=28 atm_partial_dispatch=1 atm_gpu_tex_uploads=0 atm_full_field_fallback=false
2026-05-23T04:28:09.466371Z  INFO industrial_activation_todos: INDUSTRIAL_ACTIVATION_GREEN
2026-05-23T04:28:09.466421Z  INFO stall: STALL pre_egui: 6.72ms
2026-05-23T04:28:09.466432Z  INFO viewport_authority: VIEWPORT_AUTHORITY source=UiMeasured valid=true min=Vec2(0.0, 0.0) max=Vec2(1280.0, 720.0) w=1280.0 h=720.0
2026-05-23T04:28:09.466440Z  INFO viewport_authority::solver: VIEWPORT_SOLVER_TARGET node=SimMapFill valid=true rect.source=SimMapFill w=1280.0 h=720.0
2026-05-23T04:28:09.466444Z  INFO viewport_authority: VIEWPORT_AUTHORITY source=LayoutSolver valid=true min=Vec2(0.0, 0.0) max=Vec2(1280.0, 720.0) w=1280.0 h=720.0
2026-05-23T04:28:09.466447Z  INFO viewport_authority: VIEWPORT_AUTHORITY source=LayoutSolver valid=true min=Vec2(0.0, 0.0) max=Vec2(1280.0, 720.0) w=1280.0 h=720.0
2026-05-23T04:28:09.466449Z  INFO viewport_authority: VIEWPORT_AUTHORITY source=UiCommitted valid=true min=Vec2(0.0, 0.0) max=Vec2(1280.0, 720.0) w=1280.0 h=720.0
2026-05-23T04:28:09.466460Z  INFO viewport_authority: VIEWPORT_AUTHORITY source=CameraApplied valid=true min=Vec2(0.0, 0.0) max=Vec2(1280.0, 720.0) w=1280.0 h=720.0
2026-05-23T04:28:09.466488Z  INFO stage5_live_todos: STAGE5_READINESS_HOOK passes=true violations_first=(none) producer_count=1
2026-05-23T04:28:09.466498Z  INFO visual_aidv2_live_todos: VISUAL_AID_V2_BOARD done=3/6 footprint_ok=false readability=true icons=0
2026-05-23T04:28:09.467765Z  INFO stage5_live_todos: STAGE5_GPU_HOOK indirect_instances=0 dispatch_count=0 draw_instances=0 (PHF-01 alignment)
2026-05-23T04:28:09.468297Z  INFO visual_diag: VISUAL_DIAG window frame=79 periodic=false win_logical=(1280, 720) win_physical=(1280, 720) scale=1.0 app=2 base=2 flow=3 worldgen=5 readiness_profile=Stage5ReadinessProfile { require_vt4: true, require_vt5: true, require_preview: true, require_partial_metrics: true, require_world_frame: true, require_phase_f_proof: true, require_instanced_draw: true }
2026-05-23T04:28:09.468309Z  INFO visual_diag: VISUAL_DIAG sim_viewport frame=79 sim_valid=true sim_adequate=true sim_min=Vec2(0.0, 0.0) sim_max=Vec2(1280.0, 720.0) sim_wh=(1280, 720) measured_valid=true measured_wh=(1280, 720) committed_wh=(1280, 720) sim_held=true settle_streak=4 layout_settled=true frozen=true last_commit="hole_hold" pending_wh=(1280, 720) pending_min=Vec2(0.0, 0.0) pending_max=Vec2(1280.0, 720.0)
2026-05-23T04:28:09.468314Z  INFO visual_diag: VISUAL_DIAG camera frame=79 cam_desired_x=160.0 cam_desired_y=160.0 cam_zoom=2.0249998569488525 latch_hole=true render_hole=true latch_invalid_streak=0 latch_valid_streak=78 cam_scissor=Some((0, 0, 1280, 720)) ortho_fixed_w=632 ortho_fixed_h=356 map_view_px_w=1280 map_view_px_h=720 world_w=320 world_h=320
2026-05-23T04:28:09.468319Z  INFO visual_diag: VISUAL_DIAG resolved_viewports frame=79 resolved_rev=112 primary_valid=true primary_wh=(1280, 720) sim_resolved_valid=true sim_resolved_wh=(1280, 720) preview_valid=true preview_wh=(372, 362) minimap_valid=true minimap_wh=(397, 160) mismatch_preview=false mismatch_minimap=false mismatch_sim_map=false mismatch_stale_tex=false
2026-05-23T04:28:09.468324Z  INFO visual_diag: VISUAL_DIAG map_view_frames frame=79 world_preview_proj_rev=1554780161534 minimap_proj_rev=687223767846 sim_map_proj_rev=3092405454489
2026-05-23T04:28:09.468326Z  INFO visual_diag: VISUAL_DIAG map_presentation frame=79 wp_fit=Contain wp_viewport=UVec2(372, 362) wp_fit_scale=1.10595703125 wp_expected_fit_scale=1.10595703125 wp_zoom=1.0407500267028809 mm_fit=Cover mm_viewport=UVec2(397, 160) mm_fit_scale=1.2409179210662842
2026-05-23T04:28:09.468334Z  INFO visual_diag: VISUAL_DIAG render_spine frame=79 raster_rev=29 repr_band=0 repr_lod="LocalTactical" particle_rows_cap=262144 visual_intent="Strategic" visual_zoom_alpha=0.01843632385134697 fire_particle_rows=0 fire_particle_stamp=80 overlay_rev=2 overlay_chunk_cells=28 graph_fire_inst=0 graph_fire_heat=0 gpu_instance_rows=0 gpu_dispatch=1 gpu_draw=0
2026-05-23T04:28:09.468338Z  INFO visual_diag: VISUAL_DIAG perf frame=79 tile_raster_ms=0.0 tile_raster_ran=false world_repr_ms=0.012199999764561653 projection_graph_ms=0.00020000000949949026 domain_merge_ms=0.00010000000474974513 readiness_ms=0.02329999953508377 cpu_pre_egui_ms=0.0 cpu_egui_ms=0.0 cpu_post_egui_ms=0.0 gpu_gap_ms=0.0
2026-05-23T04:28:09.468341Z  INFO visual_diag: VISUAL_DIAG hud_shell frame=79 cmd_shell=false overlay_tray=false transmission=false
2026-05-23T04:28:09.468358Z  INFO perf: PERF wall=28.83 instr=0.04 gap=28.79 | cpu_pre_egui=26.91 cpu_egui=0.50 cpu_post_egui=1.42 gpu_gap=0.00 | spine=0.00 world_repr=0.01 graph=0.00 merge=0.00 atm=0.00 readiness=0.02 raster=0.00 (idle) | upd_attrib sum=6.17 pv_cpu=0.00 pv_gpu=0.00 fire=0.10 stream=5.94 map_fit=0.00 hud=0.12 wgen=0.00 | budget_sum=4.89 hud=0.12 overlay=0.00 raster_b=4.68 particles=0.00 residency=0.03 tex_reg=0.00 render_x=0.05 | stall first+preupd=0.03 update=0.00 post_dom=0.00 post_vt=0.01 postÔåÆready=0.00 ready=0.07 postÔåÆegui=6.72 egui=0.41 post_egui=1.37 | stall_hits=[after_tile_storage_apply:20.2,pre_egui:6.7]
2026-05-23T04:28:09.468364Z  INFO perf: PERF frame=28.8ms update=26.9ms egui=0.5ms preview=0.0ms streaming=5.9ms tile_apply=0.0ms viewport=0.0ms map_fit=0.0ms repr=0.0ms raster=0.0ms
2026-05-23T04:28:09.468367Z  INFO stall: STALL culprit=after_tile_storage_apply duration=20.2ms frame=28.8ms
2026-05-23T04:28:09.468886Z  INFO viewport_authority: VIEWPORT_AUTHORITY source=ResolvedViewport valid=true min=Vec2(0.0, 0.0) max=Vec2(1280.0, 720.0) w=1280.0 h=720.0
2026-05-23T04:28:09.469865Z  INFO construction_finish_todos: CONSTRUCTION_FINISH_COMPLETE done=8/8
2026-05-23T04:28:09.469874Z  INFO construction_round2_todos: CONSTRUCTION_ROUND2_COMPLETE done=15/15
2026-05-23T04:28:09.469877Z  INFO construction_round3_todos: CONSTRUCTION_ROUND3_COMPLETE done=27/27
2026-05-23T04:28:09.469882Z  INFO construction_operational_todos: CONSTRUCTION_OPERATIONAL_GREEN
2026-05-23T04:28:09.479917Z  INFO stage5_live_todos: STAGE5_MAP_CAMERA_HOOK post_mirror desired_xy=(160.00,160.00) zoom=2.0250 world_main_xy=(160.00,160.00) zoom=2.0250 bridge_drift=0.0000
2026-05-23T04:28:09.483752Z  INFO stage5_live_todos: STAGE5_FIRE_HOOK fire_visual_producer_count=1 (expect 1 for FIRE-01)
2026-05-23T04:28:09.486415Z  INFO stall: STALL after_tile_storage_apply: 17.77ms
2026-05-23T04:28:09.489525Z  INFO stage5_live_todos: STAGE5_SPINE_HOOK policy_present=true graph_present=true fence_committed=true fence_fire_tick=81 world_frame_present=true overlay_rev=2 overlay_chunk_cells=28 atm_partial_dispatch=1 atm_gpu_tex_uploads=0 atm_full_field_fallback=false
2026-05-23T04:28:09.492943Z  INFO industrial_activation_todos: INDUSTRIAL_ACTIVATION_GREEN
2026-05-23T04:28:09.492992Z  INFO stall: STALL pre_egui: 6.58ms
2026-05-23T04:28:09.493008Z  INFO viewport_authority: VIEWPORT_AUTHORITY source=UiMeasured valid=true min=Vec2(0.0, 0.0) max=Vec2(1280.0, 720.0) w=1280.0 h=720.0
2026-05-23T04:28:09.493017Z  INFO viewport_authority::solver: VIEWPORT_SOLVER_TARGET node=SimMapFill valid=true rect.source=SimMapFill w=1280.0 h=720.0
2026-05-23T04:28:09.493020Z  INFO viewport_authority: VIEWPORT_AUTHORITY source=LayoutSolver valid=true min=Vec2(0.0, 0.0) max=Vec2(1280.0, 720.0) w=1280.0 h=720.0
2026-05-23T04:28:09.493023Z  INFO viewport_authority: VIEWPORT_AUTHORITY source=LayoutSolver valid=true min=Vec2(0.0, 0.0) max=Vec2(1280.0, 720.0) w=1280.0 h=720.0
2026-05-23T04:28:09.493026Z  INFO viewport_authority: VIEWPORT_AUTHORITY source=UiCommitted valid=true min=Vec2(0.0, 0.0) max=Vec2(1280.0, 720.0) w=1280.0 h=720.0
2026-05-23T04:28:09.493042Z  INFO viewport_authority: VIEWPORT_AUTHORITY source=CameraApplied valid=true min=Vec2(0.0, 0.0) max=Vec2(1280.0, 720.0) w=1280.0 h=720.0
2026-05-23T04:28:09.493068Z  INFO stage5_live_todos: STAGE5_READINESS_HOOK passes=true violations_first=(none) producer_count=1
2026-05-23T04:28:09.493078Z  INFO visual_aidv2_live_todos: VISUAL_AID_V2_BOARD done=3/6 footprint_ok=false readability=true icons=0
2026-05-23T04:28:09.494313Z  INFO stage5_live_todos: STAGE5_GPU_HOOK indirect_instances=0 dispatch_count=0 draw_instances=0 (PHF-01 alignment)
2026-05-23T04:28:09.494830Z  INFO visual_diag: VISUAL_DIAG window frame=80 periodic=false win_logical=(1280, 720) win_physical=(1280, 720) scale=1.0 app=2 base=2 flow=3 worldgen=5 readiness_profile=Stage5ReadinessProfile { require_vt4: true, require_vt5: true, require_preview: true, require_partial_metrics: true, require_world_frame: true, require_phase_f_proof: true, require_instanced_draw: true }
2026-05-23T04:28:09.494841Z  INFO visual_diag: VISUAL_DIAG sim_viewport frame=80 sim_valid=true sim_adequate=true sim_min=Vec2(0.0, 0.0) sim_max=Vec2(1280.0, 720.0) sim_wh=(1280, 720) measured_valid=true measured_wh=(1280, 720) committed_wh=(1280, 720) sim_held=true settle_streak=4 layout_settled=true frozen=true last_commit="hole_hold" pending_wh=(1280, 720) pending_min=Vec2(0.0, 0.0) pending_max=Vec2(1280.0, 720.0)
2026-05-23T04:28:09.494847Z  INFO visual_diag: VISUAL_DIAG camera frame=80 cam_desired_x=160.0 cam_desired_y=160.0 cam_zoom=2.0249998569488525 latch_hole=true render_hole=true latch_invalid_streak=0 latch_valid_streak=79 cam_scissor=Some((0, 0, 1280, 720)) ortho_fixed_w=632 ortho_fixed_h=356 map_view_px_w=1280 map_view_px_h=720 world_w=320 world_h=320
2026-05-23T04:28:09.494851Z  INFO visual_diag: VISUAL_DIAG resolved_viewports frame=80 resolved_rev=112 primary_valid=true primary_wh=(1280, 720) sim_resolved_valid=true sim_resolved_wh=(1280, 720) preview_valid=true preview_wh=(372, 362) minimap_valid=true minimap_wh=(397, 160) mismatch_preview=false mismatch_minimap=false mismatch_sim_map=false mismatch_stale_tex=false
2026-05-23T04:28:09.494855Z  INFO visual_diag: VISUAL_DIAG map_view_frames frame=80 world_preview_proj_rev=1554780161534 minimap_proj_rev=687223767846 sim_map_proj_rev=3092405454489
2026-05-23T04:28:09.494857Z  INFO visual_diag: VISUAL_DIAG map_presentation frame=80 wp_fit=Contain wp_viewport=UVec2(372, 362) wp_fit_scale=1.10595703125 wp_expected_fit_scale=1.10595703125 wp_zoom=1.0407500267028809 mm_fit=Cover mm_viewport=UVec2(397, 160) mm_fit_scale=1.2409179210662842
2026-05-23T04:28:09.494862Z  INFO visual_diag: VISUAL_DIAG render_spine frame=80 raster_rev=29 repr_band=0 repr_lod="LocalTactical" particle_rows_cap=262144 visual_intent="Strategic" visual_zoom_alpha=0.01843632385134697 fire_particle_rows=0 fire_particle_stamp=81 overlay_rev=2 overlay_chunk_cells=28 graph_fire_inst=0 graph_fire_heat=0 gpu_instance_rows=0 gpu_dispatch=1 gpu_draw=0
2026-05-23T04:28:09.494866Z  INFO visual_diag: VISUAL_DIAG perf frame=80 tile_raster_ms=0.0 tile_raster_ran=false world_repr_ms=0.011500000022351742 projection_graph_ms=0.00020000000949949026 domain_merge_ms=0.00010000000474974513 readiness_ms=0.022099999710917473 cpu_pre_egui_ms=0.0 cpu_egui_ms=0.0 cpu_post_egui_ms=0.0 gpu_gap_ms=0.0
2026-05-23T04:28:09.494869Z  INFO visual_diag: VISUAL_DIAG hud_shell frame=80 cmd_shell=false overlay_tray=false transmission=false
2026-05-23T04:28:09.494886Z  INFO perf: PERF wall=26.27 instr=0.03 gap=26.24 | cpu_pre_egui=24.40 cpu_egui=0.52 cpu_post_egui=1.36 gpu_gap=0.00 | spine=0.00 world_repr=0.01 graph=0.00 merge=0.00 atm=0.00 readiness=0.02 raster=0.00 (idle) | upd_attrib sum=5.96 pv_cpu=0.00 pv_gpu=0.01 fire=0.12 stream=5.71 map_fit=0.00 hud=0.12 wgen=0.00 | budget_sum=4.90 hud=0.12 overlay=0.00 raster_b=4.68 particles=0.00 residency=0.04 tex_reg=0.00 render_x=0.05 | stall first+preupd=0.03 update=0.00 post_dom=0.00 post_vt=0.01 postÔåÆready=0.00 ready=0.08 postÔåÆegui=6.58 egui=0.43 post_egui=1.30 | stall_hits=[after_tile_storage_apply:17.8,pre_egui:6.6]
2026-05-23T04:28:09.494892Z  INFO perf: PERF frame=26.3ms update=24.4ms egui=0.5ms preview=0.0ms streaming=5.7ms tile_apply=0.0ms viewport=0.0ms map_fit=0.0ms repr=0.0ms raster=0.0ms
2026-05-23T04:28:09.494895Z  INFO stall: STALL culprit=after_tile_storage_apply duration=17.8ms frame=26.3ms
2026-05-23T04:28:09.495453Z  INFO viewport_authority: VIEWPORT_AUTHORITY source=ResolvedViewport valid=true min=Vec2(0.0, 0.0) max=Vec2(1280.0, 720.0) w=1280.0 h=720.0
2026-05-23T04:28:09.496544Z  INFO construction_finish_todos: CONSTRUCTION_FINISH_COMPLETE done=8/8
2026-05-23T04:28:09.496552Z  INFO construction_round2_todos: CONSTRUCTION_ROUND2_COMPLETE done=15/15
2026-05-23T04:28:09.496556Z  INFO construction_round3_todos: CONSTRUCTION_ROUND3_COMPLETE done=27/27
2026-05-23T04:28:09.496560Z  INFO construction_operational_todos: CONSTRUCTION_OPERATIONAL_GREEN
2026-05-23T04:28:09.506638Z  INFO stage5_live_todos: STAGE5_MAP_CAMERA_HOOK post_mirror desired_xy=(160.00,160.00) zoom=2.0250 world_main_xy=(160.00,160.00) zoom=2.0250 bridge_drift=0.0000
2026-05-23T04:28:09.510464Z  INFO stage5_live_todos: STAGE5_FIRE_HOOK fire_visual_producer_count=1 (expect 1 for FIRE-01)
2026-05-23T04:28:09.513303Z  INFO stall: STALL after_tile_storage_apply: 18.11ms
2026-05-23T04:28:09.516388Z  INFO stage5_live_todos: STAGE5_SPINE_HOOK policy_present=true graph_present=true fence_committed=true fence_fire_tick=82 world_frame_present=true overlay_rev=2 overlay_chunk_cells=28 atm_partial_dispatch=1 atm_gpu_tex_uploads=0 atm_full_field_fallback=false
2026-05-23T04:28:09.518641Z  INFO industrial_activation_todos: INDUSTRIAL_ACTIVATION_GREEN
2026-05-23T04:28:09.518692Z  INFO stall: STALL pre_egui: 5.39ms
2026-05-23T04:28:09.518699Z  INFO viewport_authority: VIEWPORT_AUTHORITY source=UiMeasured valid=true min=Vec2(0.0, 0.0) max=Vec2(1280.0, 720.0) w=1280.0 h=720.0
2026-05-23T04:28:09.518709Z  INFO viewport_authority::solver: VIEWPORT_SOLVER_TARGET node=SimMapFill valid=true rect.source=SimMapFill w=1280.0 h=720.0
2026-05-23T04:28:09.518713Z  INFO viewport_authority: VIEWPORT_AUTHORITY source=LayoutSolver valid=true min=Vec2(0.0, 0.0) max=Vec2(1280.0, 720.0) w=1280.0 h=720.0
2026-05-23T04:28:09.518718Z  INFO viewport_authority: VIEWPORT_AUTHORITY source=LayoutSolver valid=true min=Vec2(0.0, 0.0) max=Vec2(1280.0, 720.0) w=1280.0 h=720.0
2026-05-23T04:28:09.518721Z  INFO viewport_authority: VIEWPORT_AUTHORITY source=UiCommitted valid=true min=Vec2(0.0, 0.0) max=Vec2(1280.0, 720.0) w=1280.0 h=720.0
2026-05-23T04:28:09.518733Z  INFO viewport_authority: VIEWPORT_AUTHORITY source=CameraApplied valid=true min=Vec2(0.0, 0.0) max=Vec2(1280.0, 720.0) w=1280.0 h=720.0
2026-05-23T04:28:09.518758Z  INFO stage5_live_todos: STAGE5_READINESS_HOOK passes=true violations_first=(none) producer_count=1
2026-05-23T04:28:09.518768Z  INFO visual_aidv2_live_todos: VISUAL_AID_V2_BOARD done=3/6 footprint_ok=false readability=true icons=0
2026-05-23T04:28:09.519878Z  INFO stage5_live_todos: STAGE5_GPU_HOOK indirect_instances=0 dispatch_count=0 draw_instances=0 (PHF-01 alignment)
2026-05-23T04:28:09.520373Z  INFO visual_diag: VISUAL_DIAG window frame=81 periodic=false win_logical=(1280, 720) win_physical=(1280, 720) scale=1.0 app=2 base=2 flow=3 worldgen=5 readiness_profile=Stage5ReadinessProfile { require_vt4: true, require_vt5: true, require_preview: true, require_partial_metrics: true, require_world_frame: true, require_phase_f_proof: true, require_instanced_draw: true }
2026-05-23T04:28:09.520385Z  INFO visual_diag: VISUAL_DIAG sim_viewport frame=81 sim_valid=true sim_adequate=true sim_min=Vec2(0.0, 0.0) sim_max=Vec2(1280.0, 720.0) sim_wh=(1280, 720) measured_valid=true measured_wh=(1280, 720) committed_wh=(1280, 720) sim_held=true settle_streak=4 layout_settled=true frozen=true last_commit="hole_hold" pending_wh=(1280, 720) pending_min=Vec2(0.0, 0.0) pending_max=Vec2(1280.0, 720.0)
2026-05-23T04:28:09.520392Z  INFO visual_diag: VISUAL_DIAG camera frame=81 cam_desired_x=160.0 cam_desired_y=160.0 cam_zoom=2.0249998569488525 latch_hole=true render_hole=true latch_invalid_streak=0 latch_valid_streak=80 cam_scissor=Some((0, 0, 1280, 720)) ortho_fixed_w=632 ortho_fixed_h=356 map_view_px_w=1280 map_view_px_h=720 world_w=320 world_h=320
2026-05-23T04:28:09.520397Z  INFO visual_diag: VISUAL_DIAG resolved_viewports frame=81 resolved_rev=112 primary_valid=true primary_wh=(1280, 720) sim_resolved_valid=true sim_resolved_wh=(1280, 720) preview_valid=true preview_wh=(372, 362) minimap_valid=true minimap_wh=(397, 160) mismatch_preview=false mismatch_minimap=false mismatch_sim_map=false mismatch_stale_tex=false
2026-05-23T04:28:09.520401Z  INFO visual_diag: VISUAL_DIAG map_view_frames frame=81 world_preview_proj_rev=1554780161534 minimap_proj_rev=687223767846 sim_map_proj_rev=3092405454489
2026-05-23T04:28:09.520404Z  INFO visual_diag: VISUAL_DIAG map_presentation frame=81 wp_fit=Contain wp_viewport=UVec2(372, 362) wp_fit_scale=1.10595703125 wp_expected_fit_scale=1.10595703125 wp_zoom=1.0407500267028809 mm_fit=Cover mm_viewport=UVec2(397, 160) mm_fit_scale=1.2409179210662842
2026-05-23T04:28:09.520409Z  INFO visual_diag: VISUAL_DIAG render_spine frame=81 raster_rev=29 repr_band=0 repr_lod="LocalTactical" particle_rows_cap=262144 visual_intent="Strategic" visual_zoom_alpha=0.01843632385134697 fire_particle_rows=0 fire_particle_stamp=82 overlay_rev=2 overlay_chunk_cells=28 graph_fire_inst=0 graph_fire_heat=0 gpu_instance_rows=0 gpu_dispatch=1 gpu_draw=0
2026-05-23T04:28:09.520413Z  INFO visual_diag: VISUAL_DIAG perf frame=81 tile_raster_ms=0.0 tile_raster_ran=false world_repr_ms=0.00930000003427267 projection_graph_ms=0.00020000000949949026 domain_merge_ms=0.0 readiness_ms=0.019499998539686203 cpu_pre_egui_ms=0.0 cpu_egui_ms=0.0 cpu_post_egui_ms=0.0 gpu_gap_ms=0.0
2026-05-23T04:28:09.520417Z  INFO visual_diag: VISUAL_DIAG hud_shell frame=81 cmd_shell=false overlay_tray=false transmission=false
2026-05-23T04:28:09.520435Z  INFO perf: PERF wall=25.27 instr=0.03 gap=25.24 | cpu_pre_egui=23.55 cpu_egui=0.46 cpu_post_egui=1.27 gpu_gap=0.00 | spine=0.00 world_repr=0.01 graph=0.00 merge=0.00 atm=0.00 readiness=0.02 raster=0.00 (idle) | upd_attrib sum=6.09 pv_cpu=0.00 pv_gpu=0.00 fire=0.10 stream=5.87 map_fit=0.00 hud=0.12 wgen=0.00 | budget_sum=4.88 hud=0.12 overlay=0.00 raster_b=4.68 particles=0.00 residency=0.03 tex_reg=0.00 render_x=0.05 | stall first+preupd=0.03 update=0.01 post_dom=0.01 post_vt=0.02 postÔåÆready=0.00 ready=0.05 postÔåÆegui=5.39 egui=0.38 post_egui=1.20 | stall_hits=[after_tile_storage_apply:18.1,pre_egui:5.4]
2026-05-23T04:28:09.520441Z  INFO perf: PERF frame=25.3ms update=23.6ms egui=0.5ms preview=0.0ms streaming=5.9ms tile_apply=0.0ms viewport=0.0ms map_fit=0.0ms repr=0.0ms raster=0.0ms
2026-05-23T04:28:09.520445Z  INFO stall: STALL culprit=after_tile_storage_apply duration=18.1ms frame=25.3ms
2026-05-23T04:28:09.520873Z  INFO viewport_authority: VIEWPORT_AUTHORITY source=ResolvedViewport valid=true min=Vec2(0.0, 0.0) max=Vec2(1280.0, 720.0) w=1280.0 h=720.0
2026-05-23T04:28:09.521786Z  INFO construction_finish_todos: CONSTRUCTION_FINISH_COMPLETE done=8/8
2026-05-23T04:28:09.521794Z  INFO construction_round2_todos: CONSTRUCTION_ROUND2_COMPLETE done=15/15
2026-05-23T04:28:09.521798Z  INFO construction_round3_todos: CONSTRUCTION_ROUND3_COMPLETE done=27/27
2026-05-23T04:28:09.521801Z  INFO construction_operational_todos: CONSTRUCTION_OPERATIONAL_GREEN
2026-05-23T04:28:09.533694Z  INFO stage5_live_todos: STAGE5_MAP_CAMERA_HOOK post_mirror desired_xy=(160.00,160.00) zoom=2.0250 world_main_xy=(160.00,160.00) zoom=2.0250 bridge_drift=0.0000
2026-05-23T04:28:09.537605Z  INFO stage5_live_todos: STAGE5_FIRE_HOOK fire_visual_producer_count=1 (expect 1 for FIRE-01)
2026-05-23T04:28:09.540379Z  INFO stall: STALL after_tile_storage_apply: 19.68ms
2026-05-23T04:28:09.543435Z  INFO stage5_live_todos: STAGE5_SPINE_HOOK policy_present=true graph_present=true fence_committed=true fence_fire_tick=83 world_frame_present=true overlay_rev=2 overlay_chunk_cells=28 atm_partial_dispatch=1 atm_gpu_tex_uploads=0 atm_full_field_fallback=false
2026-05-23T04:28:09.546522Z  INFO industrial_activation_todos: INDUSTRIAL_ACTIVATION_GREEN
2026-05-23T04:28:09.546576Z  INFO stall: STALL pre_egui: 6.20ms
2026-05-23T04:28:09.546584Z  INFO viewport_authority: VIEWPORT_AUTHORITY source=UiMeasured valid=true min=Vec2(0.0, 0.0) max=Vec2(1280.0, 720.0) w=1280.0 h=720.0
2026-05-23T04:28:09.546593Z  INFO viewport_authority::solver: VIEWPORT_SOLVER_TARGET node=SimMapFill valid=true rect.source=SimMapFill w=1280.0 h=720.0
2026-05-23T04:28:09.546597Z  INFO viewport_authority: VIEWPORT_AUTHORITY source=LayoutSolver valid=true min=Vec2(0.0, 0.0) max=Vec2(1280.0, 720.0) w=1280.0 h=720.0
2026-05-23T04:28:09.546600Z  INFO viewport_authority: VIEWPORT_AUTHORITY source=LayoutSolver valid=true min=Vec2(0.0, 0.0) max=Vec2(1280.0, 720.0) w=1280.0 h=720.0
2026-05-23T04:28:09.546604Z  INFO viewport_authority: VIEWPORT_AUTHORITY source=UiCommitted valid=true min=Vec2(0.0, 0.0) max=Vec2(1280.0, 720.0) w=1280.0 h=720.0
2026-05-23T04:28:09.546616Z  INFO viewport_authority: VIEWPORT_AUTHORITY source=CameraApplied valid=true min=Vec2(0.0, 0.0) max=Vec2(1280.0, 720.0) w=1280.0 h=720.0
2026-05-23T04:28:09.546643Z  INFO stage5_live_todos: STAGE5_READINESS_HOOK passes=true violations_first=(none) producer_count=1
2026-05-23T04:28:09.546652Z  INFO visual_aidv2_live_todos: VISUAL_AID_V2_BOARD done=3/6 footprint_ok=false readability=true icons=0
2026-05-23T04:28:09.547863Z  INFO stage5_live_todos: STAGE5_GPU_HOOK indirect_instances=0 dispatch_count=0 draw_instances=0 (PHF-01 alignment)
2026-05-23T04:28:09.548431Z  INFO visual_diag: VISUAL_DIAG window frame=82 periodic=false win_logical=(1280, 720) win_physical=(1280, 720) scale=1.0 app=2 base=2 flow=3 worldgen=5 readiness_profile=Stage5ReadinessProfile { require_vt4: true, require_vt5: true, require_preview: true, require_partial_metrics: true, require_world_frame: true, require_phase_f_proof: true, require_instanced_draw: true }
2026-05-23T04:28:09.548441Z  INFO visual_diag: VISUAL_DIAG sim_viewport frame=82 sim_valid=true sim_adequate=true sim_min=Vec2(0.0, 0.0) sim_max=Vec2(1280.0, 720.0) sim_wh=(1280, 720) measured_valid=true measured_wh=(1280, 720) committed_wh=(1280, 720) sim_held=true settle_streak=4 layout_settled=true frozen=true last_commit="hole_hold" pending_wh=(1280, 720) pending_min=Vec2(0.0, 0.0) pending_max=Vec2(1280.0, 720.0)
2026-05-23T04:28:09.548447Z  INFO visual_diag: VISUAL_DIAG camera frame=82 cam_desired_x=160.0 cam_desired_y=160.0 cam_zoom=2.0249998569488525 latch_hole=true render_hole=true latch_invalid_streak=0 latch_valid_streak=81 cam_scissor=Some((0, 0, 1280, 720)) ortho_fixed_w=632 ortho_fixed_h=356 map_view_px_w=1280 map_view_px_h=720 world_w=320 world_h=320
2026-05-23T04:28:09.548451Z  INFO visual_diag: VISUAL_DIAG resolved_viewports frame=82 resolved_rev=112 primary_valid=true primary_wh=(1280, 720) sim_resolved_valid=true sim_resolved_wh=(1280, 720) preview_valid=true preview_wh=(372, 362) minimap_valid=true minimap_wh=(397, 160) mismatch_preview=false mismatch_minimap=false mismatch_sim_map=false mismatch_stale_tex=false
2026-05-23T04:28:09.548454Z  INFO visual_diag: VISUAL_DIAG map_view_frames frame=82 world_preview_proj_rev=1554780161534 minimap_proj_rev=687223767846 sim_map_proj_rev=3092405454489
2026-05-23T04:28:09.548457Z  INFO visual_diag: VISUAL_DIAG map_presentation frame=82 wp_fit=Contain wp_viewport=UVec2(372, 362) wp_fit_scale=1.10595703125 wp_expected_fit_scale=1.10595703125 wp_zoom=1.0407500267028809 mm_fit=Cover mm_viewport=UVec2(397, 160) mm_fit_scale=1.2409179210662842
2026-05-23T04:28:09.548461Z  INFO visual_diag: VISUAL_DIAG render_spine frame=82 raster_rev=29 repr_band=0 repr_lod="LocalTactical" particle_rows_cap=262144 visual_intent="Strategic" visual_zoom_alpha=0.01843632385134697 fire_particle_rows=0 fire_particle_stamp=83 overlay_rev=2 overlay_chunk_cells=28 graph_fire_inst=0 graph_fire_heat=0 gpu_instance_rows=0 gpu_dispatch=1 gpu_draw=0
2026-05-23T04:28:09.548465Z  INFO visual_diag: VISUAL_DIAG perf frame=82 tile_raster_ms=0.0 tile_raster_ran=false world_repr_ms=0.013500000350177288 projection_graph_ms=0.00010000000474974513 domain_merge_ms=0.0 readiness_ms=0.021300001069903374 cpu_pre_egui_ms=0.0 cpu_egui_ms=0.0 cpu_post_egui_ms=0.0 gpu_gap_ms=0.0
2026-05-23T04:28:09.548469Z  INFO visual_diag: VISUAL_DIAG hud_shell frame=82 cmd_shell=false overlay_tray=false transmission=false
2026-05-23T04:28:09.548483Z  INFO perf: PERF wall=27.82 instr=0.04 gap=27.78 | cpu_pre_egui=25.93 cpu_egui=0.50 cpu_post_egui=1.40 gpu_gap=0.00 | spine=0.00 world_repr=0.01 graph=0.00 merge=0.00 atm=0.00 readiness=0.02 raster=0.00 (idle) | upd_attrib sum=6.01 pv_cpu=0.00 pv_gpu=0.00 fire=0.11 stream=5.77 map_fit=0.00 hud=0.12 wgen=0.00 | budget_sum=4.90 hud=0.12 overlay=0.00 raster_b=4.68 particles=0.00 residency=0.04 tex_reg=0.00 render_x=0.05 | stall first+preupd=0.03 update=0.00 post_dom=0.00 post_vt=0.02 postÔåÆready=0.00 ready=0.07 postÔåÆegui=6.20 egui=0.41 post_egui=1.34 | stall_hits=[after_tile_storage_apply:19.7,pre_egui:6.2]
2026-05-23T04:28:09.548495Z  INFO perf: PERF frame=27.8ms update=25.9ms egui=0.5ms preview=0.0ms streaming=5.8ms tile_apply=0.0ms viewport=0.0ms map_fit=0.0ms repr=0.0ms raster=0.0ms
2026-05-23T04:28:09.548498Z  INFO stall: STALL culprit=after_tile_storage_apply duration=19.7ms frame=27.8ms
2026-05-23T04:28:09.549006Z  INFO viewport_authority: VIEWPORT_AUTHORITY source=ResolvedViewport valid=true min=Vec2(0.0, 0.0) max=Vec2(1280.0, 720.0) w=1280.0 h=720.0
2026-05-23T04:28:09.549982Z  INFO construction_finish_todos: CONSTRUCTION_FINISH_COMPLETE done=8/8
2026-05-23T04:28:09.549990Z  INFO construction_round2_todos: CONSTRUCTION_ROUND2_COMPLETE done=15/15
2026-05-23T04:28:09.549994Z  INFO construction_round3_todos: CONSTRUCTION_ROUND3_COMPLETE done=27/27
2026-05-23T04:28:09.549999Z  INFO construction_operational_todos: CONSTRUCTION_OPERATIONAL_GREEN
2026-05-23T04:28:09.560123Z  INFO stage5_live_todos: STAGE5_MAP_CAMERA_HOOK post_mirror desired_xy=(160.00,160.00) zoom=2.0250 world_main_xy=(160.00,160.00) zoom=2.0250 bridge_drift=0.0000
2026-05-23T04:28:09.564355Z  INFO stage5_live_todos: STAGE5_FIRE_HOOK fire_visual_producer_count=1 (expect 1 for FIRE-01)
2026-05-23T04:28:09.566935Z  INFO stall: STALL after_tile_storage_apply: 18.19ms
2026-05-23T04:28:09.569968Z  INFO stage5_live_todos: STAGE5_SPINE_HOOK policy_present=true graph_present=true fence_committed=true fence_fire_tick=84 world_frame_present=true overlay_rev=2 overlay_chunk_cells=28 atm_partial_dispatch=1 atm_gpu_tex_uploads=0 atm_full_field_fallback=false
2026-05-23T04:28:09.572892Z  INFO industrial_activation_todos: INDUSTRIAL_ACTIVATION_GREEN
2026-05-23T04:28:09.572940Z  INFO stall: STALL pre_egui: 6.00ms
2026-05-23T04:28:09.572947Z  INFO viewport_authority: VIEWPORT_AUTHORITY source=UiMeasured valid=true min=Vec2(0.0, 0.0) max=Vec2(1280.0, 720.0) w=1280.0 h=720.0
2026-05-23T04:28:09.572955Z  INFO viewport_authority::solver: VIEWPORT_SOLVER_TARGET node=SimMapFill valid=true rect.source=SimMapFill w=1280.0 h=720.0
2026-05-23T04:28:09.572958Z  INFO viewport_authority: VIEWPORT_AUTHORITY source=LayoutSolver valid=true min=Vec2(0.0, 0.0) max=Vec2(1280.0, 720.0) w=1280.0 h=720.0
2026-05-23T04:28:09.572961Z  INFO viewport_authority: VIEWPORT_AUTHORITY source=LayoutSolver valid=true min=Vec2(0.0, 0.0) max=Vec2(1280.0, 720.0) w=1280.0 h=720.0
2026-05-23T04:28:09.572964Z  INFO viewport_authority: VIEWPORT_AUTHORITY source=UiCommitted valid=true min=Vec2(0.0, 0.0) max=Vec2(1280.0, 720.0) w=1280.0 h=720.0
2026-05-23T04:28:09.572974Z  INFO viewport_authority: VIEWPORT_AUTHORITY source=CameraApplied valid=true min=Vec2(0.0, 0.0) max=Vec2(1280.0, 720.0) w=1280.0 h=720.0
2026-05-23T04:28:09.572998Z  INFO stage5_live_todos: STAGE5_READINESS_HOOK passes=true violations_first=(none) producer_count=1
2026-05-23T04:28:09.573008Z  INFO visual_aidv2_live_todos: VISUAL_AID_V2_BOARD done=3/6 footprint_ok=false readability=true icons=0
2026-05-23T04:28:09.574209Z  INFO stage5_live_todos: STAGE5_GPU_HOOK indirect_instances=0 dispatch_count=0 draw_instances=0 (PHF-01 alignment)
2026-05-23T04:28:09.574705Z  INFO visual_diag: VISUAL_DIAG window frame=83 periodic=false win_logical=(1280, 720) win_physical=(1280, 720) scale=1.0 app=2 base=2 flow=3 worldgen=5 readiness_profile=Stage5ReadinessProfile { require_vt4: true, require_vt5: true, require_preview: true, require_partial_metrics: true, require_world_frame: true, require_phase_f_proof: true, require_instanced_draw: true }
2026-05-23T04:28:09.574716Z  INFO visual_diag: VISUAL_DIAG sim_viewport frame=83 sim_valid=true sim_adequate=true sim_min=Vec2(0.0, 0.0) sim_max=Vec2(1280.0, 720.0) sim_wh=(1280, 720) measured_valid=true measured_wh=(1280, 720) committed_wh=(1280, 720) sim_held=true settle_streak=4 layout_settled=true frozen=true last_commit="hole_hold" pending_wh=(1280, 720) pending_min=Vec2(0.0, 0.0) pending_max=Vec2(1280.0, 720.0)
2026-05-23T04:28:09.574721Z  INFO visual_diag: VISUAL_DIAG camera frame=83 cam_desired_x=160.0 cam_desired_y=160.0 cam_zoom=2.0249998569488525 latch_hole=true render_hole=true latch_invalid_streak=0 latch_valid_streak=82 cam_scissor=Some((0, 0, 1280, 720)) ortho_fixed_w=632 ortho_fixed_h=356 map_view_px_w=1280 map_view_px_h=720 world_w=320 world_h=320
2026-05-23T04:28:09.574726Z  INFO visual_diag: VISUAL_DIAG resolved_viewports frame=83 resolved_rev=112 primary_valid=true primary_wh=(1280, 720) sim_resolved_valid=true sim_resolved_wh=(1280, 720) preview_valid=true preview_wh=(372, 362) minimap_valid=true minimap_wh=(397, 160) mismatch_preview=false mismatch_minimap=false mismatch_sim_map=false mismatch_stale_tex=false
2026-05-23T04:28:09.574729Z  INFO visual_diag: VISUAL_DIAG map_view_frames frame=83 world_preview_proj_rev=1554780161534 minimap_proj_rev=687223767846 sim_map_proj_rev=3092405454489
2026-05-23T04:28:09.574733Z  INFO visual_diag: VISUAL_DIAG map_presentation frame=83 wp_fit=Contain wp_viewport=UVec2(372, 362) wp_fit_scale=1.10595703125 wp_expected_fit_scale=1.10595703125 wp_zoom=1.0407500267028809 mm_fit=Cover mm_viewport=UVec2(397, 160) mm_fit_scale=1.2409179210662842
2026-05-23T04:28:09.574738Z  INFO visual_diag: VISUAL_DIAG render_spine frame=83 raster_rev=29 repr_band=0 repr_lod="LocalTactical" particle_rows_cap=262144 visual_intent="Strategic" visual_zoom_alpha=0.01843632385134697 fire_particle_rows=0 fire_particle_stamp=84 overlay_rev=2 overlay_chunk_cells=28 graph_fire_inst=0 graph_fire_heat=0 gpu_instance_rows=0 gpu_dispatch=1 gpu_draw=0
2026-05-23T04:28:09.574741Z  INFO visual_diag: VISUAL_DIAG perf frame=83 tile_raster_ms=0.0 tile_raster_ran=false world_repr_ms=0.011500000022351742 projection_graph_ms=0.0005000000237487257 domain_merge_ms=0.0 readiness_ms=0.021800000220537186 cpu_pre_egui_ms=0.0 cpu_egui_ms=0.0 cpu_post_egui_ms=0.0 gpu_gap_ms=0.0
2026-05-23T04:28:09.574744Z  INFO visual_diag: VISUAL_DIAG hud_shell frame=83 cmd_shell=false overlay_tray=false transmission=false
2026-05-23T04:28:09.574761Z  INFO perf: PERF wall=26.04 instr=0.03 gap=26.01 | cpu_pre_egui=24.24 cpu_egui=0.49 cpu_post_egui=1.31 gpu_gap=0.00 | spine=0.00 world_repr=0.01 graph=0.00 merge=0.00 atm=0.00 readiness=0.02 raster=0.00 (idle) | upd_attrib sum=5.79 pv_cpu=0.00 pv_gpu=0.01 fire=0.11 stream=5.55 map_fit=0.00 hud=0.12 wgen=0.00 | budget_sum=4.88 hud=0.12 overlay=0.00 raster_b=4.68 particles=0.00 residency=0.03 tex_reg=0.00 render_x=0.05 | stall first+preupd=0.03 update=0.00 post_dom=0.00 post_vt=0.02 postÔåÆready=0.00 ready=0.06 postÔåÆegui=6.00 egui=0.42 post_egui=1.26 | stall_hits=[after_tile_storage_apply:18.2,pre_egui:6.0]
2026-05-23T04:28:09.574772Z  INFO perf: PERF frame=26.0ms update=24.2ms egui=0.5ms preview=0.0ms streaming=5.6ms tile_apply=0.0ms viewport=0.0ms map_fit=0.0ms repr=0.0ms raster=0.0ms
2026-05-23T04:28:09.574775Z  INFO stall: STALL culprit=after_tile_storage_apply duration=18.2ms frame=26.0ms
2026-05-23T04:28:09.575339Z  INFO viewport_authority: VIEWPORT_AUTHORITY source=ResolvedViewport valid=true min=Vec2(0.0, 0.0) max=Vec2(1280.0, 720.0) w=1280.0 h=720.0
2026-05-23T04:28:09.576439Z  INFO construction_finish_todos: CONSTRUCTION_FINISH_COMPLETE done=8/8
2026-05-23T04:28:09.576447Z  INFO construction_round2_todos: CONSTRUCTION_ROUND2_COMPLETE done=15/15
2026-05-23T04:28:09.576451Z  INFO construction_round3_todos: CONSTRUCTION_ROUND3_COMPLETE done=27/27
2026-05-23T04:28:09.576453Z  INFO construction_operational_todos: CONSTRUCTION_OPERATIONAL_GREEN
2026-05-23T04:28:09.586300Z  INFO stage5_live_todos: STAGE5_MAP_CAMERA_HOOK post_mirror desired_xy=(160.00,160.00) zoom=2.0250 world_main_xy=(160.00,160.00) zoom=2.0250 bridge_drift=0.0000
2026-05-23T04:28:09.590566Z  INFO stage5_live_todos: STAGE5_FIRE_HOOK fire_visual_producer_count=1 (expect 1 for FIRE-01)
2026-05-23T04:28:09.593119Z  INFO stall: STALL after_tile_storage_apply: 18.06ms
2026-05-23T04:28:09.596170Z  INFO stage5_live_todos: STAGE5_SPINE_HOOK policy_present=true graph_present=true fence_committed=true fence_fire_tick=85 world_frame_present=true overlay_rev=2 overlay_chunk_cells=28 atm_partial_dispatch=1 atm_gpu_tex_uploads=0 atm_full_field_fallback=false
2026-05-23T04:28:09.598338Z  INFO industrial_activation_todos: INDUSTRIAL_ACTIVATION_GREEN
2026-05-23T04:28:09.598382Z  INFO stall: STALL pre_egui: 5.26ms
2026-05-23T04:28:09.598390Z  INFO viewport_authority: VIEWPORT_AUTHORITY source=UiMeasured valid=true min=Vec2(0.0, 0.0) max=Vec2(1280.0, 720.0) w=1280.0 h=720.0
2026-05-23T04:28:09.598398Z  INFO viewport_authority::solver: VIEWPORT_SOLVER_TARGET node=SimMapFill valid=true rect.source=SimMapFill w=1280.0 h=720.0
2026-05-23T04:28:09.598401Z  INFO viewport_authority: VIEWPORT_AUTHORITY source=LayoutSolver valid=true min=Vec2(0.0, 0.0) max=Vec2(1280.0, 720.0) w=1280.0 h=720.0
2026-05-23T04:28:09.598404Z  INFO viewport_authority: VIEWPORT_AUTHORITY source=LayoutSolver valid=true min=Vec2(0.0, 0.0) max=Vec2(1280.0, 720.0) w=1280.0 h=720.0
2026-05-23T04:28:09.598406Z  INFO viewport_authority: VIEWPORT_AUTHORITY source=UiCommitted valid=true min=Vec2(0.0, 0.0) max=Vec2(1280.0, 720.0) w=1280.0 h=720.0
2026-05-23T04:28:09.598418Z  INFO viewport_authority: VIEWPORT_AUTHORITY source=CameraApplied valid=true min=Vec2(0.0, 0.0) max=Vec2(1280.0, 720.0) w=1280.0 h=720.0
2026-05-23T04:28:09.598438Z  INFO stage5_live_todos: STAGE5_READINESS_HOOK passes=true violations_first=(none) producer_count=1
2026-05-23T04:28:09.598447Z  INFO visual_aidv2_live_todos: VISUAL_AID_V2_BOARD done=3/6 footprint_ok=false readability=true icons=0
2026-05-23T04:28:09.599585Z  INFO stage5_live_todos: STAGE5_GPU_HOOK indirect_instances=0 dispatch_count=0 draw_instances=0 (PHF-01 alignment)
2026-05-23T04:28:09.600077Z  INFO visual_diag: VISUAL_DIAG window frame=84 periodic=false win_logical=(1280, 720) win_physical=(1280, 720) scale=1.0 app=2 base=2 flow=3 worldgen=5 readiness_profile=Stage5ReadinessProfile { require_vt4: true, require_vt5: true, require_preview: true, require_partial_metrics: true, require_world_frame: true, require_phase_f_proof: true, require_instanced_draw: true }
2026-05-23T04:28:09.600088Z  INFO visual_diag: VISUAL_DIAG sim_viewport frame=84 sim_valid=true sim_adequate=true sim_min=Vec2(0.0, 0.0) sim_max=Vec2(1280.0, 720.0) sim_wh=(1280, 720) measured_valid=true measured_wh=(1280, 720) committed_wh=(1280, 720) sim_held=true settle_streak=4 layout_settled=true frozen=true last_commit="hole_hold" pending_wh=(1280, 720) pending_min=Vec2(0.0, 0.0) pending_max=Vec2(1280.0, 720.0)
2026-05-23T04:28:09.600093Z  INFO visual_diag: VISUAL_DIAG camera frame=84 cam_desired_x=160.0 cam_desired_y=160.0 cam_zoom=2.0249998569488525 latch_hole=true render_hole=true latch_invalid_streak=0 latch_valid_streak=83 cam_scissor=Some((0, 0, 1280, 720)) ortho_fixed_w=632 ortho_fixed_h=356 map_view_px_w=1280 map_view_px_h=720 world_w=320 world_h=320
2026-05-23T04:28:09.600097Z  INFO visual_diag: VISUAL_DIAG resolved_viewports frame=84 resolved_rev=112 primary_valid=true primary_wh=(1280, 720) sim_resolved_valid=true sim_resolved_wh=(1280, 720) preview_valid=true preview_wh=(372, 362) minimap_valid=true minimap_wh=(397, 160) mismatch_preview=false mismatch_minimap=false mismatch_sim_map=false mismatch_stale_tex=false
2026-05-23T04:28:09.600103Z  INFO visual_diag: VISUAL_DIAG map_view_frames frame=84 world_preview_proj_rev=1554780161534 minimap_proj_rev=687223767846 sim_map_proj_rev=3092405454489
2026-05-23T04:28:09.600107Z  INFO visual_diag: VISUAL_DIAG map_presentation frame=84 wp_fit=Contain wp_viewport=UVec2(372, 362) wp_fit_scale=1.10595703125 wp_expected_fit_scale=1.10595703125 wp_zoom=1.0407500267028809 mm_fit=Cover mm_viewport=UVec2(397, 160) mm_fit_scale=1.2409179210662842
2026-05-23T04:28:09.600111Z  INFO visual_diag: VISUAL_DIAG render_spine frame=84 raster_rev=29 repr_band=0 repr_lod="LocalTactical" particle_rows_cap=262144 visual_intent="Strategic" visual_zoom_alpha=0.01843632385134697 fire_particle_rows=0 fire_particle_stamp=85 overlay_rev=2 overlay_chunk_cells=28 graph_fire_inst=0 graph_fire_heat=0 gpu_instance_rows=0 gpu_dispatch=1 gpu_draw=0
2026-05-23T04:28:09.600114Z  INFO visual_diag: VISUAL_DIAG perf frame=84 tile_raster_ms=0.0 tile_raster_ran=false world_repr_ms=0.007700000423938036 projection_graph_ms=0.00020000000949949026 domain_merge_ms=0.0 readiness_ms=0.020099999383091927 cpu_pre_egui_ms=0.0 cpu_egui_ms=0.0 cpu_post_egui_ms=0.0 gpu_gap_ms=0.0
2026-05-23T04:28:09.600117Z  INFO visual_diag: VISUAL_DIAG hud_shell frame=84 cmd_shell=false overlay_tray=false transmission=false
2026-05-23T04:28:09.600133Z  INFO perf: PERF wall=25.11 instr=0.03 gap=25.09 | cpu_pre_egui=23.38 cpu_egui=0.40 cpu_post_egui=1.33 gpu_gap=0.00 | spine=0.00 world_repr=0.01 graph=0.00 merge=0.00 atm=0.00 readiness=0.02 raster=0.00 (idle) | upd_attrib sum=5.75 pv_cpu=0.00 pv_gpu=0.00 fire=0.10 stream=5.55 map_fit=0.00 hud=0.09 wgen=0.00 | budget_sum=4.86 hud=0.09 overlay=0.00 raster_b=4.68 particles=0.00 residency=0.03 tex_reg=0.00 render_x=0.05 | stall first+preupd=0.03 update=0.00 post_dom=0.00 post_vt=0.01 postÔåÆready=0.00 ready=0.06 postÔåÆegui=5.26 egui=0.33 post_egui=1.28 | stall_hits=[after_tile_storage_apply:18.1,pre_egui:5.3]
2026-05-23T04:28:09.600139Z  INFO perf: PERF frame=25.1ms update=23.4ms egui=0.4ms preview=0.0ms streaming=5.6ms tile_apply=0.0ms viewport=0.0ms map_fit=0.0ms repr=0.0ms raster=0.0ms
2026-05-23T04:28:09.600142Z  INFO stall: STALL culprit=after_tile_storage_apply duration=18.1ms frame=25.1ms
2026-05-23T04:28:09.600692Z  INFO viewport_authority: VIEWPORT_AUTHORITY source=ResolvedViewport valid=true min=Vec2(0.0, 0.0) max=Vec2(1280.0, 720.0) w=1280.0 h=720.0
2026-05-23T04:28:09.601638Z  INFO construction_finish_todos: CONSTRUCTION_FINISH_COMPLETE done=8/8
2026-05-23T04:28:09.601646Z  INFO construction_round2_todos: CONSTRUCTION_ROUND2_COMPLETE done=15/15
2026-05-23T04:28:09.601649Z  INFO construction_round3_todos: CONSTRUCTION_ROUND3_COMPLETE done=27/27
2026-05-23T04:28:09.601652Z  INFO construction_operational_todos: CONSTRUCTION_OPERATIONAL_GREEN
2026-05-23T04:28:09.612866Z  INFO stage5_live_todos: STAGE5_MAP_CAMERA_HOOK post_mirror desired_xy=(160.00,160.00) zoom=2.0250 world_main_xy=(160.00,160.00) zoom=2.0250 bridge_drift=0.0000
2026-05-23T04:28:09.616773Z  INFO stage5_live_todos: STAGE5_FIRE_HOOK fire_visual_producer_count=1 (expect 1 for FIRE-01)
2026-05-23T04:28:09.619332Z  INFO stall: STALL after_tile_storage_apply: 18.92ms
2026-05-23T04:28:09.622403Z  INFO stage5_live_todos: STAGE5_SPINE_HOOK policy_present=true graph_present=true fence_committed=true fence_fire_tick=86 world_frame_present=true overlay_rev=2 overlay_chunk_cells=28 atm_partial_dispatch=1 atm_gpu_tex_uploads=0 atm_full_field_fallback=false
2026-05-23T04:28:09.625458Z  INFO industrial_activation_todos: INDUSTRIAL_ACTIVATION_GREEN
2026-05-23T04:28:09.625502Z  INFO stall: STALL pre_egui: 6.17ms
2026-05-23T04:28:09.625512Z  INFO viewport_authority: VIEWPORT_AUTHORITY source=UiMeasured valid=true min=Vec2(0.0, 0.0) max=Vec2(1280.0, 720.0) w=1280.0 h=720.0
2026-05-23T04:28:09.625521Z  INFO viewport_authority::solver: VIEWPORT_SOLVER_TARGET node=SimMapFill valid=true rect.source=SimMapFill w=1280.0 h=720.0
2026-05-23T04:28:09.625524Z  INFO viewport_authority: VIEWPORT_AUTHORITY source=LayoutSolver valid=true min=Vec2(0.0, 0.0) max=Vec2(1280.0, 720.0) w=1280.0 h=720.0
2026-05-23T04:28:09.625527Z  INFO viewport_authority: VIEWPORT_AUTHORITY source=LayoutSolver valid=true min=Vec2(0.0, 0.0) max=Vec2(1280.0, 720.0) w=1280.0 h=720.0
2026-05-23T04:28:09.625532Z  INFO viewport_authority: VIEWPORT_AUTHORITY source=UiCommitted valid=true min=Vec2(0.0, 0.0) max=Vec2(1280.0, 720.0) w=1280.0 h=720.0
2026-05-23T04:28:09.625543Z  INFO viewport_authority: VIEWPORT_AUTHORITY source=CameraApplied valid=true min=Vec2(0.0, 0.0) max=Vec2(1280.0, 720.0) w=1280.0 h=720.0
2026-05-23T04:28:09.625567Z  INFO stage5_live_todos: STAGE5_READINESS_HOOK passes=true violations_first=(none) producer_count=1
2026-05-23T04:28:09.625574Z  INFO visual_aidv2_live_todos: VISUAL_AID_V2_BOARD done=3/6 footprint_ok=false readability=true icons=0
2026-05-23T04:28:09.626772Z  INFO stage5_live_todos: STAGE5_GPU_HOOK indirect_instances=0 dispatch_count=0 draw_instances=0 (PHF-01 alignment)
2026-05-23T04:28:09.627269Z  INFO visual_diag: VISUAL_DIAG window frame=85 periodic=false win_logical=(1280, 720) win_physical=(1280, 720) scale=1.0 app=2 base=2 flow=3 worldgen=5 readiness_profile=Stage5ReadinessProfile { require_vt4: true, require_vt5: true, require_preview: true, require_partial_metrics: true, require_world_frame: true, require_phase_f_proof: true, require_instanced_draw: true }
2026-05-23T04:28:09.627280Z  INFO visual_diag: VISUAL_DIAG sim_viewport frame=85 sim_valid=true sim_adequate=true sim_min=Vec2(0.0, 0.0) sim_max=Vec2(1280.0, 720.0) sim_wh=(1280, 720) measured_valid=true measured_wh=(1280, 720) committed_wh=(1280, 720) sim_held=true settle_streak=4 layout_settled=true frozen=true last_commit="hole_hold" pending_wh=(1280, 720) pending_min=Vec2(0.0, 0.0) pending_max=Vec2(1280.0, 720.0)
2026-05-23T04:28:09.627285Z  INFO visual_diag: VISUAL_DIAG camera frame=85 cam_desired_x=160.0 cam_desired_y=160.0 cam_zoom=2.0249998569488525 latch_hole=true render_hole=true latch_invalid_streak=0 latch_valid_streak=84 cam_scissor=Some((0, 0, 1280, 720)) ortho_fixed_w=632 ortho_fixed_h=356 map_view_px_w=1280 map_view_px_h=720 world_w=320 world_h=320
2026-05-23T04:28:09.627289Z  INFO visual_diag: VISUAL_DIAG resolved_viewports frame=85 resolved_rev=112 primary_valid=true primary_wh=(1280, 720) sim_resolved_valid=true sim_resolved_wh=(1280, 720) preview_valid=true preview_wh=(372, 362) minimap_valid=true minimap_wh=(397, 160) mismatch_preview=false mismatch_minimap=false mismatch_sim_map=false mismatch_stale_tex=false
2026-05-23T04:28:09.627293Z  INFO visual_diag: VISUAL_DIAG map_view_frames frame=85 world_preview_proj_rev=1554780161534 minimap_proj_rev=687223767846 sim_map_proj_rev=3092405454489
2026-05-23T04:28:09.627297Z  INFO visual_diag: VISUAL_DIAG map_presentation frame=85 wp_fit=Contain wp_viewport=UVec2(372, 362) wp_fit_scale=1.10595703125 wp_expected_fit_scale=1.10595703125 wp_zoom=1.0407500267028809 mm_fit=Cover mm_viewport=UVec2(397, 160) mm_fit_scale=1.2409179210662842
2026-05-23T04:28:09.627301Z  INFO visual_diag: VISUAL_DIAG render_spine frame=85 raster_rev=29 repr_band=0 repr_lod="LocalTactical" particle_rows_cap=262144 visual_intent="Strategic" visual_zoom_alpha=0.01843632385134697 fire_particle_rows=0 fire_particle_stamp=86 overlay_rev=2 overlay_chunk_cells=28 graph_fire_inst=0 graph_fire_heat=0 gpu_instance_rows=0 gpu_dispatch=1 gpu_draw=0
2026-05-23T04:28:09.627305Z  INFO visual_diag: VISUAL_DIAG perf frame=85 tile_raster_ms=0.0 tile_raster_ran=false world_repr_ms=0.009000000543892384 projection_graph_ms=0.00020000000949949026 domain_merge_ms=0.00010000000474974513 readiness_ms=0.01940000057220459 cpu_pre_egui_ms=0.0 cpu_egui_ms=0.0 cpu_post_egui_ms=0.0 gpu_gap_ms=0.0
2026-05-23T04:28:09.627308Z  INFO visual_diag: VISUAL_DIAG hud_shell frame=85 cmd_shell=false overlay_tray=false transmission=false
2026-05-23T04:28:09.627323Z  INFO perf: PERF wall=26.95 instr=0.03 gap=26.92 | cpu_pre_egui=25.15 cpu_egui=0.47 cpu_post_egui=1.34 gpu_gap=0.00 | spine=0.00 world_repr=0.01 graph=0.00 merge=0.00 atm=0.00 readiness=0.02 raster=0.00 (idle) | upd_attrib sum=5.79 pv_cpu=0.00 pv_gpu=0.01 fire=0.10 stream=5.56 map_fit=0.00 hud=0.12 wgen=0.00 | budget_sum=4.88 hud=0.12 overlay=0.00 raster_b=4.68 particles=0.00 residency=0.04 tex_reg=0.00 render_x=0.05 | stall first+preupd=0.05 update=0.00 post_dom=0.00 post_vt=0.01 postÔåÆready=0.00 ready=0.06 postÔåÆegui=6.17 egui=0.40 post_egui=1.29 | stall_hits=[after_tile_storage_apply:18.9,pre_egui:6.2]
2026-05-23T04:28:09.627329Z  INFO perf: PERF frame=26.9ms update=25.1ms egui=0.5ms preview=0.0ms streaming=5.6ms tile_apply=0.0ms viewport=0.0ms map_fit=0.0ms repr=0.0ms raster=0.0ms
2026-05-23T04:28:09.627332Z  INFO stall: STALL culprit=after_tile_storage_apply duration=18.9ms frame=26.9ms
2026-05-23T04:28:09.627893Z  INFO viewport_authority: VIEWPORT_AUTHORITY source=ResolvedViewport valid=true min=Vec2(0.0, 0.0) max=Vec2(1280.0, 720.0) w=1280.0 h=720.0
2026-05-23T04:28:09.628880Z  INFO construction_finish_todos: CONSTRUCTION_FINISH_COMPLETE done=8/8
2026-05-23T04:28:09.628889Z  INFO construction_round2_todos: CONSTRUCTION_ROUND2_COMPLETE done=15/15
2026-05-23T04:28:09.628892Z  INFO construction_round3_todos: CONSTRUCTION_ROUND3_COMPLETE done=27/27
2026-05-23T04:28:09.628895Z  INFO construction_operational_todos: CONSTRUCTION_OPERATIONAL_GREEN
2026-05-23T04:28:09.641036Z  INFO stage5_live_todos: STAGE5_MAP_CAMERA_HOOK post_mirror desired_xy=(160.00,160.00) zoom=2.0250 world_main_xy=(160.00,160.00) zoom=2.0250 bridge_drift=0.0000
2026-05-23T04:28:09.645224Z  INFO stage5_live_todos: STAGE5_FIRE_HOOK fire_visual_producer_count=1 (expect 1 for FIRE-01)
2026-05-23T04:28:09.647831Z  INFO stall: STALL after_tile_storage_apply: 20.15ms
2026-05-23T04:28:09.650953Z  INFO stage5_live_todos: STAGE5_SPINE_HOOK policy_present=true graph_present=true fence_committed=true fence_fire_tick=87 world_frame_present=true overlay_rev=2 overlay_chunk_cells=28 atm_partial_dispatch=1 atm_gpu_tex_uploads=0 atm_full_field_fallback=false
2026-05-23T04:28:09.654580Z  INFO industrial_activation_todos: INDUSTRIAL_ACTIVATION_GREEN
2026-05-23T04:28:09.654640Z  INFO stall: STALL pre_egui: 6.81ms
2026-05-23T04:28:09.654651Z  INFO viewport_authority: VIEWPORT_AUTHORITY source=UiMeasured valid=true min=Vec2(0.0, 0.0) max=Vec2(1280.0, 720.0) w=1280.0 h=720.0
2026-05-23T04:28:09.654664Z  INFO viewport_authority::solver: VIEWPORT_SOLVER_TARGET node=SimMapFill valid=true rect.source=SimMapFill w=1280.0 h=720.0
2026-05-23T04:28:09.654676Z  INFO viewport_authority: VIEWPORT_AUTHORITY source=LayoutSolver valid=true min=Vec2(0.0, 0.0) max=Vec2(1280.0, 720.0) w=1280.0 h=720.0
2026-05-23T04:28:09.654682Z  INFO viewport_authority: VIEWPORT_AUTHORITY source=LayoutSolver valid=true min=Vec2(0.0, 0.0) max=Vec2(1280.0, 720.0) w=1280.0 h=720.0
2026-05-23T04:28:09.654686Z  INFO viewport_authority: VIEWPORT_AUTHORITY source=UiCommitted valid=true min=Vec2(0.0, 0.0) max=Vec2(1280.0, 720.0) w=1280.0 h=720.0
2026-05-23T04:28:09.654703Z  INFO stage5_full_app_harness: visual probe waiting for FINISH-UX-06 streak streak=86 target_streak=120 frames_after_capture=16
2026-05-23T04:28:09.654707Z  INFO viewport_authority: VIEWPORT_AUTHORITY source=CameraApplied valid=true min=Vec2(0.0, 0.0) max=Vec2(1280.0, 720.0) w=1280.0 h=720.0
2026-05-23T04:28:09.654737Z  INFO stage5_live_todos: STAGE5_READINESS_HOOK passes=true violations_first=(none) producer_count=1
2026-05-23T04:28:09.654749Z  INFO visual_aidv2_live_todos: VISUAL_AID_V2_BOARD done=3/6 footprint_ok=false readability=true icons=0
2026-05-23T04:28:09.656130Z  INFO stage5_live_todos: STAGE5_GPU_HOOK indirect_instances=0 dispatch_count=0 draw_instances=0 (PHF-01 alignment)
2026-05-23T04:28:09.656754Z  INFO visual_diag: VISUAL_DIAG window frame=86 periodic=false win_logical=(1280, 720) win_physical=(1280, 720) scale=1.0 app=2 base=2 flow=3 worldgen=5 readiness_profile=Stage5ReadinessProfile { require_vt4: true, require_vt5: true, require_preview: true, require_partial_metrics: true, require_world_frame: true, require_phase_f_proof: true, require_instanced_draw: true }
2026-05-23T04:28:09.656766Z  INFO visual_diag: VISUAL_DIAG sim_viewport frame=86 sim_valid=true sim_adequate=true sim_min=Vec2(0.0, 0.0) sim_max=Vec2(1280.0, 720.0) sim_wh=(1280, 720) measured_valid=true measured_wh=(1280, 720) committed_wh=(1280, 720) sim_held=true settle_streak=4 layout_settled=true frozen=true last_commit="hole_hold" pending_wh=(1280, 720) pending_min=Vec2(0.0, 0.0) pending_max=Vec2(1280.0, 720.0)
2026-05-23T04:28:09.656771Z  INFO visual_diag: VISUAL_DIAG camera frame=86 cam_desired_x=160.0 cam_desired_y=160.0 cam_zoom=2.0249998569488525 latch_hole=true render_hole=true latch_invalid_streak=0 latch_valid_streak=85 cam_scissor=Some((0, 0, 1280, 720)) ortho_fixed_w=632 ortho_fixed_h=356 map_view_px_w=1280 map_view_px_h=720 world_w=320 world_h=320
2026-05-23T04:28:09.656775Z  INFO visual_diag: VISUAL_DIAG resolved_viewports frame=86 resolved_rev=112 primary_valid=true primary_wh=(1280, 720) sim_resolved_valid=true sim_resolved_wh=(1280, 720) preview_valid=true preview_wh=(372, 362) minimap_valid=true minimap_wh=(397, 160) mismatch_preview=false mismatch_minimap=false mismatch_sim_map=false mismatch_stale_tex=false
2026-05-23T04:28:09.656779Z  INFO visual_diag: VISUAL_DIAG map_view_frames frame=86 world_preview_proj_rev=1554780161534 minimap_proj_rev=687223767846 sim_map_proj_rev=3092405454489
2026-05-23T04:28:09.656781Z  INFO visual_diag: VISUAL_DIAG map_presentation frame=86 wp_fit=Contain wp_viewport=UVec2(372, 362) wp_fit_scale=1.10595703125 wp_expected_fit_scale=1.10595703125 wp_zoom=1.0407500267028809 mm_fit=Cover mm_viewport=UVec2(397, 160) mm_fit_scale=1.2409179210662842
2026-05-23T04:28:09.656786Z  INFO visual_diag: VISUAL_DIAG render_spine frame=86 raster_rev=29 repr_band=0 repr_lod="LocalTactical" particle_rows_cap=262144 visual_intent="Strategic" visual_zoom_alpha=0.01843632385134697 fire_particle_rows=0 fire_particle_stamp=87 overlay_rev=2 overlay_chunk_cells=28 graph_fire_inst=0 graph_fire_heat=0 gpu_instance_rows=0 gpu_dispatch=1 gpu_draw=0
2026-05-23T04:28:09.656790Z  INFO visual_diag: VISUAL_DIAG perf frame=86 tile_raster_ms=0.0 tile_raster_ran=false world_repr_ms=0.01119999960064888 projection_graph_ms=0.00020000000949949026 domain_merge_ms=0.00010000000474974513 readiness_ms=0.028099998831748962 cpu_pre_egui_ms=0.0 cpu_egui_ms=0.0 cpu_post_egui_ms=0.0 gpu_gap_ms=0.0
2026-05-23T04:28:09.656795Z  INFO visual_diag: VISUAL_DIAG hud_shell frame=86 cmd_shell=false overlay_tray=false transmission=false
2026-05-23T04:28:09.656817Z  INFO perf: PERF wall=29.16 instr=0.04 gap=29.12 | cpu_pre_egui=27.01 cpu_egui=0.61 cpu_post_egui=1.54 gpu_gap=0.00 | spine=0.00 world_repr=0.01 graph=0.00 merge=0.00 atm=0.00 readiness=0.03 raster=0.00 (idle) | upd_attrib sum=5.94 pv_cpu=0.00 pv_gpu=0.01 fire=0.10 stream=5.66 map_fit=0.00 hud=0.17 wgen=0.00 | budget_sum=4.94 hud=0.17 overlay=0.00 raster_b=4.68 particles=0.00 residency=0.03 tex_reg=0.00 render_x=0.05 | stall first+preupd=0.04 update=0.00 post_dom=0.01 post_vt=0.01 postÔåÆready=0.00 ready=0.10 postÔåÆegui=6.81 egui=0.50 post_egui=1.49 | stall_hits=[after_tile_storage_apply:20.2,pre_egui:6.8]
2026-05-23T04:28:09.656828Z  INFO perf: PERF frame=29.2ms update=27.0ms egui=0.6ms preview=0.0ms streaming=5.7ms tile_apply=0.0ms viewport=0.0ms map_fit=0.0ms repr=0.0ms raster=0.0ms
2026-05-23T04:28:09.656833Z  INFO stall: STALL culprit=after_tile_storage_apply duration=20.2ms frame=29.2ms
2026-05-23T04:28:09.657525Z  INFO viewport_authority: VIEWPORT_AUTHORITY source=ResolvedViewport valid=true min=Vec2(0.0, 0.0) max=Vec2(1280.0, 720.0) w=1280.0 h=720.0
2026-05-23T04:28:09.658524Z  INFO construction_finish_todos: CONSTRUCTION_FINISH_COMPLETE done=8/8
2026-05-23T04:28:09.658532Z  INFO construction_round2_todos: CONSTRUCTION_ROUND2_COMPLETE done=15/15
2026-05-23T04:28:09.658536Z  INFO construction_round3_todos: CONSTRUCTION_ROUND3_COMPLETE done=27/27
2026-05-23T04:28:09.658540Z  INFO construction_operational_todos: CONSTRUCTION_OPERATIONAL_GREEN
2026-05-23T04:28:09.668814Z  INFO stage5_live_todos: STAGE5_MAP_CAMERA_HOOK post_mirror desired_xy=(160.00,160.00) zoom=2.0250 world_main_xy=(160.00,160.00) zoom=2.0250 bridge_drift=0.0000
2026-05-23T04:28:09.673079Z  INFO stage5_live_todos: STAGE5_FIRE_HOOK fire_visual_producer_count=1 (expect 1 for FIRE-01)
2026-05-23T04:28:09.675623Z  INFO stall: STALL after_tile_storage_apply: 18.42ms
2026-05-23T04:28:09.678659Z  INFO stage5_live_todos: STAGE5_SPINE_HOOK policy_present=true graph_present=true fence_committed=true fence_fire_tick=88 world_frame_present=true overlay_rev=2 overlay_chunk_cells=28 atm_partial_dispatch=1 atm_gpu_tex_uploads=0 atm_full_field_fallback=false
2026-05-23T04:28:09.681295Z  INFO industrial_activation_todos: INDUSTRIAL_ACTIVATION_GREEN
2026-05-23T04:28:09.681347Z  INFO stall: STALL pre_egui: 5.72ms
2026-05-23T04:28:09.681352Z  INFO viewport_authority: VIEWPORT_AUTHORITY source=UiMeasured valid=true min=Vec2(0.0, 0.0) max=Vec2(1280.0, 720.0) w=1280.0 h=720.0
2026-05-23T04:28:09.681361Z  INFO viewport_authority::solver: VIEWPORT_SOLVER_TARGET node=SimMapFill valid=true rect.source=SimMapFill w=1280.0 h=720.0
2026-05-23T04:28:09.681364Z  INFO viewport_authority: VIEWPORT_AUTHORITY source=LayoutSolver valid=true min=Vec2(0.0, 0.0) max=Vec2(1280.0, 720.0) w=1280.0 h=720.0
2026-05-23T04:28:09.681367Z  INFO viewport_authority: VIEWPORT_AUTHORITY source=LayoutSolver valid=true min=Vec2(0.0, 0.0) max=Vec2(1280.0, 720.0) w=1280.0 h=720.0
2026-05-23T04:28:09.681370Z  INFO viewport_authority: VIEWPORT_AUTHORITY source=UiCommitted valid=true min=Vec2(0.0, 0.0) max=Vec2(1280.0, 720.0) w=1280.0 h=720.0
2026-05-23T04:28:09.681391Z  INFO viewport_authority: VIEWPORT_AUTHORITY source=CameraApplied valid=true min=Vec2(0.0, 0.0) max=Vec2(1280.0, 720.0) w=1280.0 h=720.0
2026-05-23T04:28:09.681417Z  INFO stage5_live_todos: STAGE5_READINESS_HOOK passes=true violations_first=(none) producer_count=1
2026-05-23T04:28:09.681425Z  INFO visual_aidv2_live_todos: VISUAL_AID_V2_BOARD done=3/6 footprint_ok=false readability=true icons=0
2026-05-23T04:28:09.682609Z  INFO stage5_live_todos: STAGE5_GPU_HOOK indirect_instances=0 dispatch_count=0 draw_instances=0 (PHF-01 alignment)
2026-05-23T04:28:09.683154Z  INFO visual_diag: VISUAL_DIAG window frame=87 periodic=false win_logical=(1280, 720) win_physical=(1280, 720) scale=1.0 app=2 base=2 flow=3 worldgen=5 readiness_profile=Stage5ReadinessProfile { require_vt4: true, require_vt5: true, require_preview: true, require_partial_metrics: true, require_world_frame: true, require_phase_f_proof: true, require_instanced_draw: true }
2026-05-23T04:28:09.683164Z  INFO visual_diag: VISUAL_DIAG sim_viewport frame=87 sim_valid=true sim_adequate=true sim_min=Vec2(0.0, 0.0) sim_max=Vec2(1280.0, 720.0) sim_wh=(1280, 720) measured_valid=true measured_wh=(1280, 720) committed_wh=(1280, 720) sim_held=true settle_streak=4 layout_settled=true frozen=true last_commit="hole_hold" pending_wh=(1280, 720) pending_min=Vec2(0.0, 0.0) pending_max=Vec2(1280.0, 720.0)
2026-05-23T04:28:09.683170Z  INFO visual_diag: VISUAL_DIAG camera frame=87 cam_desired_x=160.0 cam_desired_y=160.0 cam_zoom=2.0249998569488525 latch_hole=true render_hole=true latch_invalid_streak=0 latch_valid_streak=86 cam_scissor=Some((0, 0, 1280, 720)) ortho_fixed_w=632 ortho_fixed_h=356 map_view_px_w=1280 map_view_px_h=720 world_w=320 world_h=320
2026-05-23T04:28:09.683173Z  INFO visual_diag: VISUAL_DIAG resolved_viewports frame=87 resolved_rev=112 primary_valid=true primary_wh=(1280, 720) sim_resolved_valid=true sim_resolved_wh=(1280, 720) preview_valid=true preview_wh=(372, 362) minimap_valid=true minimap_wh=(397, 160) mismatch_preview=false mismatch_minimap=false mismatch_sim_map=false mismatch_stale_tex=false
2026-05-23T04:28:09.683177Z  INFO visual_diag: VISUAL_DIAG map_view_frames frame=87 world_preview_proj_rev=1554780161534 minimap_proj_rev=687223767846 sim_map_proj_rev=3092405454489
2026-05-23T04:28:09.683179Z  INFO visual_diag: VISUAL_DIAG map_presentation frame=87 wp_fit=Contain wp_viewport=UVec2(372, 362) wp_fit_scale=1.10595703125 wp_expected_fit_scale=1.10595703125 wp_zoom=1.0407500267028809 mm_fit=Cover mm_viewport=UVec2(397, 160) mm_fit_scale=1.2409179210662842
2026-05-23T04:28:09.683184Z  INFO visual_diag: VISUAL_DIAG render_spine frame=87 raster_rev=29 repr_band=0 repr_lod="LocalTactical" particle_rows_cap=262144 visual_intent="Strategic" visual_zoom_alpha=0.01843632385134697 fire_particle_rows=0 fire_particle_stamp=88 overlay_rev=2 overlay_chunk_cells=28 graph_fire_inst=0 graph_fire_heat=0 gpu_instance_rows=0 gpu_dispatch=1 gpu_draw=0
2026-05-23T04:28:09.683187Z  INFO visual_diag: VISUAL_DIAG perf frame=87 tile_raster_ms=0.0 tile_raster_ran=false world_repr_ms=0.011299999430775642 projection_graph_ms=0.00020000000949949026 domain_merge_ms=0.00010000000474974513 readiness_ms=0.019299998879432678 cpu_pre_egui_ms=0.0 cpu_egui_ms=0.0 cpu_post_egui_ms=0.0 gpu_gap_ms=0.0
2026-05-23T04:28:09.683190Z  INFO visual_diag: VISUAL_DIAG hud_shell frame=87 cmd_shell=false overlay_tray=false transmission=false
2026-05-23T04:28:09.683206Z  INFO perf: PERF wall=26.05 instr=0.03 gap=26.02 | cpu_pre_egui=24.21 cpu_egui=0.41 cpu_post_egui=1.43 gpu_gap=0.00 | spine=0.00 world_repr=0.01 graph=0.00 merge=0.00 atm=0.00 readiness=0.02 raster=0.00 (idle) | upd_attrib sum=5.73 pv_cpu=0.00 pv_gpu=0.00 fire=0.10 stream=5.53 map_fit=0.00 hud=0.09 wgen=0.00 | budget_sum=4.86 hud=0.09 overlay=0.00 raster_b=4.68 particles=0.00 residency=0.03 tex_reg=0.00 render_x=0.05 | stall first+preupd=0.05 update=0.00 post_dom=0.00 post_vt=0.01 postÔåÆready=0.00 ready=0.07 postÔåÆegui=5.72 egui=0.33 post_egui=1.38 | stall_hits=[after_tile_storage_apply:18.4,pre_egui:5.7]
2026-05-23T04:28:09.683212Z  INFO perf: PERF frame=26.1ms update=24.2ms egui=0.4ms preview=0.0ms streaming=5.5ms tile_apply=0.0ms viewport=0.0ms map_fit=0.0ms repr=0.0ms raster=0.0ms
2026-05-23T04:28:09.683215Z  INFO stall: STALL culprit=after_tile_storage_apply duration=18.4ms frame=26.1ms
2026-05-23T04:28:09.683744Z  INFO viewport_authority: VIEWPORT_AUTHORITY source=ResolvedViewport valid=true min=Vec2(0.0, 0.0) max=Vec2(1280.0, 720.0) w=1280.0 h=720.0
2026-05-23T04:28:09.684773Z  INFO construction_finish_todos: CONSTRUCTION_FINISH_COMPLETE done=8/8
2026-05-23T04:28:09.684782Z  INFO construction_round2_todos: CONSTRUCTION_ROUND2_COMPLETE done=15/15
2026-05-23T04:28:09.684785Z  INFO construction_round3_todos: CONSTRUCTION_ROUND3_COMPLETE done=27/27
2026-05-23T04:28:09.684789Z  INFO construction_operational_todos: CONSTRUCTION_OPERATIONAL_GREEN
2026-05-23T04:28:09.695088Z  INFO stage5_live_todos: STAGE5_MAP_CAMERA_HOOK post_mirror desired_xy=(160.00,160.00) zoom=2.0250 world_main_xy=(160.00,160.00) zoom=2.0250 bridge_drift=0.0000
2026-05-23T04:28:09.698992Z  INFO stage5_live_todos: STAGE5_FIRE_HOOK fire_visual_producer_count=1 (expect 1 for FIRE-01)
2026-05-23T04:28:09.701760Z  INFO stall: STALL after_tile_storage_apply: 18.26ms
2026-05-23T04:28:09.704824Z  INFO stage5_live_todos: STAGE5_SPINE_HOOK policy_present=true graph_present=true fence_committed=true fence_fire_tick=89 world_frame_present=true overlay_rev=2 overlay_chunk_cells=28 atm_partial_dispatch=1 atm_gpu_tex_uploads=0 atm_full_field_fallback=false
2026-05-23T04:28:09.707997Z  INFO industrial_activation_todos: INDUSTRIAL_ACTIVATION_GREEN
2026-05-23T04:28:09.708052Z  INFO stall: STALL pre_egui: 6.29ms
2026-05-23T04:28:09.708063Z  INFO viewport_authority: VIEWPORT_AUTHORITY source=UiMeasured valid=true min=Vec2(0.0, 0.0) max=Vec2(1280.0, 720.0) w=1280.0 h=720.0
2026-05-23T04:28:09.708073Z  INFO viewport_authority::solver: VIEWPORT_SOLVER_TARGET node=SimMapFill valid=true rect.source=SimMapFill w=1280.0 h=720.0
2026-05-23T04:28:09.708077Z  INFO viewport_authority: VIEWPORT_AUTHORITY source=LayoutSolver valid=true min=Vec2(0.0, 0.0) max=Vec2(1280.0, 720.0) w=1280.0 h=720.0
2026-05-23T04:28:09.708081Z  INFO viewport_authority: VIEWPORT_AUTHORITY source=LayoutSolver valid=true min=Vec2(0.0, 0.0) max=Vec2(1280.0, 720.0) w=1280.0 h=720.0
2026-05-23T04:28:09.708084Z  INFO viewport_authority: VIEWPORT_AUTHORITY source=UiCommitted valid=true min=Vec2(0.0, 0.0) max=Vec2(1280.0, 720.0) w=1280.0 h=720.0
2026-05-23T04:28:09.708097Z  INFO viewport_authority: VIEWPORT_AUTHORITY source=CameraApplied valid=true min=Vec2(0.0, 0.0) max=Vec2(1280.0, 720.0) w=1280.0 h=720.0
2026-05-23T04:28:09.708125Z  INFO stage5_live_todos: STAGE5_READINESS_HOOK passes=true violations_first=(none) producer_count=1
2026-05-23T04:28:09.708140Z  INFO visual_aidv2_live_todos: VISUAL_AID_V2_BOARD done=3/6 footprint_ok=false readability=true icons=0
2026-05-23T04:28:09.709324Z  INFO stage5_live_todos: STAGE5_GPU_HOOK indirect_instances=0 dispatch_count=0 draw_instances=0 (PHF-01 alignment)
2026-05-23T04:28:09.709886Z  INFO visual_diag: VISUAL_DIAG window frame=88 periodic=false win_logical=(1280, 720) win_physical=(1280, 720) scale=1.0 app=2 base=2 flow=3 worldgen=5 readiness_profile=Stage5ReadinessProfile { require_vt4: true, require_vt5: true, require_preview: true, require_partial_metrics: true, require_world_frame: true, require_phase_f_proof: true, require_instanced_draw: true }
2026-05-23T04:28:09.709899Z  INFO visual_diag: VISUAL_DIAG sim_viewport frame=88 sim_valid=true sim_adequate=true sim_min=Vec2(0.0, 0.0) sim_max=Vec2(1280.0, 720.0) sim_wh=(1280, 720) measured_valid=true measured_wh=(1280, 720) committed_wh=(1280, 720) sim_held=true settle_streak=4 layout_settled=true frozen=true last_commit="hole_hold" pending_wh=(1280, 720) pending_min=Vec2(0.0, 0.0) pending_max=Vec2(1280.0, 720.0)
2026-05-23T04:28:09.709905Z  INFO visual_diag: VISUAL_DIAG camera frame=88 cam_desired_x=160.0 cam_desired_y=160.0 cam_zoom=2.0249998569488525 latch_hole=true render_hole=true latch_invalid_streak=0 latch_valid_streak=87 cam_scissor=Some((0, 0, 1280, 720)) ortho_fixed_w=632 ortho_fixed_h=356 map_view_px_w=1280 map_view_px_h=720 world_w=320 world_h=320
2026-05-23T04:28:09.709910Z  INFO visual_diag: VISUAL_DIAG resolved_viewports frame=88 resolved_rev=112 primary_valid=true primary_wh=(1280, 720) sim_resolved_valid=true sim_resolved_wh=(1280, 720) preview_valid=true preview_wh=(372, 362) minimap_valid=true minimap_wh=(397, 160) mismatch_preview=false mismatch_minimap=false mismatch_sim_map=false mismatch_stale_tex=false
2026-05-23T04:28:09.709916Z  INFO visual_diag: VISUAL_DIAG map_view_frames frame=88 world_preview_proj_rev=1554780161534 minimap_proj_rev=687223767846 sim_map_proj_rev=3092405454489
2026-05-23T04:28:09.709919Z  INFO visual_diag: VISUAL_DIAG map_presentation frame=88 wp_fit=Contain wp_viewport=UVec2(372, 362) wp_fit_scale=1.10595703125 wp_expected_fit_scale=1.10595703125 wp_zoom=1.0407500267028809 mm_fit=Cover mm_viewport=UVec2(397, 160) mm_fit_scale=1.2409179210662842
2026-05-23T04:28:09.709924Z  INFO visual_diag: VISUAL_DIAG render_spine frame=88 raster_rev=29 repr_band=0 repr_lod="LocalTactical" particle_rows_cap=262144 visual_intent="Strategic" visual_zoom_alpha=0.01843632385134697 fire_particle_rows=0 fire_particle_stamp=89 overlay_rev=2 overlay_chunk_cells=28 graph_fire_inst=0 graph_fire_heat=0 gpu_instance_rows=0 gpu_dispatch=1 gpu_draw=0
2026-05-23T04:28:09.709928Z  INFO visual_diag: VISUAL_DIAG perf frame=88 tile_raster_ms=0.0 tile_raster_ran=false world_repr_ms=0.010300000198185444 projection_graph_ms=0.00020000000949949026 domain_merge_ms=0.00010000000474974513 readiness_ms=0.028599999845027924 cpu_pre_egui_ms=0.0 cpu_egui_ms=0.0 cpu_post_egui_ms=0.0 gpu_gap_ms=0.0
2026-05-23T04:28:09.709932Z  INFO visual_diag: VISUAL_DIAG hud_shell frame=88 cmd_shell=false overlay_tray=false transmission=false
2026-05-23T04:28:09.709950Z  INFO perf: PERF wall=26.48 instr=0.04 gap=26.44 | cpu_pre_egui=24.60 cpu_egui=0.50 cpu_post_egui=1.38 gpu_gap=0.00 | spine=0.00 world_repr=0.01 graph=0.00 merge=0.00 atm=0.00 readiness=0.03 raster=0.00 (idle) | upd_attrib sum=5.99 pv_cpu=0.00 pv_gpu=0.01 fire=0.09 stream=5.78 map_fit=0.00 hud=0.12 wgen=0.00 | budget_sum=4.88 hud=0.12 overlay=0.00 raster_b=4.68 particles=0.00 residency=0.03 tex_reg=0.00 render_x=0.05 | stall first+preupd=0.03 update=0.01 post_dom=0.00 post_vt=0.01 postÔåÆready=0.00 ready=0.08 postÔåÆegui=6.29 egui=0.41 post_egui=1.32 | stall_hits=[after_tile_storage_apply:18.3,pre_egui:6.3]
2026-05-23T04:28:09.709957Z  INFO perf: PERF frame=26.5ms update=24.6ms egui=0.5ms preview=0.0ms streaming=5.8ms tile_apply=0.0ms viewport=0.0ms map_fit=0.0ms repr=0.0ms raster=0.0ms
2026-05-23T04:28:09.709960Z  INFO stall: STALL culprit=after_tile_storage_apply duration=18.3ms frame=26.5ms
2026-05-23T04:28:09.710490Z  INFO viewport_authority: VIEWPORT_AUTHORITY source=ResolvedViewport valid=true min=Vec2(0.0, 0.0) max=Vec2(1280.0, 720.0) w=1280.0 h=720.0
2026-05-23T04:28:09.711497Z  INFO construction_finish_todos: CONSTRUCTION_FINISH_COMPLETE done=8/8
2026-05-23T04:28:09.711505Z  INFO construction_round2_todos: CONSTRUCTION_ROUND2_COMPLETE done=15/15
2026-05-23T04:28:09.711508Z  INFO construction_round3_todos: CONSTRUCTION_ROUND3_COMPLETE done=27/27
2026-05-23T04:28:09.711511Z  INFO construction_operational_todos: CONSTRUCTION_OPERATIONAL_GREEN
2026-05-23T04:28:09.722946Z  INFO stage5_live_todos: STAGE5_MAP_CAMERA_HOOK post_mirror desired_xy=(160.00,160.00) zoom=2.0250 world_main_xy=(160.00,160.00) zoom=2.0250 bridge_drift=0.0000
2026-05-23T04:28:09.726848Z  INFO stage5_live_todos: STAGE5_FIRE_HOOK fire_visual_producer_count=1 (expect 1 for FIRE-01)
2026-05-23T04:28:09.729447Z  INFO stall: STALL after_tile_storage_apply: 19.21ms
2026-05-23T04:28:09.732531Z  INFO stage5_live_todos: STAGE5_SPINE_HOOK policy_present=true graph_present=true fence_committed=true fence_fire_tick=90 world_frame_present=true overlay_rev=2 overlay_chunk_cells=28 atm_partial_dispatch=1 atm_gpu_tex_uploads=0 atm_full_field_fallback=false
2026-05-23T04:28:09.736631Z  INFO industrial_activation_todos: INDUSTRIAL_ACTIVATION_GREEN
2026-05-23T04:28:09.736692Z  INFO stall: STALL pre_egui: 7.25ms
2026-05-23T04:28:09.736707Z  INFO viewport_authority: VIEWPORT_AUTHORITY source=UiMeasured valid=true min=Vec2(0.0, 0.0) max=Vec2(1280.0, 720.0) w=1280.0 h=720.0
2026-05-23T04:28:09.736718Z  INFO viewport_authority::solver: VIEWPORT_SOLVER_TARGET node=SimMapFill valid=true rect.source=SimMapFill w=1280.0 h=720.0
2026-05-23T04:28:09.736722Z  INFO viewport_authority: VIEWPORT_AUTHORITY source=LayoutSolver valid=true min=Vec2(0.0, 0.0) max=Vec2(1280.0, 720.0) w=1280.0 h=720.0
2026-05-23T04:28:09.736725Z  INFO viewport_authority: VIEWPORT_AUTHORITY source=LayoutSolver valid=true min=Vec2(0.0, 0.0) max=Vec2(1280.0, 720.0) w=1280.0 h=720.0
2026-05-23T04:28:09.736728Z  INFO viewport_authority: VIEWPORT_AUTHORITY source=UiCommitted valid=true min=Vec2(0.0, 0.0) max=Vec2(1280.0, 720.0) w=1280.0 h=720.0
2026-05-23T04:28:09.736740Z  INFO viewport_authority: VIEWPORT_AUTHORITY source=CameraApplied valid=true min=Vec2(0.0, 0.0) max=Vec2(1280.0, 720.0) w=1280.0 h=720.0
2026-05-23T04:28:09.737164Z  INFO stage5_live_todos: STAGE5_READINESS_HOOK passes=true violations_first=(none) producer_count=1
2026-05-23T04:28:09.737174Z  INFO visual_aidv2_live_todos: VISUAL_AID_V2_BOARD done=3/6 footprint_ok=false readability=true icons=0
2026-05-23T04:28:09.738699Z  INFO stage5_live_todos: STAGE5_GPU_HOOK indirect_instances=0 dispatch_count=0 draw_instances=0 (PHF-01 alignment)
2026-05-23T04:28:09.739448Z  INFO stage5_readiness::live: READINESS_FRAME_FENCE_OK eval_inv=90 frame_tick=90 passes=true
2026-05-23T04:28:09.739453Z  INFO visual_diag: VISUAL_DIAG window frame=89 periodic=false win_logical=(1280, 720) win_physical=(1280, 720) scale=1.0 app=2 base=2 flow=3 worldgen=5 readiness_profile=Stage5ReadinessProfile { require_vt4: true, require_vt5: true, require_preview: true, require_partial_metrics: true, require_world_frame: true, require_phase_f_proof: true, require_instanced_draw: true }
2026-05-23T04:28:09.739464Z  INFO visual_diag: VISUAL_DIAG sim_viewport frame=89 sim_valid=true sim_adequate=true sim_min=Vec2(0.0, 0.0) sim_max=Vec2(1280.0, 720.0) sim_wh=(1280, 720) measured_valid=true measured_wh=(1280, 720) committed_wh=(1280, 720) sim_held=true settle_streak=4 layout_settled=true frozen=true last_commit="hole_hold" pending_wh=(1280, 720) pending_min=Vec2(0.0, 0.0) pending_max=Vec2(1280.0, 720.0)
2026-05-23T04:28:09.739471Z  INFO visual_diag: VISUAL_DIAG camera frame=89 cam_desired_x=160.0 cam_desired_y=160.0 cam_zoom=2.0249998569488525 latch_hole=true render_hole=true latch_invalid_streak=0 latch_valid_streak=88 cam_scissor=Some((0, 0, 1280, 720)) ortho_fixed_w=632 ortho_fixed_h=356 map_view_px_w=1280 map_view_px_h=720 world_w=320 world_h=320
2026-05-23T04:28:09.739476Z  INFO visual_diag: VISUAL_DIAG resolved_viewports frame=89 resolved_rev=112 primary_valid=true primary_wh=(1280, 720) sim_resolved_valid=true sim_resolved_wh=(1280, 720) preview_valid=true preview_wh=(372, 362) minimap_valid=true minimap_wh=(397, 160) mismatch_preview=false mismatch_minimap=false mismatch_sim_map=false mismatch_stale_tex=false
2026-05-23T04:28:09.739480Z  INFO visual_diag: VISUAL_DIAG map_view_frames frame=89 world_preview_proj_rev=1554780161534 minimap_proj_rev=687223767846 sim_map_proj_rev=3092405454489
2026-05-23T04:28:09.739483Z  INFO visual_diag: VISUAL_DIAG map_presentation frame=89 wp_fit=Contain wp_viewport=UVec2(372, 362) wp_fit_scale=1.10595703125 wp_expected_fit_scale=1.10595703125 wp_zoom=1.0407500267028809 mm_fit=Cover mm_viewport=UVec2(397, 160) mm_fit_scale=1.2409179210662842
2026-05-23T04:28:09.739488Z  INFO visual_diag: VISUAL_DIAG render_spine frame=89 raster_rev=29 repr_band=0 repr_lod="LocalTactical" particle_rows_cap=262144 visual_intent="Strategic" visual_zoom_alpha=0.01843632385134697 fire_particle_rows=0 fire_particle_stamp=90 overlay_rev=2 overlay_chunk_cells=28 graph_fire_inst=0 graph_fire_heat=0 gpu_instance_rows=0 gpu_dispatch=1 gpu_draw=0
2026-05-23T04:28:09.739492Z  INFO visual_diag: VISUAL_DIAG perf frame=89 tile_raster_ms=0.0 tile_raster_ran=false world_repr_ms=0.011699999682605267 projection_graph_ms=0.00020000000949949026 domain_merge_ms=0.00010000000474974513 readiness_ms=0.02459999918937683 cpu_pre_egui_ms=0.0 cpu_egui_ms=0.0 cpu_post_egui_ms=0.0 gpu_gap_ms=0.0
2026-05-23T04:28:09.739495Z  INFO visual_diag: VISUAL_DIAG hud_shell frame=89 cmd_shell=false overlay_tray=false transmission=false
2026-05-23T04:28:09.739521Z  INFO perf: PERF wall=29.30 instr=0.04 gap=29.26 | cpu_pre_egui=26.50 cpu_egui=1.06 cpu_post_egui=1.74 gpu_gap=0.00 | spine=0.00 world_repr=0.01 graph=0.00 merge=0.00 atm=0.00 readiness=0.02 raster=0.00 (idle) | upd_attrib sum=5.90 pv_cpu=0.00 pv_gpu=0.01 fire=0.10 stream=5.62 map_fit=0.00 hud=0.17 wgen=0.00 | budget_sum=4.94 hud=0.17 overlay=0.00 raster_b=4.68 particles=0.00 residency=0.03 tex_reg=0.00 render_x=0.05 | stall first+preupd=0.02 update=0.01 post_dom=0.00 post_vt=0.02 postÔåÆready=0.00 ready=0.50 postÔåÆegui=7.25 egui=0.55 post_egui=1.68 | stall_hits=[after_tile_storage_apply:19.2,pre_egui:7.2]
2026-05-23T04:28:09.739530Z  INFO perf: PERF frame=29.3ms update=26.5ms egui=1.1ms preview=0.0ms streaming=5.6ms tile_apply=0.0ms viewport=0.0ms map_fit=0.0ms repr=0.0ms raster=0.0ms
2026-05-23T04:28:09.739533Z  INFO stall: STALL culprit=after_tile_storage_apply duration=19.2ms frame=29.3ms
2026-05-23T04:28:09.740179Z  INFO viewport_authority: VIEWPORT_AUTHORITY source=ResolvedViewport valid=true min=Vec2(0.0, 0.0) max=Vec2(1280.0, 720.0) w=1280.0 h=720.0
2026-05-23T04:28:09.741499Z  INFO construction_finish_todos: CONSTRUCTION_FINISH_COMPLETE done=8/8
2026-05-23T04:28:09.741508Z  INFO construction_round2_todos: CONSTRUCTION_ROUND2_COMPLETE done=15/15
2026-05-23T04:28:09.741513Z  INFO construction_round3_todos: CONSTRUCTION_ROUND3_COMPLETE done=27/27
2026-05-23T04:28:09.741516Z  INFO construction_operational_todos: CONSTRUCTION_OPERATIONAL_GREEN
2026-05-23T04:28:09.753795Z  INFO stage5_live_todos: STAGE5_MAP_CAMERA_HOOK post_mirror desired_xy=(160.00,160.00) zoom=2.0250 world_main_xy=(160.00,160.00) zoom=2.0250 bridge_drift=0.0000
2026-05-23T04:28:09.757738Z  INFO stage5_live_todos: STAGE5_FIRE_HOOK fire_visual_producer_count=1 (expect 1 for FIRE-01)
2026-05-23T04:28:09.760340Z  INFO stall: STALL after_tile_storage_apply: 20.43ms
2026-05-23T04:28:09.763432Z  INFO stage5_live_todos: STAGE5_SPINE_HOOK policy_present=true graph_present=true fence_committed=true fence_fire_tick=91 world_frame_present=true overlay_rev=2 overlay_chunk_cells=28 atm_partial_dispatch=1 atm_gpu_tex_uploads=0 atm_full_field_fallback=false
2026-05-23T04:28:09.766515Z  INFO industrial_activation_todos: INDUSTRIAL_ACTIVATION_GREEN
2026-05-23T04:28:09.766564Z  INFO stall: STALL pre_egui: 6.22ms
2026-05-23T04:28:09.766571Z  INFO viewport_authority: VIEWPORT_AUTHORITY source=UiMeasured valid=true min=Vec2(0.0, 0.0) max=Vec2(1280.0, 720.0) w=1280.0 h=720.0
2026-05-23T04:28:09.766581Z  INFO viewport_authority::solver: VIEWPORT_SOLVER_TARGET node=SimMapFill valid=true rect.source=SimMapFill w=1280.0 h=720.0
2026-05-23T04:28:09.766584Z  INFO viewport_authority: VIEWPORT_AUTHORITY source=LayoutSolver valid=true min=Vec2(0.0, 0.0) max=Vec2(1280.0, 720.0) w=1280.0 h=720.0
2026-05-23T04:28:09.766587Z  INFO viewport_authority: VIEWPORT_AUTHORITY source=LayoutSolver valid=true min=Vec2(0.0, 0.0) max=Vec2(1280.0, 720.0) w=1280.0 h=720.0
2026-05-23T04:28:09.766590Z  INFO viewport_authority: VIEWPORT_AUTHORITY source=UiCommitted valid=true min=Vec2(0.0, 0.0) max=Vec2(1280.0, 720.0) w=1280.0 h=720.0
2026-05-23T04:28:09.766601Z  INFO viewport_authority: VIEWPORT_AUTHORITY source=CameraApplied valid=true min=Vec2(0.0, 0.0) max=Vec2(1280.0, 720.0) w=1280.0 h=720.0
2026-05-23T04:28:09.768122Z  INFO stage5_live_todos: STAGE5_READINESS_HOOK passes=true violations_first=(none) producer_count=1
2026-05-23T04:28:09.768132Z  INFO visual_aidv2_live_todos: VISUAL_AID_V2_BOARD done=3/6 footprint_ok=false readability=true icons=0
2026-05-23T04:28:09.769565Z  INFO stage5_live_todos: STAGE5_GPU_HOOK indirect_instances=0 dispatch_count=0 draw_instances=0 (PHF-01 alignment)
2026-05-23T04:28:09.770314Z  INFO visual_diag: VISUAL_DIAG window frame=90 periodic=false win_logical=(1280, 720) win_physical=(1280, 720) scale=1.0 app=2 base=2 flow=3 worldgen=5 readiness_profile=Stage5ReadinessProfile { require_vt4: true, require_vt5: true, require_preview: true, require_partial_metrics: true, require_world_frame: true, require_phase_f_proof: true, require_instanced_draw: true }
2026-05-23T04:28:09.770326Z  INFO visual_diag: VISUAL_DIAG sim_viewport frame=90 sim_valid=true sim_adequate=true sim_min=Vec2(0.0, 0.0) sim_max=Vec2(1280.0, 720.0) sim_wh=(1280, 720) measured_valid=true measured_wh=(1280, 720) committed_wh=(1280, 720) sim_held=true settle_streak=4 layout_settled=true frozen=true last_commit="hole_hold" pending_wh=(1280, 720) pending_min=Vec2(0.0, 0.0) pending_max=Vec2(1280.0, 720.0)
2026-05-23T04:28:09.770333Z  INFO visual_diag: VISUAL_DIAG camera frame=90 cam_desired_x=160.0 cam_desired_y=160.0 cam_zoom=2.0249998569488525 latch_hole=true render_hole=true latch_invalid_streak=0 latch_valid_streak=89 cam_scissor=Some((0, 0, 1280, 720)) ortho_fixed_w=632 ortho_fixed_h=356 map_view_px_w=1280 map_view_px_h=720 world_w=320 world_h=320
2026-05-23T04:28:09.770339Z  INFO visual_diag: VISUAL_DIAG resolved_viewports frame=90 resolved_rev=112 primary_valid=true primary_wh=(1280, 720) sim_resolved_valid=true sim_resolved_wh=(1280, 720) preview_valid=true preview_wh=(372, 362) minimap_valid=true minimap_wh=(397, 160) mismatch_preview=false mismatch_minimap=false mismatch_sim_map=false mismatch_stale_tex=false
2026-05-23T04:28:09.770343Z  INFO visual_diag: VISUAL_DIAG map_view_frames frame=90 world_preview_proj_rev=1554780161534 minimap_proj_rev=687223767846 sim_map_proj_rev=3092405454489
2026-05-23T04:28:09.770346Z  INFO visual_diag: VISUAL_DIAG map_presentation frame=90 wp_fit=Contain wp_viewport=UVec2(372, 362) wp_fit_scale=1.10595703125 wp_expected_fit_scale=1.10595703125 wp_zoom=1.0407500267028809 mm_fit=Cover mm_viewport=UVec2(397, 160) mm_fit_scale=1.2409179210662842
2026-05-23T04:28:09.770351Z  INFO visual_diag: VISUAL_DIAG render_spine frame=90 raster_rev=29 repr_band=0 repr_lod="LocalTactical" particle_rows_cap=262144 visual_intent="Strategic" visual_zoom_alpha=0.01843632385134697 fire_particle_rows=0 fire_particle_stamp=91 overlay_rev=2 overlay_chunk_cells=28 graph_fire_inst=0 graph_fire_heat=0 gpu_instance_rows=0 gpu_dispatch=1 gpu_draw=0
2026-05-23T04:28:09.770355Z  INFO visual_diag: VISUAL_DIAG perf frame=90 tile_raster_ms=0.0 tile_raster_ran=false world_repr_ms=0.008200000040233135 projection_graph_ms=0.00020000000949949026 domain_merge_ms=0.00010000000474974513 readiness_ms=0.027400000020861626 cpu_pre_egui_ms=0.0 cpu_egui_ms=0.0 cpu_post_egui_ms=0.0 gpu_gap_ms=0.0
2026-05-23T04:28:09.770359Z  INFO visual_diag: VISUAL_DIAG hud_shell frame=90 cmd_shell=false overlay_tray=false transmission=false
2026-05-23T04:28:09.770385Z  INFO perf: PERF wall=30.50 instr=0.04 gap=30.46 | cpu_pre_egui=26.70 cpu_egui=2.12 cpu_post_egui=1.68 gpu_gap=0.00 | spine=0.00 world_repr=0.01 graph=0.00 merge=0.00 atm=0.00 readiness=0.03 raster=0.00 (idle) | upd_attrib sum=5.90 pv_cpu=0.00 pv_gpu=0.00 fire=0.09 stream=5.63 map_fit=0.00 hud=0.17 wgen=0.00 | budget_sum=4.93 hud=0.17 overlay=0.00 raster_b=4.68 particles=0.00 residency=0.03 tex_reg=0.00 render_x=0.05 | egui_unbudgeted=1.95 | stall first+preupd=0.03 update=0.00 post_dom=0.01 post_vt=0.01 postÔåÆready=0.00 ready=1.58 postÔåÆegui=6.22 egui=0.52 post_egui=1.62 | stall_hits=[after_tile_storage_apply:20.4,pre_egui:6.2]
2026-05-23T04:28:09.770398Z  INFO perf: PERF frame=30.5ms update=26.7ms egui=2.1ms preview=0.0ms streaming=5.6ms tile_apply=0.0ms viewport=0.0ms map_fit=0.0ms repr=0.0ms raster=0.0ms
2026-05-23T04:28:09.770401Z  INFO stall: STALL culprit=after_tile_storage_apply duration=20.4ms frame=30.5ms
2026-05-23T04:28:09.771254Z  INFO viewport_authority: VIEWPORT_AUTHORITY source=ResolvedViewport valid=true min=Vec2(0.0, 0.0) max=Vec2(1280.0, 720.0) w=1280.0 h=720.0
2026-05-23T04:28:09.771273Z  INFO proc_A_dine01::render::viewport_pipeline: resolved viewport=minimap_panel revision=113 logical=(413.1,374.2) physical=413x374
2026-05-23T04:28:09.772361Z  INFO construction_finish_todos: CONSTRUCTION_FINISH_COMPLETE done=8/8
2026-05-23T04:28:09.772372Z  INFO construction_round2_todos: CONSTRUCTION_ROUND2_COMPLETE done=15/15
2026-05-23T04:28:09.772378Z  INFO construction_round3_todos: CONSTRUCTION_ROUND3_COMPLETE done=27/27
2026-05-23T04:28:09.772382Z  INFO construction_operational_todos: CONSTRUCTION_OPERATIONAL_GREEN
2026-05-23T04:28:09.785333Z  INFO stage5_live_todos: STAGE5_MAP_CAMERA_HOOK post_mirror desired_xy=(160.00,160.00) zoom=2.0250 world_main_xy=(160.00,160.00) zoom=2.0250 bridge_drift=0.0000
2026-05-23T04:28:09.789591Z  INFO stage5_live_todos: STAGE5_FIRE_HOOK fire_visual_producer_count=1 (expect 1 for FIRE-01)
2026-05-23T04:28:09.792160Z  INFO stall: STALL after_tile_storage_apply: 21.38ms
2026-05-23T04:28:09.795224Z  INFO stage5_live_todos: STAGE5_SPINE_HOOK policy_present=true graph_present=true fence_committed=true fence_fire_tick=92 world_frame_present=true overlay_rev=2 overlay_chunk_cells=28 atm_partial_dispatch=1 atm_gpu_tex_uploads=0 atm_full_field_fallback=false
2026-05-23T04:28:09.798346Z  INFO industrial_activation_todos: INDUSTRIAL_ACTIVATION_GREEN
2026-05-23T04:28:09.798396Z  INFO stall: STALL pre_egui: 6.24ms
2026-05-23T04:28:09.798398Z  INFO viewport_authority: VIEWPORT_AUTHORITY source=UiMeasured valid=true min=Vec2(0.0, 0.0) max=Vec2(1280.0, 720.0) w=1280.0 h=720.0
2026-05-23T04:28:09.798408Z  INFO viewport_authority::solver: VIEWPORT_SOLVER_TARGET node=SimMapFill valid=true rect.source=SimMapFill w=1280.0 h=720.0
2026-05-23T04:28:09.798411Z  INFO viewport_authority: VIEWPORT_AUTHORITY source=LayoutSolver valid=true min=Vec2(0.0, 0.0) max=Vec2(1280.0, 720.0) w=1280.0 h=720.0
2026-05-23T04:28:09.798414Z  INFO viewport_authority: VIEWPORT_AUTHORITY source=LayoutSolver valid=true min=Vec2(0.0, 0.0) max=Vec2(1280.0, 720.0) w=1280.0 h=720.0
2026-05-23T04:28:09.798416Z  INFO viewport_authority: VIEWPORT_AUTHORITY source=UiCommitted valid=true min=Vec2(0.0, 0.0) max=Vec2(1280.0, 720.0) w=1280.0 h=720.0
2026-05-23T04:28:09.798429Z  INFO viewport_authority: VIEWPORT_AUTHORITY source=CameraApplied valid=true min=Vec2(0.0, 0.0) max=Vec2(1280.0, 720.0) w=1280.0 h=720.0
2026-05-23T04:28:09.798453Z  INFO stage5_live_todos: STAGE5_READINESS_HOOK passes=true violations_first=(none) producer_count=1
2026-05-23T04:28:09.798462Z  INFO visual_aidv2_live_todos: VISUAL_AID_V2_BOARD done=3/6 footprint_ok=false readability=true icons=0
2026-05-23T04:28:09.799649Z  INFO stage5_live_todos: STAGE5_GPU_HOOK indirect_instances=0 dispatch_count=0 draw_instances=0 (PHF-01 alignment)
2026-05-23T04:28:09.800163Z  INFO visual_diag: VISUAL_DIAG window frame=91 periodic=false win_logical=(1280, 720) win_physical=(1280, 720) scale=1.0 app=2 base=2 flow=3 worldgen=5 readiness_profile=Stage5ReadinessProfile { require_vt4: true, require_vt5: true, require_preview: true, require_partial_metrics: true, require_world_frame: true, require_phase_f_proof: true, require_instanced_draw: true }
2026-05-23T04:28:09.800159Z  INFO sim_view_sync: SIM_VIEW_SYNC frame=91 win_logical=(1280, 720) win_physical=(1280, 720) sim_valid=true sim_adequate=true sim_min=Vec2(0.0, 0.0) sim_max=Vec2(1280.0, 720.0) measured_valid=true measured_wh=Vec2(1280.0, 720.0) committed_wh=Vec2(1280.0, 720.0) sim_wh=Vec2(1280.0, 720.0) settle_streak=4 layout_settled=true sim_held=true last_commit="hole_hold" frozen=true pending_wh=Vec2(1280.0, 720.0) cam_hole=true render_hole=true cam_invalid_streak=0 cam_valid_streak=90 cam_scissor=Some((0, 0, 1280, 720)) ortho_fixed_wh=(632, 356) map_view_px=(1280, 720) raster_rev=29 resolved_rev=113 app=2 base=2 flow=3 worldgen=5 cmd_shell=false overlay_tray=false transmission=false rect_sanity_issues=0 left_stack_collapsed=true map_cam_scale=Vec3(2.0249999, 2.0249999, 2.0249999) minimap_visible=true
2026-05-23T04:28:09.800174Z  INFO visual_diag: VISUAL_DIAG sim_viewport frame=91 sim_valid=true sim_adequate=true sim_min=Vec2(0.0, 0.0) sim_max=Vec2(1280.0, 720.0) sim_wh=(1280, 720) measured_valid=true measured_wh=(1280, 720) committed_wh=(1280, 720) sim_held=true settle_streak=4 layout_settled=true frozen=true last_commit="hole_hold" pending_wh=(1280, 720) pending_min=Vec2(0.0, 0.0) pending_max=Vec2(1280.0, 720.0)
2026-05-23T04:28:09.800190Z  INFO visual_diag: VISUAL_DIAG camera frame=91 cam_desired_x=160.0 cam_desired_y=160.0 cam_zoom=2.0249998569488525 latch_hole=true render_hole=true latch_invalid_streak=0 latch_valid_streak=90 cam_scissor=Some((0, 0, 1280, 720)) ortho_fixed_w=632 ortho_fixed_h=356 map_view_px_w=1280 map_view_px_h=720 world_w=320 world_h=320
2026-05-23T04:28:09.800198Z  INFO visual_diag: VISUAL_DIAG resolved_viewports frame=91 resolved_rev=113 primary_valid=true primary_wh=(1280, 720) sim_resolved_valid=true sim_resolved_wh=(1280, 720) preview_valid=true preview_wh=(372, 362) minimap_valid=true minimap_wh=(413, 374) mismatch_preview=false mismatch_minimap=true mismatch_sim_map=false mismatch_stale_tex=false
2026-05-23T04:28:09.800202Z  INFO visual_diag: VISUAL_DIAG map_view_frames frame=91 world_preview_proj_rev=1554780161534 minimap_proj_rev=1606346769206 sim_map_proj_rev=3092405454489
2026-05-23T04:28:09.800205Z  INFO visual_diag: VISUAL_DIAG map_presentation frame=91 wp_fit=Contain wp_viewport=UVec2(372, 362) wp_fit_scale=1.10595703125 wp_expected_fit_scale=1.10595703125 wp_zoom=1.0407500267028809 mm_fit=Cover mm_viewport=UVec2(413, 374) mm_fit_scale=1.2409179210662842
2026-05-23T04:28:09.800210Z  INFO visual_diag: VISUAL_DIAG render_spine frame=91 raster_rev=29 repr_band=0 repr_lod="LocalTactical" particle_rows_cap=262144 visual_intent="Strategic" visual_zoom_alpha=0.01843632385134697 fire_particle_rows=0 fire_particle_stamp=92 overlay_rev=2 overlay_chunk_cells=28 graph_fire_inst=0 graph_fire_heat=0 gpu_instance_rows=0 gpu_dispatch=1 gpu_draw=0
2026-05-23T04:28:09.800214Z  INFO visual_diag: VISUAL_DIAG perf frame=91 tile_raster_ms=0.0 tile_raster_ran=false world_repr_ms=0.010200000368058681 projection_graph_ms=0.00020000000949949026 domain_merge_ms=0.00010000000474974513 readiness_ms=0.021300001069903374 cpu_pre_egui_ms=0.0 cpu_egui_ms=0.0 cpu_post_egui_ms=0.0 gpu_gap_ms=0.0
2026-05-23T04:28:09.800218Z  INFO visual_diag: VISUAL_DIAG hud_shell frame=91 cmd_shell=false overlay_tray=false transmission=false
2026-05-23T04:28:09.800240Z  INFO perf: PERF wall=29.48 instr=0.03 gap=29.45 | cpu_pre_egui=27.65 cpu_egui=0.50 cpu_post_egui=1.33 gpu_gap=0.00 | spine=0.00 world_repr=0.01 graph=0.00 merge=0.00 atm=0.00 readiness=0.02 raster=0.00 (idle) | upd_attrib sum=5.81 pv_cpu=0.00 pv_gpu=0.01 fire=0.10 stream=5.58 map_fit=0.00 hud=0.13 wgen=0.00 | budget_sum=4.89 hud=0.13 overlay=0.00 raster_b=4.68 particles=0.00 residency=0.03 tex_reg=0.00 render_x=0.05 | stall first+preupd=0.03 update=0.00 post_dom=0.00 post_vt=0.01 postÔåÆready=0.00 ready=0.06 postÔåÆegui=6.24 egui=0.42 post_egui=1.26 | stall_hits=[after_tile_storage_apply:21.4,pre_egui:6.2]
2026-05-23T04:28:09.800248Z  INFO perf: PERF frame=29.5ms update=27.7ms egui=0.5ms preview=0.0ms streaming=5.6ms tile_apply=0.0ms viewport=0.0ms map_fit=0.0ms repr=0.0ms raster=0.0ms
2026-05-23T04:28:09.800251Z  INFO stall: STALL culprit=after_tile_storage_apply duration=21.4ms frame=29.5ms
2026-05-23T04:28:09.800850Z  INFO viewport_authority: VIEWPORT_AUTHORITY source=ResolvedViewport valid=true min=Vec2(0.0, 0.0) max=Vec2(1280.0, 720.0) w=1280.0 h=720.0
2026-05-23T04:28:09.800875Z  INFO proc_A_dine01::render::viewport_pipeline: resolved viewport=minimap_panel revision=114 logical=(397.1,160.0) physical=397x160
2026-05-23T04:28:09.801901Z  INFO construction_finish_todos: CONSTRUCTION_FINISH_COMPLETE done=8/8
2026-05-23T04:28:09.801910Z  INFO construction_round2_todos: CONSTRUCTION_ROUND2_COMPLETE done=15/15
2026-05-23T04:28:09.801915Z  INFO construction_round3_todos: CONSTRUCTION_ROUND3_COMPLETE done=27/27
2026-05-23T04:28:09.801918Z  INFO construction_operational_todos: CONSTRUCTION_OPERATIONAL_GREEN
2026-05-23T04:28:09.814853Z  INFO stage5_live_todos: STAGE5_MAP_CAMERA_HOOK post_mirror desired_xy=(160.00,160.00) zoom=2.0250 world_main_xy=(160.00,160.00) zoom=2.0250 bridge_drift=0.0000
2026-05-23T04:28:09.818789Z  INFO stage5_live_todos: STAGE5_FIRE_HOOK fire_visual_producer_count=1 (expect 1 for FIRE-01)
2026-05-23T04:28:09.821353Z  INFO stall: STALL after_tile_storage_apply: 20.83ms
2026-05-23T04:28:09.824484Z  INFO stage5_live_todos: STAGE5_SPINE_HOOK policy_present=true graph_present=true fence_committed=true fence_fire_tick=93 world_frame_present=true overlay_rev=2 overlay_chunk_cells=28 atm_partial_dispatch=1 atm_gpu_tex_uploads=0 atm_full_field_fallback=false
2026-05-23T04:28:09.827190Z  INFO industrial_activation_todos: INDUSTRIAL_ACTIVATION_GREEN
2026-05-23T04:28:09.827239Z  INFO stall: STALL pre_egui: 5.89ms
2026-05-23T04:28:09.827244Z  INFO viewport_authority: VIEWPORT_AUTHORITY source=UiMeasured valid=true min=Vec2(0.0, 0.0) max=Vec2(1280.0, 720.0) w=1280.0 h=720.0
2026-05-23T04:28:09.827253Z  INFO viewport_authority::solver: VIEWPORT_SOLVER_TARGET node=SimMapFill valid=true rect.source=SimMapFill w=1280.0 h=720.0
2026-05-23T04:28:09.827256Z  INFO viewport_authority: VIEWPORT_AUTHORITY source=LayoutSolver valid=true min=Vec2(0.0, 0.0) max=Vec2(1280.0, 720.0) w=1280.0 h=720.0
2026-05-23T04:28:09.827259Z  INFO viewport_authority: VIEWPORT_AUTHORITY source=LayoutSolver valid=true min=Vec2(0.0, 0.0) max=Vec2(1280.0, 720.0) w=1280.0 h=720.0
2026-05-23T04:28:09.827261Z  INFO viewport_authority: VIEWPORT_AUTHORITY source=UiCommitted valid=true min=Vec2(0.0, 0.0) max=Vec2(1280.0, 720.0) w=1280.0 h=720.0
2026-05-23T04:28:09.827277Z  INFO viewport_authority: VIEWPORT_AUTHORITY source=CameraApplied valid=true min=Vec2(0.0, 0.0) max=Vec2(1280.0, 720.0) w=1280.0 h=720.0
2026-05-23T04:28:09.827301Z  INFO stage5_live_todos: STAGE5_READINESS_HOOK passes=true violations_first=(none) producer_count=1
2026-05-23T04:28:09.827311Z  INFO visual_aidv2_live_todos: VISUAL_AID_V2_BOARD done=3/6 footprint_ok=false readability=true icons=0
2026-05-23T04:28:09.828521Z  INFO stage5_live_todos: STAGE5_GPU_HOOK indirect_instances=0 dispatch_count=0 draw_instances=0 (PHF-01 alignment)
2026-05-23T04:28:09.829023Z  INFO visual_diag: VISUAL_DIAG window frame=92 periodic=false win_logical=(1280, 720) win_physical=(1280, 720) scale=1.0 app=2 base=2 flow=3 worldgen=5 readiness_profile=Stage5ReadinessProfile { require_vt4: true, require_vt5: true, require_preview: true, require_partial_metrics: true, require_world_frame: true, require_phase_f_proof: true, require_instanced_draw: true }
2026-05-23T04:28:09.829023Z  INFO sim_view_sync: SIM_VIEW_SYNC frame=92 win_logical=(1280, 720) win_physical=(1280, 720) sim_valid=true sim_adequate=true sim_min=Vec2(0.0, 0.0) sim_max=Vec2(1280.0, 720.0) measured_valid=true measured_wh=Vec2(1280.0, 720.0) committed_wh=Vec2(1280.0, 720.0) sim_wh=Vec2(1280.0, 720.0) settle_streak=4 layout_settled=true sim_held=true last_commit="hole_hold" frozen=true pending_wh=Vec2(1280.0, 720.0) cam_hole=true render_hole=true cam_invalid_streak=0 cam_valid_streak=91 cam_scissor=Some((0, 0, 1280, 720)) ortho_fixed_wh=(632, 356) map_view_px=(1280, 720) raster_rev=29 resolved_rev=114 app=2 base=2 flow=3 worldgen=5 cmd_shell=false overlay_tray=false transmission=false rect_sanity_issues=0 left_stack_collapsed=true map_cam_scale=Vec3(2.0249999, 2.0249999, 2.0249999) minimap_visible=true
2026-05-23T04:28:09.829033Z  INFO visual_diag: VISUAL_DIAG sim_viewport frame=92 sim_valid=true sim_adequate=true sim_min=Vec2(0.0, 0.0) sim_max=Vec2(1280.0, 720.0) sim_wh=(1280, 720) measured_valid=true measured_wh=(1280, 720) committed_wh=(1280, 720) sim_held=true settle_streak=4 layout_settled=true frozen=true last_commit="hole_hold" pending_wh=(1280, 720) pending_min=Vec2(0.0, 0.0) pending_max=Vec2(1280.0, 720.0)
2026-05-23T04:28:09.829046Z  INFO visual_diag: VISUAL_DIAG camera frame=92 cam_desired_x=160.0 cam_desired_y=160.0 cam_zoom=2.0249998569488525 latch_hole=true render_hole=true latch_invalid_streak=0 latch_valid_streak=91 cam_scissor=Some((0, 0, 1280, 720)) ortho_fixed_w=632 ortho_fixed_h=356 map_view_px_w=1280 map_view_px_h=720 world_w=320 world_h=320
2026-05-23T04:28:09.829054Z  INFO visual_diag: VISUAL_DIAG resolved_viewports frame=92 resolved_rev=114 primary_valid=true primary_wh=(1280, 720) sim_resolved_valid=true sim_resolved_wh=(1280, 720) preview_valid=true preview_wh=(372, 362) minimap_valid=true minimap_wh=(397, 160) mismatch_preview=false mismatch_minimap=true mismatch_sim_map=false mismatch_stale_tex=false
2026-05-23T04:28:09.829058Z  INFO visual_diag: VISUAL_DIAG map_view_frames frame=92 world_preview_proj_rev=1554780161534 minimap_proj_rev=687223767846 sim_map_proj_rev=3092405454489
2026-05-23T04:28:09.829060Z  INFO visual_diag: VISUAL_DIAG map_presentation frame=92 wp_fit=Contain wp_viewport=UVec2(372, 362) wp_fit_scale=1.10595703125 wp_expected_fit_scale=1.10595703125 wp_zoom=1.0407500267028809 mm_fit=Cover mm_viewport=UVec2(397, 160) mm_fit_scale=1.2409179210662842
2026-05-23T04:28:09.829065Z  INFO visual_diag: VISUAL_DIAG render_spine frame=92 raster_rev=29 repr_band=0 repr_lod="LocalTactical" particle_rows_cap=262144 visual_intent="Strategic" visual_zoom_alpha=0.01843632385134697 fire_particle_rows=0 fire_particle_stamp=93 overlay_rev=2 overlay_chunk_cells=28 graph_fire_inst=0 graph_fire_heat=0 gpu_instance_rows=0 gpu_dispatch=1 gpu_draw=0
2026-05-23T04:28:09.829070Z  INFO visual_diag: VISUAL_DIAG perf frame=92 tile_raster_ms=0.0 tile_raster_ran=false world_repr_ms=0.009399999864399433 projection_graph_ms=0.00020000000949949026 domain_merge_ms=0.0 readiness_ms=0.022599998861551285 cpu_pre_egui_ms=0.0 cpu_egui_ms=0.0 cpu_post_egui_ms=0.0 gpu_gap_ms=0.0
2026-05-23T04:28:09.829074Z  INFO visual_diag: VISUAL_DIAG hud_shell frame=92 cmd_shell=false overlay_tray=false transmission=false
2026-05-23T04:28:09.829092Z  INFO perf: PERF wall=28.59 instr=0.03 gap=28.56 | cpu_pre_egui=26.75 cpu_egui=0.47 cpu_post_egui=1.37 gpu_gap=0.00 | spine=0.00 world_repr=0.01 graph=0.00 merge=0.00 atm=0.00 readiness=0.02 raster=0.00 (idle) | upd_attrib sum=5.86 pv_cpu=0.00 pv_gpu=0.01 fire=0.10 stream=5.64 map_fit=0.00 hud=0.12 wgen=0.00 | budget_sum=4.88 hud=0.12 overlay=0.00 raster_b=4.68 particles=0.00 residency=0.03 tex_reg=0.00 render_x=0.05 | stall first+preupd=0.03 update=0.00 post_dom=0.00 post_vt=0.01 postÔåÆready=0.00 ready=0.06 postÔåÆegui=5.89 egui=0.40 post_egui=1.30 | stall_hits=[after_tile_storage_apply:20.8,pre_egui:5.9]
2026-05-23T04:28:09.829099Z  INFO perf: PERF frame=28.6ms update=26.8ms egui=0.5ms preview=0.0ms streaming=5.6ms tile_apply=0.0ms viewport=0.0ms map_fit=0.0ms repr=0.0ms raster=0.0ms
2026-05-23T04:28:09.829102Z  INFO stall: STALL culprit=after_tile_storage_apply duration=20.8ms frame=28.6ms
2026-05-23T04:28:09.829845Z  INFO viewport_authority: VIEWPORT_AUTHORITY source=ResolvedViewport valid=true min=Vec2(0.0, 0.0) max=Vec2(1280.0, 720.0) w=1280.0 h=720.0
2026-05-23T04:28:09.830746Z  INFO construction_finish_todos: CONSTRUCTION_FINISH_COMPLETE done=8/8
2026-05-23T04:28:09.830757Z  INFO construction_round2_todos: CONSTRUCTION_ROUND2_COMPLETE done=15/15
2026-05-23T04:28:09.830761Z  INFO construction_round3_todos: CONSTRUCTION_ROUND3_COMPLETE done=27/27
2026-05-23T04:28:09.830764Z  INFO construction_operational_todos: CONSTRUCTION_OPERATIONAL_GREEN
2026-05-23T04:28:09.843230Z  INFO stage5_live_todos: STAGE5_MAP_CAMERA_HOOK post_mirror desired_xy=(160.00,160.00) zoom=2.0250 world_main_xy=(160.00,160.00) zoom=2.0250 bridge_drift=0.0000
2026-05-23T04:28:09.846989Z  INFO stage5_live_todos: STAGE5_FIRE_HOOK fire_visual_producer_count=1 (expect 1 for FIRE-01)
2026-05-23T04:28:09.852650Z  INFO stall: STALL after_tile_storage_apply: 23.11ms
2026-05-23T04:28:09.852691Z  INFO stage5_live_todos: STAGE5_SPINE_HOOK policy_present=true graph_present=true fence_committed=true fence_fire_tick=94 world_frame_present=true overlay_rev=2 overlay_chunk_cells=28 atm_partial_dispatch=1 atm_gpu_tex_uploads=0 atm_full_field_fallback=false
2026-05-23T04:28:09.855996Z  INFO industrial_activation_todos: INDUSTRIAL_ACTIVATION_GREEN
2026-05-23T04:28:09.856052Z  INFO viewport_authority: VIEWPORT_AUTHORITY source=UiMeasured valid=true min=Vec2(0.0, 0.0) max=Vec2(1280.0, 720.0) w=1280.0 h=720.0
2026-05-23T04:28:09.856062Z  INFO viewport_authority::solver: VIEWPORT_SOLVER_TARGET node=SimMapFill valid=true rect.source=SimMapFill w=1280.0 h=720.0
2026-05-23T04:28:09.856066Z  INFO viewport_authority: VIEWPORT_AUTHORITY source=LayoutSolver valid=true min=Vec2(0.0, 0.0) max=Vec2(1280.0, 720.0) w=1280.0 h=720.0
2026-05-23T04:28:09.856069Z  INFO viewport_authority: VIEWPORT_AUTHORITY source=LayoutSolver valid=true min=Vec2(0.0, 0.0) max=Vec2(1280.0, 720.0) w=1280.0 h=720.0
2026-05-23T04:28:09.856071Z  INFO viewport_authority: VIEWPORT_AUTHORITY source=UiCommitted valid=true min=Vec2(0.0, 0.0) max=Vec2(1280.0, 720.0) w=1280.0 h=720.0
2026-05-23T04:28:09.856085Z  INFO viewport_authority: VIEWPORT_AUTHORITY source=CameraApplied valid=true min=Vec2(0.0, 0.0) max=Vec2(1280.0, 720.0) w=1280.0 h=720.0
2026-05-23T04:28:09.856113Z  INFO stage5_live_todos: STAGE5_READINESS_HOOK passes=true violations_first=(none) producer_count=1
2026-05-23T04:28:09.856123Z  INFO visual_aidv2_live_todos: VISUAL_AID_V2_BOARD done=3/6 footprint_ok=false readability=true icons=0
2026-05-23T04:28:09.857289Z  INFO stage5_live_todos: STAGE5_GPU_HOOK indirect_instances=0 dispatch_count=0 draw_instances=0 (PHF-01 alignment)
2026-05-23T04:28:09.857785Z  INFO visual_diag: VISUAL_DIAG window frame=93 periodic=false win_logical=(1280, 720) win_physical=(1280, 720) scale=1.0 app=2 base=2 flow=3 worldgen=5 readiness_profile=Stage5ReadinessProfile { require_vt4: true, require_vt5: true, require_preview: true, require_partial_metrics: true, require_world_frame: true, require_phase_f_proof: true, require_instanced_draw: true }
2026-05-23T04:28:09.857795Z  INFO visual_diag: VISUAL_DIAG sim_viewport frame=93 sim_valid=true sim_adequate=true sim_min=Vec2(0.0, 0.0) sim_max=Vec2(1280.0, 720.0) sim_wh=(1280, 720) measured_valid=true measured_wh=(1280, 720) committed_wh=(1280, 720) sim_held=true settle_streak=4 layout_settled=true frozen=true last_commit="hole_hold" pending_wh=(1280, 720) pending_min=Vec2(0.0, 0.0) pending_max=Vec2(1280.0, 720.0)
2026-05-23T04:28:09.857801Z  INFO visual_diag: VISUAL_DIAG camera frame=93 cam_desired_x=160.0 cam_desired_y=160.0 cam_zoom=2.0249998569488525 latch_hole=true render_hole=true latch_invalid_streak=0 latch_valid_streak=92 cam_scissor=Some((0, 0, 1280, 720)) ortho_fixed_w=632 ortho_fixed_h=356 map_view_px_w=1280 map_view_px_h=720 world_w=320 world_h=320
2026-05-23T04:28:09.857805Z  INFO visual_diag: VISUAL_DIAG resolved_viewports frame=93 resolved_rev=114 primary_valid=true primary_wh=(1280, 720) sim_resolved_valid=true sim_resolved_wh=(1280, 720) preview_valid=true preview_wh=(372, 362) minimap_valid=true minimap_wh=(397, 160) mismatch_preview=false mismatch_minimap=false mismatch_sim_map=false mismatch_stale_tex=false
2026-05-23T04:28:09.857808Z  INFO visual_diag: VISUAL_DIAG map_view_frames frame=93 world_preview_proj_rev=1554780161534 minimap_proj_rev=687223767846 sim_map_proj_rev=3092405454489
2026-05-23T04:28:09.857811Z  INFO visual_diag: VISUAL_DIAG map_presentation frame=93 wp_fit=Contain wp_viewport=UVec2(372, 362) wp_fit_scale=1.10595703125 wp_expected_fit_scale=1.10595703125 wp_zoom=1.0407500267028809 mm_fit=Cover mm_viewport=UVec2(397, 160) mm_fit_scale=1.2409179210662842
2026-05-23T04:28:09.857816Z  INFO visual_diag: VISUAL_DIAG render_spine frame=93 raster_rev=29 repr_band=0 repr_lod="LocalTactical" particle_rows_cap=262144 visual_intent="Strategic" visual_zoom_alpha=0.01843632385134697 fire_particle_rows=0 fire_particle_stamp=94 overlay_rev=2 overlay_chunk_cells=28 graph_fire_inst=0 graph_fire_heat=0 gpu_instance_rows=0 gpu_dispatch=1 gpu_draw=0
2026-05-23T04:28:09.857820Z  INFO visual_diag: VISUAL_DIAG perf frame=93 tile_raster_ms=0.0 tile_raster_ran=false world_repr_ms=0.008799999952316284 projection_graph_ms=0.0003000000142492354 domain_merge_ms=0.00010000000474974513 readiness_ms=0.02669999934732914 cpu_pre_egui_ms=0.0 cpu_egui_ms=0.0 cpu_post_egui_ms=0.0 gpu_gap_ms=0.0
2026-05-23T04:28:09.857823Z  INFO visual_diag: VISUAL_DIAG hud_shell frame=93 cmd_shell=false overlay_tray=false transmission=false
2026-05-23T04:28:09.857844Z  INFO perf: PERF wall=28.37 instr=0.04 gap=28.33 | cpu_pre_egui=26.58 cpu_egui=0.47 cpu_post_egui=1.31 gpu_gap=0.00 | spine=0.00 world_repr=0.01 graph=0.00 merge=0.00 atm=0.00 readiness=0.03 raster=0.00 (idle) | upd_attrib sum=6.30 pv_cpu=0.00 pv_gpu=0.00 fire=0.53 stream=5.65 map_fit=0.00 hud=0.12 wgen=0.00 | budget_sum=4.88 hud=0.12 overlay=0.00 raster_b=4.68 particles=0.00 residency=0.03 tex_reg=0.00 render_x=0.05 | stall first+preupd=0.08 update=0.01 post_dom=0.00 post_vt=0.01 postÔåÆready=0.00 ready=0.07 postÔåÆegui=3.39 egui=0.38 post_egui=1.26 | stall_hits=[after_tile_storage_apply:23.1]
2026-05-23T04:28:09.857854Z  INFO perf: PERF frame=28.4ms update=26.6ms egui=0.5ms preview=0.0ms streaming=5.7ms tile_apply=0.0ms viewport=0.0ms map_fit=0.0ms repr=0.0ms raster=0.0ms
2026-05-23T04:28:09.857858Z  INFO stall: STALL culprit=after_tile_storage_apply duration=23.1ms frame=28.4ms
2026-05-23T04:28:09.858838Z  INFO viewport_authority: VIEWPORT_AUTHORITY source=ResolvedViewport valid=true min=Vec2(0.0, 0.0) max=Vec2(1280.0, 720.0) w=1280.0 h=720.0
2026-05-23T04:28:09.859898Z  INFO construction_finish_todos: CONSTRUCTION_FINISH_COMPLETE done=8/8
2026-05-23T04:28:09.859907Z  INFO construction_round2_todos: CONSTRUCTION_ROUND2_COMPLETE done=15/15
2026-05-23T04:28:09.859911Z  INFO construction_round3_todos: CONSTRUCTION_ROUND3_COMPLETE done=27/27
2026-05-23T04:28:09.859913Z  INFO construction_operational_todos: CONSTRUCTION_OPERATIONAL_GREEN
2026-05-23T04:28:09.872018Z  INFO stage5_live_todos: STAGE5_MAP_CAMERA_HOOK post_mirror desired_xy=(160.00,160.00) zoom=2.0250 world_main_xy=(160.00,160.00) zoom=2.0250 bridge_drift=0.0000
2026-05-23T04:28:09.875995Z  INFO stage5_live_todos: STAGE5_FIRE_HOOK fire_visual_producer_count=1 (expect 1 for FIRE-01)
2026-05-23T04:28:09.878558Z  INFO stall: STALL after_tile_storage_apply: 20.09ms
2026-05-23T04:28:09.881678Z  INFO stage5_live_todos: STAGE5_SPINE_HOOK policy_present=true graph_present=true fence_committed=true fence_fire_tick=95 world_frame_present=true overlay_rev=2 overlay_chunk_cells=28 atm_partial_dispatch=1 atm_gpu_tex_uploads=0 atm_full_field_fallback=false
2026-05-23T04:28:09.884332Z  INFO industrial_activation_todos: INDUSTRIAL_ACTIVATION_GREEN
2026-05-23T04:28:09.884399Z  INFO stall: STALL pre_egui: 5.84ms
2026-05-23T04:28:09.884406Z  INFO viewport_authority: VIEWPORT_AUTHORITY source=UiMeasured valid=true min=Vec2(0.0, 0.0) max=Vec2(1280.0, 720.0) w=1280.0 h=720.0
2026-05-23T04:28:09.884415Z  INFO viewport_authority::solver: VIEWPORT_SOLVER_TARGET node=SimMapFill valid=true rect.source=SimMapFill w=1280.0 h=720.0
2026-05-23T04:28:09.884418Z  INFO viewport_authority: VIEWPORT_AUTHORITY source=LayoutSolver valid=true min=Vec2(0.0, 0.0) max=Vec2(1280.0, 720.0) w=1280.0 h=720.0
2026-05-23T04:28:09.884421Z  INFO viewport_authority: VIEWPORT_AUTHORITY source=LayoutSolver valid=true min=Vec2(0.0, 0.0) max=Vec2(1280.0, 720.0) w=1280.0 h=720.0
2026-05-23T04:28:09.884424Z  INFO viewport_authority: VIEWPORT_AUTHORITY source=UiCommitted valid=true min=Vec2(0.0, 0.0) max=Vec2(1280.0, 720.0) w=1280.0 h=720.0
2026-05-23T04:28:09.884434Z  INFO viewport_authority: VIEWPORT_AUTHORITY source=CameraApplied valid=true min=Vec2(0.0, 0.0) max=Vec2(1280.0, 720.0) w=1280.0 h=720.0
2026-05-23T04:28:09.884456Z  INFO stage5_live_todos: STAGE5_READINESS_HOOK passes=true violations_first=(none) producer_count=1
2026-05-23T04:28:09.884463Z  INFO visual_aidv2_live_todos: VISUAL_AID_V2_BOARD done=3/6 footprint_ok=false readability=true icons=0
2026-05-23T04:28:09.885619Z  INFO stage5_live_todos: STAGE5_GPU_HOOK indirect_instances=0 dispatch_count=0 draw_instances=0 (PHF-01 alignment)
2026-05-23T04:28:09.886132Z  INFO visual_diag: VISUAL_DIAG window frame=94 periodic=false win_logical=(1280, 720) win_physical=(1280, 720) scale=1.0 app=2 base=2 flow=3 worldgen=5 readiness_profile=Stage5ReadinessProfile { require_vt4: true, require_vt5: true, require_preview: true, require_partial_metrics: true, require_world_frame: true, require_phase_f_proof: true, require_instanced_draw: true }
2026-05-23T04:28:09.886142Z  INFO visual_diag: VISUAL_DIAG sim_viewport frame=94 sim_valid=true sim_adequate=true sim_min=Vec2(0.0, 0.0) sim_max=Vec2(1280.0, 720.0) sim_wh=(1280, 720) measured_valid=true measured_wh=(1280, 720) committed_wh=(1280, 720) sim_held=true settle_streak=4 layout_settled=true frozen=true last_commit="hole_hold" pending_wh=(1280, 720) pending_min=Vec2(0.0, 0.0) pending_max=Vec2(1280.0, 720.0)
2026-05-23T04:28:09.886148Z  INFO visual_diag: VISUAL_DIAG camera frame=94 cam_desired_x=160.0 cam_desired_y=160.0 cam_zoom=2.0249998569488525 latch_hole=true render_hole=true latch_invalid_streak=0 latch_valid_streak=93 cam_scissor=Some((0, 0, 1280, 720)) ortho_fixed_w=632 ortho_fixed_h=356 map_view_px_w=1280 map_view_px_h=720 world_w=320 world_h=320
2026-05-23T04:28:09.886153Z  INFO visual_diag: VISUAL_DIAG resolved_viewports frame=94 resolved_rev=114 primary_valid=true primary_wh=(1280, 720) sim_resolved_valid=true sim_resolved_wh=(1280, 720) preview_valid=true preview_wh=(372, 362) minimap_valid=true minimap_wh=(397, 160) mismatch_preview=false mismatch_minimap=false mismatch_sim_map=false mismatch_stale_tex=false
2026-05-23T04:28:09.886156Z  INFO visual_diag: VISUAL_DIAG map_view_frames frame=94 world_preview_proj_rev=1554780161534 minimap_proj_rev=687223767846 sim_map_proj_rev=3092405454489
2026-05-23T04:28:09.886159Z  INFO visual_diag: VISUAL_DIAG map_presentation frame=94 wp_fit=Contain wp_viewport=UVec2(372, 362) wp_fit_scale=1.10595703125 wp_expected_fit_scale=1.10595703125 wp_zoom=1.0407500267028809 mm_fit=Cover mm_viewport=UVec2(397, 160) mm_fit_scale=1.2409179210662842
2026-05-23T04:28:09.886164Z  INFO visual_diag: VISUAL_DIAG render_spine frame=94 raster_rev=29 repr_band=0 repr_lod="LocalTactical" particle_rows_cap=262144 visual_intent="Strategic" visual_zoom_alpha=0.01843632385134697 fire_particle_rows=0 fire_particle_stamp=95 overlay_rev=2 overlay_chunk_cells=28 graph_fire_inst=0 graph_fire_heat=0 gpu_instance_rows=0 gpu_dispatch=1 gpu_draw=0
2026-05-23T04:28:09.886168Z  INFO visual_diag: VISUAL_DIAG perf frame=94 tile_raster_ms=0.0 tile_raster_ran=false world_repr_ms=0.00989999994635582 projection_graph_ms=0.0005000000237487257 domain_merge_ms=0.0 readiness_ms=0.017799999564886093 cpu_pre_egui_ms=0.0 cpu_egui_ms=0.0 cpu_post_egui_ms=0.0 gpu_gap_ms=0.0
2026-05-23T04:28:09.886171Z  INFO visual_diag: VISUAL_DIAG hud_shell frame=94 cmd_shell=false overlay_tray=false transmission=false
2026-05-23T04:28:09.886192Z  INFO perf: PERF wall=27.74 instr=0.03 gap=27.71 | cpu_pre_egui=25.96 cpu_egui=0.46 cpu_post_egui=1.32 gpu_gap=0.00 | spine=0.00 world_repr=0.01 graph=0.00 merge=0.00 atm=0.00 readiness=0.02 raster=0.00 (idle) | upd_attrib sum=5.85 pv_cpu=0.00 pv_gpu=0.00 fire=0.10 stream=5.62 map_fit=0.00 hud=0.12 wgen=0.00 | budget_sum=4.89 hud=0.12 overlay=0.00 raster_b=4.68 particles=0.00 residency=0.03 tex_reg=0.00 render_x=0.05 | stall first+preupd=0.02 update=0.00 post_dom=0.00 post_vt=0.01 postÔåÆready=0.00 ready=0.05 postÔåÆegui=5.84 egui=0.38 post_egui=1.27 | stall_hits=[after_tile_storage_apply:20.1,pre_egui:5.8]
2026-05-23T04:28:09.886201Z  INFO perf: PERF frame=27.7ms update=26.0ms egui=0.5ms preview=0.0ms streaming=5.6ms tile_apply=0.0ms viewport=0.0ms map_fit=0.0ms repr=0.0ms raster=0.0ms
2026-05-23T04:28:09.886205Z  INFO stall: STALL culprit=after_tile_storage_apply duration=20.1ms frame=27.7ms
2026-05-23T04:28:09.886755Z  INFO viewport_authority: VIEWPORT_AUTHORITY source=ResolvedViewport valid=true min=Vec2(0.0, 0.0) max=Vec2(1280.0, 720.0) w=1280.0 h=720.0
2026-05-23T04:28:09.887754Z  INFO construction_finish_todos: CONSTRUCTION_FINISH_COMPLETE done=8/8
2026-05-23T04:28:09.887771Z  INFO construction_round2_todos: CONSTRUCTION_ROUND2_COMPLETE done=15/15
2026-05-23T04:28:09.887777Z  INFO construction_round3_todos: CONSTRUCTION_ROUND3_COMPLETE done=27/27
2026-05-23T04:28:09.887781Z  INFO construction_operational_todos: CONSTRUCTION_OPERATIONAL_GREEN
2026-05-23T04:28:09.899418Z  INFO stage5_live_todos: STAGE5_MAP_CAMERA_HOOK post_mirror desired_xy=(160.00,160.00) zoom=2.0250 world_main_xy=(160.00,160.00) zoom=2.0250 bridge_drift=0.0000
2026-05-23T04:28:09.903134Z  INFO stage5_live_todos: STAGE5_FIRE_HOOK fire_visual_producer_count=1 (expect 1 for FIRE-01)
2026-05-23T04:28:09.905717Z  INFO stall: STALL after_tile_storage_apply: 19.22ms
2026-05-23T04:28:09.908799Z  INFO stage5_live_todos: STAGE5_SPINE_HOOK policy_present=true graph_present=true fence_committed=true fence_fire_tick=96 world_frame_present=true overlay_rev=2 overlay_chunk_cells=28 atm_partial_dispatch=1 atm_gpu_tex_uploads=0 atm_full_field_fallback=false
2026-05-23T04:28:09.913441Z  INFO industrial_activation_todos: INDUSTRIAL_ACTIVATION_GREEN
2026-05-23T04:28:09.913496Z  INFO stall: STALL pre_egui: 7.78ms
2026-05-23T04:28:09.913511Z  INFO viewport_authority: VIEWPORT_AUTHORITY source=UiMeasured valid=true min=Vec2(0.0, 0.0) max=Vec2(1280.0, 720.0) w=1280.0 h=720.0
2026-05-23T04:28:09.913521Z  INFO viewport_authority::solver: VIEWPORT_SOLVER_TARGET node=SimMapFill valid=true rect.source=SimMapFill w=1280.0 h=720.0
2026-05-23T04:28:09.913525Z  INFO viewport_authority: VIEWPORT_AUTHORITY source=LayoutSolver valid=true min=Vec2(0.0, 0.0) max=Vec2(1280.0, 720.0) w=1280.0 h=720.0
2026-05-23T04:28:09.913527Z  INFO viewport_authority: VIEWPORT_AUTHORITY source=LayoutSolver valid=true min=Vec2(0.0, 0.0) max=Vec2(1280.0, 720.0) w=1280.0 h=720.0
2026-05-23T04:28:09.913530Z  INFO viewport_authority: VIEWPORT_AUTHORITY source=UiCommitted valid=true min=Vec2(0.0, 0.0) max=Vec2(1280.0, 720.0) w=1280.0 h=720.0
2026-05-23T04:28:09.913546Z  INFO viewport_authority: VIEWPORT_AUTHORITY source=CameraApplied valid=true min=Vec2(0.0, 0.0) max=Vec2(1280.0, 720.0) w=1280.0 h=720.0
2026-05-23T04:28:09.913571Z  INFO stage5_live_todos: STAGE5_READINESS_HOOK passes=true violations_first=(none) producer_count=1
2026-05-23T04:28:09.913582Z  INFO visual_aidv2_live_todos: VISUAL_AID_V2_BOARD done=3/6 footprint_ok=false readability=true icons=0
2026-05-23T04:28:09.914955Z  INFO stage5_live_todos: STAGE5_GPU_HOOK indirect_instances=0 dispatch_count=0 draw_instances=0 (PHF-01 alignment)
2026-05-23T04:28:09.915497Z  INFO visual_diag: VISUAL_DIAG window frame=95 periodic=false win_logical=(1280, 720) win_physical=(1280, 720) scale=1.0 app=2 base=2 flow=3 worldgen=5 readiness_profile=Stage5ReadinessProfile { require_vt4: true, require_vt5: true, require_preview: true, require_partial_metrics: true, require_world_frame: true, require_phase_f_proof: true, require_instanced_draw: true }
2026-05-23T04:28:09.915509Z  INFO visual_diag: VISUAL_DIAG sim_viewport frame=95 sim_valid=true sim_adequate=true sim_min=Vec2(0.0, 0.0) sim_max=Vec2(1280.0, 720.0) sim_wh=(1280, 720) measured_valid=true measured_wh=(1280, 720) committed_wh=(1280, 720) sim_held=true settle_streak=4 layout_settled=true frozen=true last_commit="hole_hold" pending_wh=(1280, 720) pending_min=Vec2(0.0, 0.0) pending_max=Vec2(1280.0, 720.0)
2026-05-23T04:28:09.915515Z  INFO visual_diag: VISUAL_DIAG camera frame=95 cam_desired_x=160.0 cam_desired_y=160.0 cam_zoom=2.0249998569488525 latch_hole=true render_hole=true latch_invalid_streak=0 latch_valid_streak=94 cam_scissor=Some((0, 0, 1280, 720)) ortho_fixed_w=632 ortho_fixed_h=356 map_view_px_w=1280 map_view_px_h=720 world_w=320 world_h=320
2026-05-23T04:28:09.915519Z  INFO visual_diag: VISUAL_DIAG resolved_viewports frame=95 resolved_rev=114 primary_valid=true primary_wh=(1280, 720) sim_resolved_valid=true sim_resolved_wh=(1280, 720) preview_valid=true preview_wh=(372, 362) minimap_valid=true minimap_wh=(397, 160) mismatch_preview=false mismatch_minimap=false mismatch_sim_map=false mismatch_stale_tex=false
2026-05-23T04:28:09.915524Z  INFO visual_diag: VISUAL_DIAG map_view_frames frame=95 world_preview_proj_rev=1554780161534 minimap_proj_rev=687223767846 sim_map_proj_rev=3092405454489
2026-05-23T04:28:09.915527Z  INFO visual_diag: VISUAL_DIAG map_presentation frame=95 wp_fit=Contain wp_viewport=UVec2(372, 362) wp_fit_scale=1.10595703125 wp_expected_fit_scale=1.10595703125 wp_zoom=1.0407500267028809 mm_fit=Cover mm_viewport=UVec2(397, 160) mm_fit_scale=1.2409179210662842
2026-05-23T04:28:09.915532Z  INFO visual_diag: VISUAL_DIAG render_spine frame=95 raster_rev=29 repr_band=0 repr_lod="LocalTactical" particle_rows_cap=262144 visual_intent="Strategic" visual_zoom_alpha=0.01843632385134697 fire_particle_rows=0 fire_particle_stamp=96 overlay_rev=2 overlay_chunk_cells=28 graph_fire_inst=0 graph_fire_heat=0 gpu_instance_rows=0 gpu_dispatch=1 gpu_draw=0
2026-05-23T04:28:09.915537Z  INFO visual_diag: VISUAL_DIAG perf frame=95 tile_raster_ms=0.0 tile_raster_ran=false world_repr_ms=0.009700000286102295 projection_graph_ms=0.00020000000949949026 domain_merge_ms=0.0 readiness_ms=0.02539999969303608 cpu_pre_egui_ms=0.0 cpu_egui_ms=0.0 cpu_post_egui_ms=0.0 gpu_gap_ms=0.0
2026-05-23T04:28:09.915540Z  INFO visual_diag: VISUAL_DIAG hud_shell frame=95 cmd_shell=false overlay_tray=false transmission=false
2026-05-23T04:28:09.915566Z  INFO perf: PERF wall=29.09 instr=0.04 gap=29.05 | cpu_pre_egui=27.05 cpu_egui=0.56 cpu_post_egui=1.48 gpu_gap=0.00 | spine=0.00 world_repr=0.01 graph=0.00 merge=0.00 atm=0.00 readiness=0.03 raster=0.00 (idle) | upd_attrib sum=5.86 pv_cpu=0.00 pv_gpu=0.00 fire=0.10 stream=5.61 map_fit=0.00 hud=0.15 wgen=0.00 | budget_sum=4.91 hud=0.15 overlay=0.00 raster_b=4.68 particles=0.00 residency=0.03 tex_reg=0.00 render_x=0.05 | stall first+preupd=0.03 update=0.00 post_dom=0.00 post_vt=0.02 postÔåÆready=0.00 ready=0.07 postÔåÆegui=7.78 egui=0.47 post_egui=1.42 | stall_hits=[after_tile_storage_apply:19.2,pre_egui:7.8]
2026-05-23T04:28:09.915576Z  INFO perf: PERF frame=29.1ms update=27.0ms egui=0.6ms preview=0.0ms streaming=5.6ms tile_apply=0.0ms viewport=0.0ms map_fit=0.0ms repr=0.0ms raster=0.0ms
2026-05-23T04:28:09.915580Z  INFO stall: STALL culprit=after_tile_storage_apply duration=19.2ms frame=29.1ms
2026-05-23T04:28:09.916203Z  INFO viewport_authority: VIEWPORT_AUTHORITY source=ResolvedViewport valid=true min=Vec2(0.0, 0.0) max=Vec2(1280.0, 720.0) w=1280.0 h=720.0
2026-05-23T04:28:09.917335Z  INFO construction_finish_todos: CONSTRUCTION_FINISH_COMPLETE done=8/8
2026-05-23T04:28:09.917349Z  INFO construction_round2_todos: CONSTRUCTION_ROUND2_COMPLETE done=15/15
2026-05-23T04:28:09.917354Z  INFO construction_round3_todos: CONSTRUCTION_ROUND3_COMPLETE done=27/27
2026-05-23T04:28:09.917358Z  INFO construction_operational_todos: CONSTRUCTION_OPERATIONAL_GREEN
2026-05-23T04:28:09.929617Z  INFO stage5_live_todos: STAGE5_MAP_CAMERA_HOOK post_mirror desired_xy=(160.00,160.00) zoom=2.0250 world_main_xy=(160.00,160.00) zoom=2.0250 bridge_drift=0.0000
2026-05-23T04:28:09.933668Z  INFO stage5_live_todos: STAGE5_FIRE_HOOK fire_visual_producer_count=1 (expect 1 for FIRE-01)
2026-05-23T04:28:09.936259Z  INFO stall: STALL after_tile_storage_apply: 20.33ms
2026-05-23T04:28:09.939348Z  INFO stage5_live_todos: STAGE5_SPINE_HOOK policy_present=true graph_present=true fence_committed=true fence_fire_tick=97 world_frame_present=true overlay_rev=2 overlay_chunk_cells=28 atm_partial_dispatch=1 atm_gpu_tex_uploads=0 atm_full_field_fallback=false
2026-05-23T04:28:09.942637Z  INFO industrial_activation_todos: INDUSTRIAL_ACTIVATION_GREEN
2026-05-23T04:28:09.942686Z  INFO stall: STALL pre_egui: 6.43ms
2026-05-23T04:28:09.942689Z  INFO viewport_authority: VIEWPORT_AUTHORITY source=UiMeasured valid=true min=Vec2(0.0, 0.0) max=Vec2(1280.0, 720.0) w=1280.0 h=720.0
2026-05-23T04:28:09.942697Z  INFO viewport_authority::solver: VIEWPORT_SOLVER_TARGET node=SimMapFill valid=true rect.source=SimMapFill w=1280.0 h=720.0
2026-05-23T04:28:09.942700Z  INFO viewport_authority: VIEWPORT_AUTHORITY source=LayoutSolver valid=true min=Vec2(0.0, 0.0) max=Vec2(1280.0, 720.0) w=1280.0 h=720.0
2026-05-23T04:28:09.942703Z  INFO viewport_authority: VIEWPORT_AUTHORITY source=LayoutSolver valid=true min=Vec2(0.0, 0.0) max=Vec2(1280.0, 720.0) w=1280.0 h=720.0
2026-05-23T04:28:09.942705Z  INFO viewport_authority: VIEWPORT_AUTHORITY source=UiCommitted valid=true min=Vec2(0.0, 0.0) max=Vec2(1280.0, 720.0) w=1280.0 h=720.0
2026-05-23T04:28:09.942721Z  INFO viewport_authority: VIEWPORT_AUTHORITY source=CameraApplied valid=true min=Vec2(0.0, 0.0) max=Vec2(1280.0, 720.0) w=1280.0 h=720.0
2026-05-23T04:28:09.942743Z  INFO stage5_live_todos: STAGE5_READINESS_HOOK passes=true violations_first=(none) producer_count=1
2026-05-23T04:28:09.942753Z  INFO visual_aidv2_live_todos: VISUAL_AID_V2_BOARD done=3/6 footprint_ok=false readability=true icons=0
2026-05-23T04:28:09.944100Z  INFO stage5_live_todos: STAGE5_GPU_HOOK indirect_instances=0 dispatch_count=0 draw_instances=0 (PHF-01 alignment)
2026-05-23T04:28:09.944581Z  INFO visual_diag: VISUAL_DIAG window frame=96 periodic=false win_logical=(1280, 720) win_physical=(1280, 720) scale=1.0 app=2 base=2 flow=3 worldgen=5 readiness_profile=Stage5ReadinessProfile { require_vt4: true, require_vt5: true, require_preview: true, require_partial_metrics: true, require_world_frame: true, require_phase_f_proof: true, require_instanced_draw: true }
2026-05-23T04:28:09.944592Z  INFO visual_diag: VISUAL_DIAG sim_viewport frame=96 sim_valid=true sim_adequate=true sim_min=Vec2(0.0, 0.0) sim_max=Vec2(1280.0, 720.0) sim_wh=(1280, 720) measured_valid=true measured_wh=(1280, 720) committed_wh=(1280, 720) sim_held=true settle_streak=4 layout_settled=true frozen=true last_commit="hole_hold" pending_wh=(1280, 720) pending_min=Vec2(0.0, 0.0) pending_max=Vec2(1280.0, 720.0)
2026-05-23T04:28:09.944597Z  INFO visual_diag: VISUAL_DIAG camera frame=96 cam_desired_x=160.0 cam_desired_y=160.0 cam_zoom=2.0249998569488525 latch_hole=true render_hole=true latch_invalid_streak=0 latch_valid_streak=95 cam_scissor=Some((0, 0, 1280, 720)) ortho_fixed_w=632 ortho_fixed_h=356 map_view_px_w=1280 map_view_px_h=720 world_w=320 world_h=320
2026-05-23T04:28:09.944601Z  INFO visual_diag: VISUAL_DIAG resolved_viewports frame=96 resolved_rev=114 primary_valid=true primary_wh=(1280, 720) sim_resolved_valid=true sim_resolved_wh=(1280, 720) preview_valid=true preview_wh=(372, 362) minimap_valid=true minimap_wh=(397, 160) mismatch_preview=false mismatch_minimap=false mismatch_sim_map=false mismatch_stale_tex=false
2026-05-23T04:28:09.944605Z  INFO visual_diag: VISUAL_DIAG map_view_frames frame=96 world_preview_proj_rev=1554780161534 minimap_proj_rev=687223767846 sim_map_proj_rev=3092405454489
2026-05-23T04:28:09.944608Z  INFO visual_diag: VISUAL_DIAG map_presentation frame=96 wp_fit=Contain wp_viewport=UVec2(372, 362) wp_fit_scale=1.10595703125 wp_expected_fit_scale=1.10595703125 wp_zoom=1.0407500267028809 mm_fit=Cover mm_viewport=UVec2(397, 160) mm_fit_scale=1.2409179210662842
2026-05-23T04:28:09.944613Z  INFO visual_diag: VISUAL_DIAG render_spine frame=96 raster_rev=29 repr_band=0 repr_lod="LocalTactical" particle_rows_cap=262144 visual_intent="Strategic" visual_zoom_alpha=0.01843632385134697 fire_particle_rows=0 fire_particle_stamp=97 overlay_rev=2 overlay_chunk_cells=28 graph_fire_inst=0 graph_fire_heat=0 gpu_instance_rows=0 gpu_dispatch=1 gpu_draw=0
2026-05-23T04:28:09.944617Z  INFO visual_diag: VISUAL_DIAG perf frame=96 tile_raster_ms=0.0 tile_raster_ran=false world_repr_ms=0.010699999518692493 projection_graph_ms=0.00010000000474974513 domain_merge_ms=0.00010000000474974513 readiness_ms=0.021900000050663948 cpu_pre_egui_ms=0.0 cpu_egui_ms=0.0 cpu_post_egui_ms=0.0 gpu_gap_ms=0.0
2026-05-23T04:28:09.944620Z  INFO visual_diag: VISUAL_DIAG hud_shell frame=96 cmd_shell=false overlay_tray=false transmission=false
2026-05-23T04:28:09.944638Z  INFO perf: PERF wall=28.73 instr=0.03 gap=28.70 | cpu_pre_egui=26.79 cpu_egui=0.44 cpu_post_egui=1.50 gpu_gap=0.00 | spine=0.00 world_repr=0.01 graph=0.00 merge=0.00 atm=0.00 readiness=0.02 raster=0.00 (idle) | upd_attrib sum=5.83 pv_cpu=0.00 pv_gpu=0.00 fire=0.09 stream=5.62 map_fit=0.00 hud=0.11 wgen=0.00 | budget_sum=4.88 hud=0.11 overlay=0.00 raster_b=4.68 particles=0.00 residency=0.03 tex_reg=0.00 render_x=0.05 | stall first+preupd=0.03 update=0.00 post_dom=0.00 post_vt=0.01 postÔåÆready=0.00 ready=0.06 postÔåÆegui=6.43 egui=0.36 post_egui=1.45 | stall_hits=[after_tile_storage_apply:20.3,pre_egui:6.4]
2026-05-23T04:28:09.944647Z  INFO perf: PERF frame=28.7ms update=26.8ms egui=0.4ms preview=0.0ms streaming=5.6ms tile_apply=0.0ms viewport=0.0ms map_fit=0.0ms repr=0.0ms raster=0.0ms
2026-05-23T04:28:09.944651Z  INFO stall: STALL culprit=after_tile_storage_apply duration=20.3ms frame=28.7ms
2026-05-23T04:28:09.945300Z  INFO viewport_authority: VIEWPORT_AUTHORITY source=ResolvedViewport valid=true min=Vec2(0.0, 0.0) max=Vec2(1280.0, 720.0) w=1280.0 h=720.0
2026-05-23T04:28:09.946072Z  INFO construction_finish_todos: CONSTRUCTION_FINISH_COMPLETE done=8/8
2026-05-23T04:28:09.946081Z  INFO construction_round2_todos: CONSTRUCTION_ROUND2_COMPLETE done=15/15
2026-05-23T04:28:09.946084Z  INFO construction_round3_todos: CONSTRUCTION_ROUND3_COMPLETE done=27/27
2026-05-23T04:28:09.946088Z  INFO construction_operational_todos: CONSTRUCTION_OPERATIONAL_GREEN
2026-05-23T04:28:09.957771Z  INFO stage5_live_todos: STAGE5_MAP_CAMERA_HOOK post_mirror desired_xy=(160.00,160.00) zoom=2.0250 world_main_xy=(160.00,160.00) zoom=2.0250 bridge_drift=0.0000
2026-05-23T04:28:09.962165Z  INFO stage5_live_todos: STAGE5_FIRE_HOOK fire_visual_producer_count=1 (expect 1 for FIRE-01)
2026-05-23T04:28:09.964736Z  INFO stall: STALL after_tile_storage_apply: 19.84ms
2026-05-23T04:28:09.967847Z  INFO stage5_live_todos: STAGE5_SPINE_HOOK policy_present=true graph_present=true fence_committed=true fence_fire_tick=98 world_frame_present=true overlay_rev=2 overlay_chunk_cells=28 atm_partial_dispatch=1 atm_gpu_tex_uploads=0 atm_full_field_fallback=false
2026-05-23T04:28:09.971752Z  INFO industrial_activation_todos: INDUSTRIAL_ACTIVATION_GREEN
2026-05-23T04:28:09.971807Z  INFO stall: STALL pre_egui: 7.07ms
2026-05-23T04:28:09.971819Z  INFO viewport_authority: VIEWPORT_AUTHORITY source=UiMeasured valid=true min=Vec2(0.0, 0.0) max=Vec2(1280.0, 720.0) w=1280.0 h=720.0
2026-05-23T04:28:09.971828Z  INFO viewport_authority::solver: VIEWPORT_SOLVER_TARGET node=SimMapFill valid=true rect.source=SimMapFill w=1280.0 h=720.0
2026-05-23T04:28:09.971832Z  INFO viewport_authority: VIEWPORT_AUTHORITY source=LayoutSolver valid=true min=Vec2(0.0, 0.0) max=Vec2(1280.0, 720.0) w=1280.0 h=720.0
2026-05-23T04:28:09.971835Z  INFO viewport_authority: VIEWPORT_AUTHORITY source=LayoutSolver valid=true min=Vec2(0.0, 0.0) max=Vec2(1280.0, 720.0) w=1280.0 h=720.0
2026-05-23T04:28:09.971838Z  INFO viewport_authority: VIEWPORT_AUTHORITY source=UiCommitted valid=true min=Vec2(0.0, 0.0) max=Vec2(1280.0, 720.0) w=1280.0 h=720.0
2026-05-23T04:28:09.971854Z  INFO viewport_authority: VIEWPORT_AUTHORITY source=CameraApplied valid=true min=Vec2(0.0, 0.0) max=Vec2(1280.0, 720.0) w=1280.0 h=720.0
2026-05-23T04:28:09.971881Z  INFO stage5_live_todos: STAGE5_READINESS_HOOK passes=true violations_first=(none) producer_count=1
2026-05-23T04:28:09.971892Z  INFO visual_aidv2_live_todos: VISUAL_AID_V2_BOARD done=3/6 footprint_ok=false readability=true icons=0
2026-05-23T04:28:09.973228Z  INFO stage5_live_todos: STAGE5_GPU_HOOK indirect_instances=0 dispatch_count=0 draw_instances=0 (PHF-01 alignment)
2026-05-23T04:28:09.973792Z  INFO visual_diag: VISUAL_DIAG window frame=97 periodic=false win_logical=(1280, 720) win_physical=(1280, 720) scale=1.0 app=2 base=2 flow=3 worldgen=5 readiness_profile=Stage5ReadinessProfile { require_vt4: true, require_vt5: true, require_preview: true, require_partial_metrics: true, require_world_frame: true, require_phase_f_proof: true, require_instanced_draw: true }
2026-05-23T04:28:09.973804Z  INFO visual_diag: VISUAL_DIAG sim_viewport frame=97 sim_valid=true sim_adequate=true sim_min=Vec2(0.0, 0.0) sim_max=Vec2(1280.0, 720.0) sim_wh=(1280, 720) measured_valid=true measured_wh=(1280, 720) committed_wh=(1280, 720) sim_held=true settle_streak=4 layout_settled=true frozen=true last_commit="hole_hold" pending_wh=(1280, 720) pending_min=Vec2(0.0, 0.0) pending_max=Vec2(1280.0, 720.0)
2026-05-23T04:28:09.973810Z  INFO visual_diag: VISUAL_DIAG camera frame=97 cam_desired_x=160.0 cam_desired_y=160.0 cam_zoom=2.0249998569488525 latch_hole=true render_hole=true latch_invalid_streak=0 latch_valid_streak=96 cam_scissor=Some((0, 0, 1280, 720)) ortho_fixed_w=632 ortho_fixed_h=356 map_view_px_w=1280 map_view_px_h=720 world_w=320 world_h=320
2026-05-23T04:28:09.973815Z  INFO visual_diag: VISUAL_DIAG resolved_viewports frame=97 resolved_rev=114 primary_valid=true primary_wh=(1280, 720) sim_resolved_valid=true sim_resolved_wh=(1280, 720) preview_valid=true preview_wh=(372, 362) minimap_valid=true minimap_wh=(397, 160) mismatch_preview=false mismatch_minimap=false mismatch_sim_map=false mismatch_stale_tex=false
2026-05-23T04:28:09.973819Z  INFO visual_diag: VISUAL_DIAG map_view_frames frame=97 world_preview_proj_rev=1554780161534 minimap_proj_rev=687223767846 sim_map_proj_rev=3092405454489
2026-05-23T04:28:09.973821Z  INFO visual_diag: VISUAL_DIAG map_presentation frame=97 wp_fit=Contain wp_viewport=UVec2(372, 362) wp_fit_scale=1.10595703125 wp_expected_fit_scale=1.10595703125 wp_zoom=1.0407500267028809 mm_fit=Cover mm_viewport=UVec2(397, 160) mm_fit_scale=1.2409179210662842
2026-05-23T04:28:09.973826Z  INFO visual_diag: VISUAL_DIAG render_spine frame=97 raster_rev=29 repr_band=0 repr_lod="LocalTactical" particle_rows_cap=262144 visual_intent="Strategic" visual_zoom_alpha=0.01843632385134697 fire_particle_rows=0 fire_particle_stamp=98 overlay_rev=2 overlay_chunk_cells=28 graph_fire_inst=0 graph_fire_heat=0 gpu_instance_rows=0 gpu_dispatch=1 gpu_draw=0
2026-05-23T04:28:09.973831Z  INFO visual_diag: VISUAL_DIAG perf frame=97 tile_raster_ms=0.0 tile_raster_ran=false world_repr_ms=0.01269999984651804 projection_graph_ms=0.0003000000142492354 domain_merge_ms=0.0 readiness_ms=0.02630000002682209 cpu_pre_egui_ms=0.0 cpu_egui_ms=0.0 cpu_post_egui_ms=0.0 gpu_gap_ms=0.0
2026-05-23T04:28:09.973834Z  INFO visual_diag: VISUAL_DIAG hud_shell frame=97 cmd_shell=false overlay_tray=false transmission=false
2026-05-23T04:28:09.973845Z  WARN proc_A_dine01::gui::hud::frame_budget: frame budget anomaly FrameSpike: frame 38.8 ms (avg 29.8 ms)
2026-05-23T04:28:09.973862Z  INFO perf: PERF wall=28.98 instr=0.04 gap=28.94 | cpu_pre_egui=26.95 cpu_egui=0.56 cpu_post_egui=1.47 gpu_gap=0.00 | spine=0.00 world_repr=0.01 graph=0.00 merge=0.00 atm=0.00 readiness=0.03 raster=0.00 (idle) | upd_attrib sum=5.87 pv_cpu=0.00 pv_gpu=0.00 fire=0.09 stream=5.62 map_fit=0.00 hud=0.15 wgen=0.00 | budget_sum=4.92 hud=0.15 overlay=0.00 raster_b=4.68 particles=0.00 residency=0.03 tex_reg=0.00 render_x=0.05 | stall first+preupd=0.03 update=0.00 post_dom=0.00 post_vt=0.01 postÔåÆready=0.00 ready=0.08 postÔåÆegui=7.07 egui=0.47 post_egui=1.41 | stall_hits=[after_tile_storage_apply:19.8,pre_egui:7.1]
2026-05-23T04:28:09.973871Z  INFO perf: PERF frame=29.0ms update=27.0ms egui=0.6ms preview=0.0ms streaming=5.6ms tile_apply=0.0ms viewport=0.0ms map_fit=0.0ms repr=0.0ms raster=0.0ms
2026-05-23T04:28:09.973875Z  INFO stall: STALL culprit=after_tile_storage_apply duration=19.8ms frame=29.0ms
2026-05-23T04:28:09.975783Z  INFO viewport_authority: VIEWPORT_AUTHORITY source=ResolvedViewport valid=true min=Vec2(0.0, 0.0) max=Vec2(1280.0, 720.0) w=1280.0 h=720.0
2026-05-23T04:28:09.976819Z  INFO construction_finish_todos: CONSTRUCTION_FINISH_COMPLETE done=8/8
2026-05-23T04:28:09.976830Z  INFO construction_round2_todos: CONSTRUCTION_ROUND2_COMPLETE done=15/15
2026-05-23T04:28:09.976835Z  INFO construction_round3_todos: CONSTRUCTION_ROUND3_COMPLETE done=27/27
2026-05-23T04:28:09.976838Z  INFO construction_operational_todos: CONSTRUCTION_OPERATIONAL_GREEN
2026-05-23T04:28:09.989821Z  INFO stage5_live_todos: STAGE5_MAP_CAMERA_HOOK post_mirror desired_xy=(160.00,160.00) zoom=2.0250 world_main_xy=(160.00,160.00) zoom=2.0250 bridge_drift=0.0000
2026-05-23T04:28:09.993635Z  INFO stage5_live_todos: STAGE5_FIRE_HOOK fire_visual_producer_count=1 (expect 1 for FIRE-01)
2026-05-23T04:28:09.996252Z  INFO stall: STALL after_tile_storage_apply: 22.02ms
2026-05-23T04:28:09.999349Z  INFO stage5_live_todos: STAGE5_SPINE_HOOK policy_present=true graph_present=true fence_committed=true fence_fire_tick=99 world_frame_present=true overlay_rev=2 overlay_chunk_cells=28 atm_partial_dispatch=1 atm_gpu_tex_uploads=0 atm_full_field_fallback=false
2026-05-23T04:28:10.003799Z  INFO industrial_activation_todos: INDUSTRIAL_ACTIVATION_GREEN
2026-05-23T04:28:10.003860Z  INFO stall: STALL pre_egui: 7.61ms
2026-05-23T04:28:10.003878Z  INFO viewport_authority: VIEWPORT_AUTHORITY source=UiMeasured valid=true min=Vec2(0.0, 0.0) max=Vec2(1280.0, 720.0) w=1280.0 h=720.0
2026-05-23T04:28:10.003886Z  INFO viewport_authority::solver: VIEWPORT_SOLVER_TARGET node=SimMapFill valid=true rect.source=SimMapFill w=1280.0 h=720.0
2026-05-23T04:28:10.003889Z  INFO viewport_authority: VIEWPORT_AUTHORITY source=LayoutSolver valid=true min=Vec2(0.0, 0.0) max=Vec2(1280.0, 720.0) w=1280.0 h=720.0
2026-05-23T04:28:10.003893Z  INFO viewport_authority: VIEWPORT_AUTHORITY source=LayoutSolver valid=true min=Vec2(0.0, 0.0) max=Vec2(1280.0, 720.0) w=1280.0 h=720.0
2026-05-23T04:28:10.003896Z  INFO viewport_authority: VIEWPORT_AUTHORITY source=UiCommitted valid=true min=Vec2(0.0, 0.0) max=Vec2(1280.0, 720.0) w=1280.0 h=720.0
2026-05-23T04:28:10.003909Z  INFO viewport_authority: VIEWPORT_AUTHORITY source=CameraApplied valid=true min=Vec2(0.0, 0.0) max=Vec2(1280.0, 720.0) w=1280.0 h=720.0
2026-05-23T04:28:10.003938Z  INFO stage5_live_todos: STAGE5_READINESS_HOOK passes=true violations_first=(none) producer_count=1
2026-05-23T04:28:10.003947Z  INFO visual_aidv2_live_todos: VISUAL_AID_V2_BOARD done=3/6 footprint_ok=false readability=true icons=0
2026-05-23T04:28:10.006015Z  INFO stage5_live_todos: STAGE5_GPU_HOOK indirect_instances=0 dispatch_count=0 draw_instances=0 (PHF-01 alignment)
2026-05-23T04:28:10.006750Z  INFO visual_diag: VISUAL_DIAG window frame=98 periodic=false win_logical=(1280, 720) win_physical=(1280, 720) scale=1.0 app=2 base=2 flow=3 worldgen=5 readiness_profile=Stage5ReadinessProfile { require_vt4: true, require_vt5: true, require_preview: true, require_partial_metrics: true, require_world_frame: true, require_phase_f_proof: true, require_instanced_draw: true }
2026-05-23T04:28:10.006763Z  INFO visual_diag: VISUAL_DIAG sim_viewport frame=98 sim_valid=true sim_adequate=true sim_min=Vec2(0.0, 0.0) sim_max=Vec2(1280.0, 720.0) sim_wh=(1280, 720) measured_valid=true measured_wh=(1280, 720) committed_wh=(1280, 720) sim_held=true settle_streak=4 layout_settled=true frozen=true last_commit="hole_hold" pending_wh=(1280, 720) pending_min=Vec2(0.0, 0.0) pending_max=Vec2(1280.0, 720.0)
2026-05-23T04:28:10.006769Z  INFO visual_diag: VISUAL_DIAG camera frame=98 cam_desired_x=160.0 cam_desired_y=160.0 cam_zoom=2.0249998569488525 latch_hole=true render_hole=true latch_invalid_streak=0 latch_valid_streak=97 cam_scissor=Some((0, 0, 1280, 720)) ortho_fixed_w=632 ortho_fixed_h=356 map_view_px_w=1280 map_view_px_h=720 world_w=320 world_h=320
2026-05-23T04:28:10.006776Z  INFO visual_diag: VISUAL_DIAG resolved_viewports frame=98 resolved_rev=114 primary_valid=true primary_wh=(1280, 720) sim_resolved_valid=true sim_resolved_wh=(1280, 720) preview_valid=true preview_wh=(372, 362) minimap_valid=true minimap_wh=(397, 160) mismatch_preview=false mismatch_minimap=false mismatch_sim_map=false mismatch_stale_tex=false
2026-05-23T04:28:10.006780Z  INFO visual_diag: VISUAL_DIAG map_view_frames frame=98 world_preview_proj_rev=1554780161534 minimap_proj_rev=687223767846 sim_map_proj_rev=3092405454489
2026-05-23T04:28:10.006783Z  INFO visual_diag: VISUAL_DIAG map_presentation frame=98 wp_fit=Contain wp_viewport=UVec2(372, 362) wp_fit_scale=1.10595703125 wp_expected_fit_scale=1.10595703125 wp_zoom=1.0407500267028809 mm_fit=Cover mm_viewport=UVec2(397, 160) mm_fit_scale=1.2409179210662842
2026-05-23T04:28:10.006789Z  INFO visual_diag: VISUAL_DIAG render_spine frame=98 raster_rev=29 repr_band=0 repr_lod="LocalTactical" particle_rows_cap=262144 visual_intent="Strategic" visual_zoom_alpha=0.01843632385134697 fire_particle_rows=0 fire_particle_stamp=99 overlay_rev=2 overlay_chunk_cells=28 graph_fire_inst=0 graph_fire_heat=0 gpu_instance_rows=0 gpu_dispatch=1 gpu_draw=0
2026-05-23T04:28:10.006793Z  INFO visual_diag: VISUAL_DIAG perf frame=98 tile_raster_ms=0.0 tile_raster_ran=false world_repr_ms=0.01209999993443489 projection_graph_ms=0.00020000000949949026 domain_merge_ms=0.00010000000474974513 readiness_ms=0.02290000021457672 cpu_pre_egui_ms=0.0 cpu_egui_ms=0.0 cpu_post_egui_ms=0.0 gpu_gap_ms=0.0
2026-05-23T04:28:10.006797Z  INFO visual_diag: VISUAL_DIAG hud_shell frame=98 cmd_shell=false overlay_tray=false transmission=false
2026-05-23T04:28:10.006818Z  INFO perf: PERF wall=32.62 instr=0.04 gap=32.58 | cpu_pre_egui=29.69 cpu_egui=0.69 cpu_post_egui=2.24 gpu_gap=0.00 | spine=0.00 world_repr=0.01 graph=0.00 merge=0.00 atm=0.00 readiness=0.02 raster=0.00 (idle) | upd_attrib sum=5.96 pv_cpu=0.00 pv_gpu=0.00 fire=0.10 stream=5.65 map_fit=0.00 hud=0.20 wgen=0.00 | budget_sum=4.96 hud=0.20 overlay=0.00 raster_b=4.68 particles=0.00 residency=0.03 tex_reg=0.00 render_x=0.05 | stall first+preupd=0.04 update=0.01 post_dom=0.01 post_vt=0.03 postÔåÆready=0.00 ready=0.06 postÔåÆegui=7.61 egui=0.60 post_egui=2.19 | stall_hits=[after_tile_storage_apply:22.0,pre_egui:7.6]
2026-05-23T04:28:10.006828Z  INFO perf: PERF frame=32.6ms update=29.7ms egui=0.7ms preview=0.0ms streaming=5.7ms tile_apply=0.0ms viewport=0.0ms map_fit=0.0ms repr=0.0ms raster=0.0ms
2026-05-23T04:28:10.006833Z  INFO stall: STALL culprit=after_tile_storage_apply duration=22.0ms frame=32.6ms
2026-05-23T04:28:10.007822Z  INFO viewport_authority: VIEWPORT_AUTHORITY source=ResolvedViewport valid=true min=Vec2(0.0, 0.0) max=Vec2(1280.0, 720.0) w=1280.0 h=720.0
2026-05-23T04:28:10.008942Z  INFO construction_finish_todos: CONSTRUCTION_FINISH_COMPLETE done=8/8
2026-05-23T04:28:10.008952Z  INFO construction_round2_todos: CONSTRUCTION_ROUND2_COMPLETE done=15/15
2026-05-23T04:28:10.008957Z  INFO construction_round3_todos: CONSTRUCTION_ROUND3_COMPLETE done=27/27
2026-05-23T04:28:10.008962Z  INFO construction_operational_todos: CONSTRUCTION_OPERATIONAL_GREEN
2026-05-23T04:28:10.022776Z  INFO stage5_live_todos: STAGE5_MAP_CAMERA_HOOK post_mirror desired_xy=(160.00,160.00) zoom=2.0250 world_main_xy=(160.00,160.00) zoom=2.0250 bridge_drift=0.0000
2026-05-23T04:28:10.026798Z  INFO stage5_live_todos: STAGE5_FIRE_HOOK fire_visual_producer_count=1 (expect 1 for FIRE-01)
2026-05-23T04:28:10.029360Z  INFO stall: STALL after_tile_storage_apply: 21.83ms
2026-05-23T04:28:10.032435Z  INFO stage5_live_todos: STAGE5_SPINE_HOOK policy_present=true graph_present=true fence_committed=true fence_fire_tick=100 world_frame_present=true overlay_rev=2 overlay_chunk_cells=28 atm_partial_dispatch=1 atm_gpu_tex_uploads=0 atm_full_field_fallback=false
2026-05-23T04:28:10.035426Z  INFO industrial_activation_todos: INDUSTRIAL_ACTIVATION_GREEN
2026-05-23T04:28:10.035477Z  INFO stall: STALL pre_egui: 6.12ms
2026-05-23T04:28:10.035483Z  INFO viewport_authority: VIEWPORT_AUTHORITY source=UiMeasured valid=true min=Vec2(0.0, 0.0) max=Vec2(1280.0, 720.0) w=1280.0 h=720.0
2026-05-23T04:28:10.035491Z  INFO viewport_authority::solver: VIEWPORT_SOLVER_TARGET node=SimMapFill valid=true rect.source=SimMapFill w=1280.0 h=720.0
2026-05-23T04:28:10.035495Z  INFO viewport_authority: VIEWPORT_AUTHORITY source=LayoutSolver valid=true min=Vec2(0.0, 0.0) max=Vec2(1280.0, 720.0) w=1280.0 h=720.0
2026-05-23T04:28:10.035498Z  INFO viewport_authority: VIEWPORT_AUTHORITY source=LayoutSolver valid=true min=Vec2(0.0, 0.0) max=Vec2(1280.0, 720.0) w=1280.0 h=720.0
2026-05-23T04:28:10.035501Z  INFO viewport_authority: VIEWPORT_AUTHORITY source=UiCommitted valid=true min=Vec2(0.0, 0.0) max=Vec2(1280.0, 720.0) w=1280.0 h=720.0
2026-05-23T04:28:10.035512Z  INFO viewport_authority: VIEWPORT_AUTHORITY source=CameraApplied valid=true min=Vec2(0.0, 0.0) max=Vec2(1280.0, 720.0) w=1280.0 h=720.0
2026-05-23T04:28:10.035534Z  INFO stage5_live_todos: STAGE5_READINESS_HOOK passes=true violations_first=(none) producer_count=1
2026-05-23T04:28:10.035543Z  INFO visual_aidv2_live_todos: VISUAL_AID_V2_BOARD done=3/6 footprint_ok=false readability=true icons=0
2026-05-23T04:28:10.036749Z  INFO stage5_live_todos: STAGE5_GPU_HOOK indirect_instances=0 dispatch_count=0 draw_instances=0 (PHF-01 alignment)
2026-05-23T04:28:10.037247Z  INFO visual_diag: VISUAL_DIAG window frame=99 periodic=false win_logical=(1280, 720) win_physical=(1280, 720) scale=1.0 app=2 base=2 flow=3 worldgen=5 readiness_profile=Stage5ReadinessProfile { require_vt4: true, require_vt5: true, require_preview: true, require_partial_metrics: true, require_world_frame: true, require_phase_f_proof: true, require_instanced_draw: true }
2026-05-23T04:28:10.037258Z  INFO visual_diag: VISUAL_DIAG sim_viewport frame=99 sim_valid=true sim_adequate=true sim_min=Vec2(0.0, 0.0) sim_max=Vec2(1280.0, 720.0) sim_wh=(1280, 720) measured_valid=true measured_wh=(1280, 720) committed_wh=(1280, 720) sim_held=true settle_streak=4 layout_settled=true frozen=true last_commit="hole_hold" pending_wh=(1280, 720) pending_min=Vec2(0.0, 0.0) pending_max=Vec2(1280.0, 720.0)
2026-05-23T04:28:10.037263Z  INFO visual_diag: VISUAL_DIAG camera frame=99 cam_desired_x=160.0 cam_desired_y=160.0 cam_zoom=2.0249998569488525 latch_hole=true render_hole=true latch_invalid_streak=0 latch_valid_streak=98 cam_scissor=Some((0, 0, 1280, 720)) ortho_fixed_w=632 ortho_fixed_h=356 map_view_px_w=1280 map_view_px_h=720 world_w=320 world_h=320
2026-05-23T04:28:10.037268Z  INFO visual_diag: VISUAL_DIAG resolved_viewports frame=99 resolved_rev=114 primary_valid=true primary_wh=(1280, 720) sim_resolved_valid=true sim_resolved_wh=(1280, 720) preview_valid=true preview_wh=(372, 362) minimap_valid=true minimap_wh=(397, 160) mismatch_preview=false mismatch_minimap=false mismatch_sim_map=false mismatch_stale_tex=false
2026-05-23T04:28:10.037272Z  INFO visual_diag: VISUAL_DIAG map_view_frames frame=99 world_preview_proj_rev=1554780161534 minimap_proj_rev=687223767846 sim_map_proj_rev=3092405454489
2026-05-23T04:28:10.037274Z  INFO visual_diag: VISUAL_DIAG map_presentation frame=99 wp_fit=Contain wp_viewport=UVec2(372, 362) wp_fit_scale=1.10595703125 wp_expected_fit_scale=1.10595703125 wp_zoom=1.0407500267028809 mm_fit=Cover mm_viewport=UVec2(397, 160) mm_fit_scale=1.2409179210662842
2026-05-23T04:28:10.037280Z  INFO visual_diag: VISUAL_DIAG render_spine frame=99 raster_rev=29 repr_band=0 repr_lod="LocalTactical" particle_rows_cap=262144 visual_intent="Strategic" visual_zoom_alpha=0.01843632385134697 fire_particle_rows=0 fire_particle_stamp=100 overlay_rev=2 overlay_chunk_cells=28 graph_fire_inst=0 graph_fire_heat=0 gpu_instance_rows=0 gpu_dispatch=1 gpu_draw=0
2026-05-23T04:28:10.037285Z  INFO visual_diag: VISUAL_DIAG perf frame=99 tile_raster_ms=0.0 tile_raster_ran=false world_repr_ms=0.009499999694526196 projection_graph_ms=0.00020000000949949026 domain_merge_ms=0.0 readiness_ms=0.02199999988079071 cpu_pre_egui_ms=0.0 cpu_egui_ms=0.0 cpu_post_egui_ms=0.0 gpu_gap_ms=0.0
2026-05-23T04:28:10.037288Z  INFO visual_diag: VISUAL_DIAG hud_shell frame=99 cmd_shell=false overlay_tray=false transmission=false
2026-05-23T04:28:10.037306Z  INFO perf: PERF wall=29.81 instr=0.03 gap=29.78 | cpu_pre_egui=28.00 cpu_egui=0.49 cpu_post_egui=1.32 gpu_gap=0.00 | spine=0.00 world_repr=0.01 graph=0.00 merge=0.00 atm=0.00 readiness=0.02 raster=0.00 (idle) | upd_attrib sum=5.81 pv_cpu=0.00 pv_gpu=0.01 fire=0.09 stream=5.58 map_fit=0.00 hud=0.13 wgen=0.00 | budget_sum=4.89 hud=0.13 overlay=0.00 raster_b=4.68 particles=0.00 residency=0.03 tex_reg=0.00 render_x=0.05 | stall first+preupd=0.04 update=0.00 post_dom=0.00 post_vt=0.01 postÔåÆready=0.00 ready=0.06 postÔåÆegui=6.12 egui=0.42 post_egui=1.27 | stall_hits=[after_tile_storage_apply:21.8,pre_egui:6.1]
2026-05-23T04:28:10.037315Z  INFO perf: PERF frame=29.8ms update=28.0ms egui=0.5ms preview=0.0ms streaming=5.6ms tile_apply=0.0ms viewport=0.0ms map_fit=0.0ms repr=0.0ms raster=0.0ms
2026-05-23T04:28:10.037319Z  INFO stall: STALL culprit=after_tile_storage_apply duration=21.8ms frame=29.8ms
2026-05-23T04:28:10.037989Z  INFO viewport_authority: VIEWPORT_AUTHORITY source=ResolvedViewport valid=true min=Vec2(0.0, 0.0) max=Vec2(1280.0, 720.0) w=1280.0 h=720.0
2026-05-23T04:28:10.039153Z  INFO construction_finish_todos: CONSTRUCTION_FINISH_COMPLETE done=8/8
2026-05-23T04:28:10.039163Z  INFO construction_round2_todos: CONSTRUCTION_ROUND2_COMPLETE done=15/15
2026-05-23T04:28:10.039167Z  INFO construction_round3_todos: CONSTRUCTION_ROUND3_COMPLETE done=27/27
2026-05-23T04:28:10.039170Z  INFO construction_operational_todos: CONSTRUCTION_OPERATIONAL_GREEN
2026-05-23T04:28:10.053730Z  INFO stage5_live_todos: STAGE5_MAP_CAMERA_HOOK post_mirror desired_xy=(160.00,160.00) zoom=2.0250 world_main_xy=(160.00,160.00) zoom=2.0250 bridge_drift=0.0000
2026-05-23T04:28:10.058020Z  INFO stage5_live_todos: STAGE5_FIRE_HOOK fire_visual_producer_count=1 (expect 1 for FIRE-01)
2026-05-23T04:28:10.060618Z  INFO stall: STALL after_tile_storage_apply: 22.99ms
2026-05-23T04:28:10.063671Z  INFO stage5_live_todos: STAGE5_SPINE_HOOK policy_present=true graph_present=true fence_committed=true fence_fire_tick=101 world_frame_present=true overlay_rev=2 overlay_chunk_cells=28 atm_partial_dispatch=1 atm_gpu_tex_uploads=0 atm_full_field_fallback=false
2026-05-23T04:28:10.067907Z  INFO industrial_activation_todos: INDUSTRIAL_ACTIVATION_GREEN
2026-05-23T04:28:10.067963Z  INFO stall: STALL pre_egui: 7.34ms
2026-05-23T04:28:10.067970Z  INFO viewport_authority: VIEWPORT_AUTHORITY source=UiMeasured valid=true min=Vec2(0.0, 0.0) max=Vec2(1280.0, 720.0) w=1280.0 h=720.0
2026-05-23T04:28:10.067979Z  INFO viewport_authority::solver: VIEWPORT_SOLVER_TARGET node=SimMapFill valid=true rect.source=SimMapFill w=1280.0 h=720.0
2026-05-23T04:28:10.067983Z  INFO viewport_authority: VIEWPORT_AUTHORITY source=LayoutSolver valid=true min=Vec2(0.0, 0.0) max=Vec2(1280.0, 720.0) w=1280.0 h=720.0
2026-05-23T04:28:10.067986Z  INFO viewport_authority: VIEWPORT_AUTHORITY source=LayoutSolver valid=true min=Vec2(0.0, 0.0) max=Vec2(1280.0, 720.0) w=1280.0 h=720.0
2026-05-23T04:28:10.067989Z  INFO viewport_authority: VIEWPORT_AUTHORITY source=UiCommitted valid=true min=Vec2(0.0, 0.0) max=Vec2(1280.0, 720.0) w=1280.0 h=720.0
2026-05-23T04:28:10.068002Z  INFO viewport_authority: VIEWPORT_AUTHORITY source=CameraApplied valid=true min=Vec2(0.0, 0.0) max=Vec2(1280.0, 720.0) w=1280.0 h=720.0
2026-05-23T04:28:10.068029Z  INFO stage5_live_todos: STAGE5_READINESS_HOOK passes=true violations_first=(none) producer_count=1
2026-05-23T04:28:10.068037Z  INFO visual_aidv2_live_todos: VISUAL_AID_V2_BOARD done=3/6 footprint_ok=false readability=true icons=0
2026-05-23T04:28:10.069460Z  INFO stage5_live_todos: STAGE5_GPU_HOOK indirect_instances=0 dispatch_count=0 draw_instances=0 (PHF-01 alignment)
2026-05-23T04:28:10.069946Z  INFO visual_diag: VISUAL_DIAG window frame=100 periodic=false win_logical=(1280, 720) win_physical=(1280, 720) scale=1.0 app=2 base=2 flow=3 worldgen=5 readiness_profile=Stage5ReadinessProfile { require_vt4: true, require_vt5: true, require_preview: true, require_partial_metrics: true, require_world_frame: true, require_phase_f_proof: true, require_instanced_draw: true }
2026-05-23T04:28:10.069958Z  INFO visual_diag: VISUAL_DIAG sim_viewport frame=100 sim_valid=true sim_adequate=true sim_min=Vec2(0.0, 0.0) sim_max=Vec2(1280.0, 720.0) sim_wh=(1280, 720) measured_valid=true measured_wh=(1280, 720) committed_wh=(1280, 720) sim_held=true settle_streak=4 layout_settled=true frozen=true last_commit="hole_hold" pending_wh=(1280, 720) pending_min=Vec2(0.0, 0.0) pending_max=Vec2(1280.0, 720.0)
2026-05-23T04:28:10.069964Z  INFO visual_diag: VISUAL_DIAG camera frame=100 cam_desired_x=160.0 cam_desired_y=160.0 cam_zoom=2.0249998569488525 latch_hole=true render_hole=true latch_invalid_streak=0 latch_valid_streak=99 cam_scissor=Some((0, 0, 1280, 720)) ortho_fixed_w=632 ortho_fixed_h=356 map_view_px_w=1280 map_view_px_h=720 world_w=320 world_h=320
2026-05-23T04:28:10.069969Z  INFO visual_diag: VISUAL_DIAG resolved_viewports frame=100 resolved_rev=114 primary_valid=true primary_wh=(1280, 720) sim_resolved_valid=true sim_resolved_wh=(1280, 720) preview_valid=true preview_wh=(372, 362) minimap_valid=true minimap_wh=(397, 160) mismatch_preview=false mismatch_minimap=false mismatch_sim_map=false mismatch_stale_tex=false
2026-05-23T04:28:10.069973Z  INFO visual_diag: VISUAL_DIAG map_view_frames frame=100 world_preview_proj_rev=1554780161534 minimap_proj_rev=687223767846 sim_map_proj_rev=3092405454489
2026-05-23T04:28:10.069977Z  INFO visual_diag: VISUAL_DIAG map_presentation frame=100 wp_fit=Contain wp_viewport=UVec2(372, 362) wp_fit_scale=1.10595703125 wp_expected_fit_scale=1.10595703125 wp_zoom=1.0407500267028809 mm_fit=Cover mm_viewport=UVec2(397, 160) mm_fit_scale=1.2409179210662842
2026-05-23T04:28:10.069983Z  INFO visual_diag: VISUAL_DIAG render_spine frame=100 raster_rev=29 repr_band=0 repr_lod="LocalTactical" particle_rows_cap=262144 visual_intent="Strategic" visual_zoom_alpha=0.01843632385134697 fire_particle_rows=0 fire_particle_stamp=101 overlay_rev=2 overlay_chunk_cells=28 graph_fire_inst=0 graph_fire_heat=0 gpu_instance_rows=0 gpu_dispatch=1 gpu_draw=0
2026-05-23T04:28:10.069988Z  INFO visual_diag: VISUAL_DIAG perf frame=100 tile_raster_ms=0.0 tile_raster_ran=false world_repr_ms=0.009600000455975533 projection_graph_ms=0.0003000000142492354 domain_merge_ms=0.00010000000474974513 readiness_ms=0.020500000566244125 cpu_pre_egui_ms=0.0 cpu_egui_ms=0.0 cpu_post_egui_ms=0.0 gpu_gap_ms=0.0
2026-05-23T04:28:10.069992Z  INFO visual_diag: VISUAL_DIAG hud_shell frame=100 cmd_shell=false overlay_tray=false transmission=false
2026-05-23T04:28:10.070016Z  INFO perf: PERF wall=32.41 instr=0.03 gap=32.38 | cpu_pre_egui=30.38 cpu_egui=0.51 cpu_post_egui=1.52 gpu_gap=0.00 | spine=0.00 world_repr=0.01 graph=0.00 merge=0.00 atm=0.00 readiness=0.02 raster=0.00 (idle) | upd_attrib sum=5.83 pv_cpu=0.00 pv_gpu=0.01 fire=0.10 stream=5.59 map_fit=0.00 hud=0.13 wgen=0.00 | budget_sum=4.90 hud=0.13 overlay=0.00 raster_b=4.68 particles=0.00 residency=0.03 tex_reg=0.00 render_x=0.05 | stall first+preupd=0.04 update=0.00 post_dom=0.01 post_vt=0.02 postÔåÆready=0.00 ready=0.06 postÔåÆegui=7.34 egui=0.43 post_egui=1.46 | stall_hits=[after_tile_storage_apply:23.0,pre_egui:7.3]
2026-05-23T04:28:10.070026Z  INFO perf: PERF frame=32.4ms update=30.4ms egui=0.5ms preview=0.0ms streaming=5.6ms tile_apply=0.0ms viewport=0.0ms map_fit=0.0ms repr=0.0ms raster=0.0ms
2026-05-23T04:28:10.070030Z  INFO stall: STALL culprit=after_tile_storage_apply duration=23.0ms frame=32.4ms
2026-05-23T04:28:10.071154Z  INFO viewport_authority: VIEWPORT_AUTHORITY source=ResolvedViewport valid=true min=Vec2(0.0, 0.0) max=Vec2(1280.0, 720.0) w=1280.0 h=720.0
2026-05-23T04:28:10.072200Z  INFO construction_finish_todos: CONSTRUCTION_FINISH_COMPLETE done=8/8
2026-05-23T04:28:10.072209Z  INFO construction_round2_todos: CONSTRUCTION_ROUND2_COMPLETE done=15/15
2026-05-23T04:28:10.072213Z  INFO construction_round3_todos: CONSTRUCTION_ROUND3_COMPLETE done=27/27
2026-05-23T04:28:10.072224Z  INFO construction_operational_todos: CONSTRUCTION_OPERATIONAL_GREEN
2026-05-23T04:28:10.085297Z  INFO stage5_live_todos: STAGE5_MAP_CAMERA_HOOK post_mirror desired_xy=(160.00,160.00) zoom=2.0250 world_main_xy=(160.00,160.00) zoom=2.0250 bridge_drift=0.0000
2026-05-23T04:28:10.089529Z  INFO stage5_live_todos: STAGE5_FIRE_HOOK fire_visual_producer_count=1 (expect 1 for FIRE-01)
2026-05-23T04:28:10.092120Z  INFO stall: STALL after_tile_storage_apply: 21.45ms
2026-05-23T04:28:10.095230Z  INFO stage5_live_todos: STAGE5_SPINE_HOOK policy_present=true graph_present=true fence_committed=true fence_fire_tick=102 world_frame_present=true overlay_rev=2 overlay_chunk_cells=28 atm_partial_dispatch=1 atm_gpu_tex_uploads=0 atm_full_field_fallback=false
2026-05-23T04:28:10.099446Z  INFO industrial_activation_todos: INDUSTRIAL_ACTIVATION_GREEN
2026-05-23T04:28:10.099503Z  INFO stall: STALL pre_egui: 7.38ms
2026-05-23T04:28:10.099512Z  INFO viewport_authority: VIEWPORT_AUTHORITY source=UiMeasured valid=true min=Vec2(0.0, 0.0) max=Vec2(1280.0, 720.0) w=1280.0 h=720.0
2026-05-23T04:28:10.099518Z  INFO viewport_authority::solver: VIEWPORT_SOLVER_TARGET node=SimMapFill valid=true rect.source=SimMapFill w=1280.0 h=720.0
2026-05-23T04:28:10.099521Z  INFO viewport_authority: VIEWPORT_AUTHORITY source=LayoutSolver valid=true min=Vec2(0.0, 0.0) max=Vec2(1280.0, 720.0) w=1280.0 h=720.0
2026-05-23T04:28:10.099524Z  INFO viewport_authority: VIEWPORT_AUTHORITY source=LayoutSolver valid=true min=Vec2(0.0, 0.0) max=Vec2(1280.0, 720.0) w=1280.0 h=720.0
2026-05-23T04:28:10.099528Z  INFO viewport_authority: VIEWPORT_AUTHORITY source=UiCommitted valid=true min=Vec2(0.0, 0.0) max=Vec2(1280.0, 720.0) w=1280.0 h=720.0
2026-05-23T04:28:10.099540Z  INFO stage5_full_app_harness: visual probe waiting for FINISH-UX-06 streak streak=101 target_streak=120 frames_after_capture=31
2026-05-23T04:28:10.099540Z  INFO viewport_authority: VIEWPORT_AUTHORITY source=CameraApplied valid=true min=Vec2(0.0, 0.0) max=Vec2(1280.0, 720.0) w=1280.0 h=720.0
2026-05-23T04:28:10.099569Z  INFO stage5_live_todos: STAGE5_READINESS_HOOK passes=true violations_first=(none) producer_count=1
2026-05-23T04:28:10.099579Z  INFO visual_aidv2_live_todos: VISUAL_AID_V2_BOARD done=3/6 footprint_ok=false readability=true icons=0
2026-05-23T04:28:10.100975Z  INFO stage5_live_todos: STAGE5_GPU_HOOK indirect_instances=0 dispatch_count=0 draw_instances=0 (PHF-01 alignment)
2026-05-23T04:28:10.101536Z  INFO visual_diag: VISUAL_DIAG window frame=101 periodic=false win_logical=(1280, 720) win_physical=(1280, 720) scale=1.0 app=2 base=2 flow=3 worldgen=5 readiness_profile=Stage5ReadinessProfile { require_vt4: true, require_vt5: true, require_preview: true, require_partial_metrics: true, require_world_frame: true, require_phase_f_proof: true, require_instanced_draw: true }
2026-05-23T04:28:10.101548Z  INFO visual_diag: VISUAL_DIAG sim_viewport frame=101 sim_valid=true sim_adequate=true sim_min=Vec2(0.0, 0.0) sim_max=Vec2(1280.0, 720.0) sim_wh=(1280, 720) measured_valid=true measured_wh=(1280, 720) committed_wh=(1280, 720) sim_held=true settle_streak=4 layout_settled=true frozen=true last_commit="hole_hold" pending_wh=(1280, 720) pending_min=Vec2(0.0, 0.0) pending_max=Vec2(1280.0, 720.0)
2026-05-23T04:28:10.101555Z  INFO visual_diag: VISUAL_DIAG camera frame=101 cam_desired_x=160.0 cam_desired_y=160.0 cam_zoom=2.0249998569488525 latch_hole=true render_hole=true latch_invalid_streak=0 latch_valid_streak=100 cam_scissor=Some((0, 0, 1280, 720)) ortho_fixed_w=632 ortho_fixed_h=356 map_view_px_w=1280 map_view_px_h=720 world_w=320 world_h=320
2026-05-23T04:28:10.101559Z  INFO visual_diag: VISUAL_DIAG resolved_viewports frame=101 resolved_rev=114 primary_valid=true primary_wh=(1280, 720) sim_resolved_valid=true sim_resolved_wh=(1280, 720) preview_valid=true preview_wh=(372, 362) minimap_valid=true minimap_wh=(397, 160) mismatch_preview=false mismatch_minimap=false mismatch_sim_map=false mismatch_stale_tex=false
2026-05-23T04:28:10.101563Z  INFO visual_diag: VISUAL_DIAG map_view_frames frame=101 world_preview_proj_rev=1554780161534 minimap_proj_rev=687223767846 sim_map_proj_rev=3092405454489
2026-05-23T04:28:10.101566Z  INFO visual_diag: VISUAL_DIAG map_presentation frame=101 wp_fit=Contain wp_viewport=UVec2(372, 362) wp_fit_scale=1.10595703125 wp_expected_fit_scale=1.10595703125 wp_zoom=1.0407500267028809 mm_fit=Cover mm_viewport=UVec2(397, 160) mm_fit_scale=1.2409179210662842
2026-05-23T04:28:10.101580Z  INFO visual_diag: VISUAL_DIAG render_spine frame=101 raster_rev=29 repr_band=0 repr_lod="LocalTactical" particle_rows_cap=262144 visual_intent="Strategic" visual_zoom_alpha=0.01843632385134697 fire_particle_rows=0 fire_particle_stamp=102 overlay_rev=2 overlay_chunk_cells=28 graph_fire_inst=0 graph_fire_heat=0 gpu_instance_rows=0 gpu_dispatch=1 gpu_draw=0
2026-05-23T04:28:10.101585Z  INFO visual_diag: VISUAL_DIAG perf frame=101 tile_raster_ms=0.0 tile_raster_ran=false world_repr_ms=0.013400000520050526 projection_graph_ms=0.0003000000142492354 domain_merge_ms=0.0 readiness_ms=0.02539999969303608 cpu_pre_egui_ms=0.0 cpu_egui_ms=0.0 cpu_post_egui_ms=0.0 gpu_gap_ms=0.0
2026-05-23T04:28:10.101589Z  INFO visual_diag: VISUAL_DIAG hud_shell frame=101 cmd_shell=false overlay_tray=false transmission=false
2026-05-23T04:28:10.101609Z  INFO perf: PERF wall=30.98 instr=0.04 gap=30.94 | cpu_pre_egui=28.89 cpu_egui=0.58 cpu_post_egui=1.51 gpu_gap=0.00 | spine=0.00 world_repr=0.01 graph=0.00 merge=0.00 atm=0.00 readiness=0.03 raster=0.00 (idle) | upd_attrib sum=5.92 pv_cpu=0.00 pv_gpu=0.00 fire=0.11 stream=5.65 map_fit=0.00 hud=0.16 wgen=0.00 | budget_sum=4.93 hud=0.16 overlay=0.00 raster_b=4.68 particles=0.00 residency=0.03 tex_reg=0.00 render_x=0.05 | stall first+preupd=0.04 update=0.00 post_dom=0.00 post_vt=0.02 postÔåÆready=0.00 ready=0.06 postÔåÆegui=7.38 egui=0.50 post_egui=1.44 | stall_hits=[after_tile_storage_apply:21.5,pre_egui:7.4]
2026-05-23T04:28:10.101620Z  INFO perf: PERF frame=31.0ms update=28.9ms egui=0.6ms preview=0.0ms streaming=5.6ms tile_apply=0.0ms viewport=0.0ms map_fit=0.0ms repr=0.0ms raster=0.0ms
2026-05-23T04:28:10.101624Z  INFO stall: STALL culprit=after_tile_storage_apply duration=21.5ms frame=31.0ms
2026-05-23T04:28:10.102987Z  INFO viewport_authority: VIEWPORT_AUTHORITY source=ResolvedViewport valid=true min=Vec2(0.0, 0.0) max=Vec2(1280.0, 720.0) w=1280.0 h=720.0
2026-05-23T04:28:10.104146Z  INFO construction_finish_todos: CONSTRUCTION_FINISH_COMPLETE done=8/8
2026-05-23T04:28:10.104155Z  INFO construction_round2_todos: CONSTRUCTION_ROUND2_COMPLETE done=15/15
2026-05-23T04:28:10.104160Z  INFO construction_round3_todos: CONSTRUCTION_ROUND3_COMPLETE done=27/27
2026-05-23T04:28:10.104163Z  INFO construction_operational_todos: CONSTRUCTION_OPERATIONAL_GREEN
2026-05-23T04:28:10.117209Z  INFO stage5_live_todos: STAGE5_MAP_CAMERA_HOOK post_mirror desired_xy=(160.00,160.00) zoom=2.0250 world_main_xy=(160.00,160.00) zoom=2.0250 bridge_drift=0.0000
2026-05-23T04:28:10.120959Z  INFO stage5_live_todos: STAGE5_FIRE_HOOK fire_visual_producer_count=1 (expect 1 for FIRE-01)
2026-05-23T04:28:10.123508Z  INFO stall: STALL after_tile_storage_apply: 21.54ms
2026-05-23T04:28:10.126616Z  INFO stage5_live_todos: STAGE5_SPINE_HOOK policy_present=true graph_present=true fence_committed=true fence_fire_tick=103 world_frame_present=true overlay_rev=2 overlay_chunk_cells=28 atm_partial_dispatch=1 atm_gpu_tex_uploads=0 atm_full_field_fallback=false
2026-05-23T04:28:10.130890Z  INFO industrial_activation_todos: INDUSTRIAL_ACTIVATION_GREEN
2026-05-23T04:28:10.130940Z  INFO stall: STALL pre_egui: 7.43ms
2026-05-23T04:28:10.130959Z  INFO viewport_authority: VIEWPORT_AUTHORITY source=UiMeasured valid=true min=Vec2(0.0, 0.0) max=Vec2(1280.0, 720.0) w=1280.0 h=720.0
2026-05-23T04:28:10.130966Z  INFO viewport_authority::solver: VIEWPORT_SOLVER_TARGET node=SimMapFill valid=true rect.source=SimMapFill w=1280.0 h=720.0
2026-05-23T04:28:10.130969Z  INFO viewport_authority: VIEWPORT_AUTHORITY source=LayoutSolver valid=true min=Vec2(0.0, 0.0) max=Vec2(1280.0, 720.0) w=1280.0 h=720.0
2026-05-23T04:28:10.130972Z  INFO viewport_authority: VIEWPORT_AUTHORITY source=LayoutSolver valid=true min=Vec2(0.0, 0.0) max=Vec2(1280.0, 720.0) w=1280.0 h=720.0
2026-05-23T04:28:10.130974Z  INFO viewport_authority: VIEWPORT_AUTHORITY source=UiCommitted valid=true min=Vec2(0.0, 0.0) max=Vec2(1280.0, 720.0) w=1280.0 h=720.0
2026-05-23T04:28:10.130990Z  INFO viewport_authority: VIEWPORT_AUTHORITY source=CameraApplied valid=true min=Vec2(0.0, 0.0) max=Vec2(1280.0, 720.0) w=1280.0 h=720.0
2026-05-23T04:28:10.131015Z  INFO stage5_live_todos: STAGE5_READINESS_HOOK passes=true violations_first=(none) producer_count=1
2026-05-23T04:28:10.131022Z  INFO visual_aidv2_live_todos: VISUAL_AID_V2_BOARD done=3/6 footprint_ok=false readability=true icons=0
2026-05-23T04:28:10.132440Z  INFO stage5_live_todos: STAGE5_GPU_HOOK indirect_instances=0 dispatch_count=0 draw_instances=0 (PHF-01 alignment)
2026-05-23T04:28:10.135016Z  INFO visual_diag: VISUAL_DIAG window frame=102 periodic=false win_logical=(1280, 720) win_physical=(1280, 720) scale=1.0 app=2 base=2 flow=3 worldgen=5 readiness_profile=Stage5ReadinessProfile { require_vt4: true, require_vt5: true, require_preview: true, require_partial_metrics: true, require_world_frame: true, require_phase_f_proof: true, require_instanced_draw: true }
2026-05-23T04:28:10.135029Z  INFO visual_diag: VISUAL_DIAG sim_viewport frame=102 sim_valid=true sim_adequate=true sim_min=Vec2(0.0, 0.0) sim_max=Vec2(1280.0, 720.0) sim_wh=(1280, 720) measured_valid=true measured_wh=(1280, 720) committed_wh=(1280, 720) sim_held=true settle_streak=4 layout_settled=true frozen=true last_commit="hole_hold" pending_wh=(1280, 720) pending_min=Vec2(0.0, 0.0) pending_max=Vec2(1280.0, 720.0)
2026-05-23T04:28:10.135036Z  INFO visual_diag: VISUAL_DIAG camera frame=102 cam_desired_x=160.0 cam_desired_y=160.0 cam_zoom=2.0249998569488525 latch_hole=true render_hole=true latch_invalid_streak=0 latch_valid_streak=101 cam_scissor=Some((0, 0, 1280, 720)) ortho_fixed_w=632 ortho_fixed_h=356 map_view_px_w=1280 map_view_px_h=720 world_w=320 world_h=320
2026-05-23T04:28:10.135041Z  INFO visual_diag: VISUAL_DIAG resolved_viewports frame=102 resolved_rev=114 primary_valid=true primary_wh=(1280, 720) sim_resolved_valid=true sim_resolved_wh=(1280, 720) preview_valid=true preview_wh=(372, 362) minimap_valid=true minimap_wh=(397, 160) mismatch_preview=false mismatch_minimap=false mismatch_sim_map=false mismatch_stale_tex=false
2026-05-23T04:28:10.135045Z  INFO visual_diag: VISUAL_DIAG map_view_frames frame=102 world_preview_proj_rev=1554780161534 minimap_proj_rev=687223767846 sim_map_proj_rev=3092405454489
2026-05-23T04:28:10.135048Z  INFO visual_diag: VISUAL_DIAG map_presentation frame=102 wp_fit=Contain wp_viewport=UVec2(372, 362) wp_fit_scale=1.10595703125 wp_expected_fit_scale=1.10595703125 wp_zoom=1.0407500267028809 mm_fit=Cover mm_viewport=UVec2(397, 160) mm_fit_scale=1.2409179210662842
2026-05-23T04:28:10.135053Z  INFO visual_diag: VISUAL_DIAG render_spine frame=102 raster_rev=29 repr_band=0 repr_lod="LocalTactical" particle_rows_cap=262144 visual_intent="Strategic" visual_zoom_alpha=0.01843632385134697 fire_particle_rows=0 fire_particle_stamp=103 overlay_rev=2 overlay_chunk_cells=28 graph_fire_inst=0 graph_fire_heat=0 gpu_instance_rows=0 gpu_dispatch=1 gpu_draw=0
2026-05-23T04:28:10.135058Z  INFO visual_diag: VISUAL_DIAG perf frame=102 tile_raster_ms=0.0 tile_raster_ran=false world_repr_ms=0.010300000198185444 projection_graph_ms=0.00020000000949949026 domain_merge_ms=0.00010000000474974513 readiness_ms=0.021300001069903374 cpu_pre_egui_ms=0.0 cpu_egui_ms=0.0 cpu_post_egui_ms=0.0 gpu_gap_ms=0.0
2026-05-23T04:28:10.135061Z  INFO visual_diag: VISUAL_DIAG hud_shell frame=102 cmd_shell=false overlay_tray=false transmission=false
2026-05-23T04:28:10.135084Z  INFO perf: PERF wall=33.14 instr=0.03 gap=33.11 | cpu_pre_egui=29.02 cpu_egui=0.60 cpu_post_egui=3.52 gpu_gap=0.00 | spine=0.00 world_repr=0.01 graph=0.00 merge=0.00 atm=0.00 readiness=0.02 raster=0.00 (idle) | upd_attrib sum=5.87 pv_cpu=0.00 pv_gpu=0.01 fire=0.09 stream=5.60 map_fit=0.00 hud=0.17 wgen=0.00 | budget_sum=4.93 hud=0.17 overlay=0.00 raster_b=4.68 particles=0.00 residency=0.03 tex_reg=0.00 render_x=0.05 | stall first+preupd=0.04 update=0.01 post_dom=0.01 post_vt=0.01 postÔåÆready=0.00 ready=0.06 postÔåÆegui=7.43 egui=0.52 post_egui=3.46 | stall_hits=[after_tile_storage_apply:21.5,pre_egui:7.4]
2026-05-23T04:28:10.135093Z  INFO perf: PERF frame=33.1ms update=29.0ms egui=0.6ms preview=0.0ms streaming=5.6ms tile_apply=0.0ms viewport=0.0ms map_fit=0.0ms repr=0.0ms raster=0.0ms
2026-05-23T04:28:10.135097Z  INFO stall: STALL culprit=after_tile_storage_apply duration=21.5ms frame=33.1ms
2026-05-23T04:28:10.135880Z  INFO test_harness::fire: test scene seeded shared overlay fire cells=28
2026-05-23T04:28:10.135895Z  INFO viewport_authority: VIEWPORT_AUTHORITY source=ResolvedViewport valid=true min=Vec2(0.0, 0.0) max=Vec2(1280.0, 720.0) w=1280.0 h=720.0
2026-05-23T04:28:10.136984Z  INFO construction_finish_todos: CONSTRUCTION_FINISH_COMPLETE done=8/8
2026-05-23T04:28:10.136996Z  INFO construction_round2_todos: CONSTRUCTION_ROUND2_COMPLETE done=15/15
2026-05-23T04:28:10.137001Z  INFO construction_round3_todos: CONSTRUCTION_ROUND3_COMPLETE done=27/27
2026-05-23T04:28:10.137006Z  INFO construction_operational_todos: CONSTRUCTION_OPERATIONAL_GREEN
2026-05-23T04:28:10.148803Z  INFO stage5_live_todos: STAGE5_MAP_CAMERA_HOOK post_mirror desired_xy=(160.00,160.00) zoom=2.0250 world_main_xy=(160.00,160.00) zoom=2.0250 bridge_drift=0.0000
2026-05-23T04:28:10.155060Z  INFO stage5_live_todos: STAGE5_FIRE_HOOK fire_visual_producer_count=1 (expect 1 for FIRE-01)
2026-05-23T04:28:10.157635Z  INFO stall: STALL after_tile_storage_apply: 22.19ms
2026-05-23T04:28:10.160700Z  INFO stage5_live_todos: STAGE5_SPINE_HOOK policy_present=true graph_present=true fence_committed=true fence_fire_tick=104 world_frame_present=true overlay_rev=3 overlay_chunk_cells=28 atm_partial_dispatch=1 atm_gpu_tex_uploads=0 atm_full_field_fallback=false
2026-05-23T04:28:10.175123Z  INFO industrial_activation_todos: INDUSTRIAL_ACTIVATION_GREEN
2026-05-23T04:28:10.175183Z  INFO stall: STALL pre_egui: 17.55ms
2026-05-23T04:28:10.175194Z  INFO viewport_authority: VIEWPORT_AUTHORITY source=UiMeasured valid=true min=Vec2(0.0, 0.0) max=Vec2(1280.0, 720.0) w=1280.0 h=720.0
2026-05-23T04:28:10.175201Z  INFO viewport_authority::solver: VIEWPORT_SOLVER_TARGET node=SimMapFill valid=true rect.source=SimMapFill w=1280.0 h=720.0
2026-05-23T04:28:10.175204Z  INFO viewport_authority: VIEWPORT_AUTHORITY source=LayoutSolver valid=true min=Vec2(0.0, 0.0) max=Vec2(1280.0, 720.0) w=1280.0 h=720.0
2026-05-23T04:28:10.175207Z  INFO viewport_authority: VIEWPORT_AUTHORITY source=LayoutSolver valid=true min=Vec2(0.0, 0.0) max=Vec2(1280.0, 720.0) w=1280.0 h=720.0
2026-05-23T04:28:10.175210Z  INFO viewport_authority: VIEWPORT_AUTHORITY source=UiCommitted valid=true min=Vec2(0.0, 0.0) max=Vec2(1280.0, 720.0) w=1280.0 h=720.0
2026-05-23T04:28:10.175226Z  INFO viewport_authority: VIEWPORT_AUTHORITY source=CameraApplied valid=true min=Vec2(0.0, 0.0) max=Vec2(1280.0, 720.0) w=1280.0 h=720.0
2026-05-23T04:28:10.175256Z  INFO stage5_live_todos: STAGE5_READINESS_HOOK passes=true violations_first=(none) producer_count=1
2026-05-23T04:28:10.175267Z  INFO visual_aidv2_live_todos: VISUAL_AID_V2_BOARD done=3/6 footprint_ok=false readability=true icons=0
2026-05-23T04:28:10.176834Z  INFO stage5_live_todos: STAGE5_GPU_HOOK indirect_instances=0 dispatch_count=0 draw_instances=0 (PHF-01 alignment)
2026-05-23T04:28:10.177423Z  INFO visual_diag: VISUAL_DIAG window frame=103 periodic=false win_logical=(1280, 720) win_physical=(1280, 720) scale=1.0 app=2 base=2 flow=3 worldgen=5 readiness_profile=Stage5ReadinessProfile { require_vt4: true, require_vt5: true, require_preview: true, require_partial_metrics: true, require_world_frame: true, require_phase_f_proof: true, require_instanced_draw: true }
2026-05-23T04:28:10.177425Z  INFO sim_view_sync: SIM_VIEW_SYNC frame=103 win_logical=(1280, 720) win_physical=(1280, 720) sim_valid=true sim_adequate=true sim_min=Vec2(0.0, 0.0) sim_max=Vec2(1280.0, 720.0) measured_valid=true measured_wh=Vec2(1280.0, 720.0) committed_wh=Vec2(1280.0, 720.0) sim_wh=Vec2(1280.0, 720.0) settle_streak=4 layout_settled=true sim_held=true last_commit="hole_hold" frozen=true pending_wh=Vec2(1280.0, 720.0) cam_hole=true render_hole=true cam_invalid_streak=0 cam_valid_streak=102 cam_scissor=Some((0, 0, 1280, 720)) ortho_fixed_wh=(632, 356) map_view_px=(1280, 720) raster_rev=30 resolved_rev=114 app=2 base=2 flow=3 worldgen=5 cmd_shell=false overlay_tray=false transmission=false rect_sanity_issues=0 left_stack_collapsed=true map_cam_scale=Vec3(2.0249999, 2.0249999, 2.0249999) minimap_visible=true
2026-05-23T04:28:10.177436Z  INFO visual_diag: VISUAL_DIAG sim_viewport frame=103 sim_valid=true sim_adequate=true sim_min=Vec2(0.0, 0.0) sim_max=Vec2(1280.0, 720.0) sim_wh=(1280, 720) measured_valid=true measured_wh=(1280, 720) committed_wh=(1280, 720) sim_held=true settle_streak=4 layout_settled=true frozen=true last_commit="hole_hold" pending_wh=(1280, 720) pending_min=Vec2(0.0, 0.0) pending_max=Vec2(1280.0, 720.0)
2026-05-23T04:28:10.177447Z  INFO visual_diag: VISUAL_DIAG camera frame=103 cam_desired_x=160.0 cam_desired_y=160.0 cam_zoom=2.0249998569488525 latch_hole=true render_hole=true latch_invalid_streak=0 latch_valid_streak=102 cam_scissor=Some((0, 0, 1280, 720)) ortho_fixed_w=632 ortho_fixed_h=356 map_view_px_w=1280 map_view_px_h=720 world_w=320 world_h=320
2026-05-23T04:28:10.177451Z  INFO visual_diag: VISUAL_DIAG resolved_viewports frame=103 resolved_rev=114 primary_valid=true primary_wh=(1280, 720) sim_resolved_valid=true sim_resolved_wh=(1280, 720) preview_valid=true preview_wh=(372, 362) minimap_valid=true minimap_wh=(397, 160) mismatch_preview=false mismatch_minimap=false mismatch_sim_map=false mismatch_stale_tex=false
2026-05-23T04:28:10.177455Z  INFO visual_diag: VISUAL_DIAG map_view_frames frame=103 world_preview_proj_rev=1554780161534 minimap_proj_rev=687223767846 sim_map_proj_rev=3092405454489
2026-05-23T04:28:10.177458Z  INFO visual_diag: VISUAL_DIAG map_presentation frame=103 wp_fit=Contain wp_viewport=UVec2(372, 362) wp_fit_scale=1.10595703125 wp_expected_fit_scale=1.10595703125 wp_zoom=1.0407500267028809 mm_fit=Cover mm_viewport=UVec2(397, 160) mm_fit_scale=1.2409179210662842
2026-05-23T04:28:10.177465Z  INFO visual_diag: VISUAL_DIAG render_spine frame=103 raster_rev=30 repr_band=0 repr_lod="LocalTactical" particle_rows_cap=262144 visual_intent="Strategic" visual_zoom_alpha=0.01843632385134697 fire_particle_rows=0 fire_particle_stamp=104 overlay_rev=3 overlay_chunk_cells=28 graph_fire_inst=0 graph_fire_heat=0 gpu_instance_rows=0 gpu_dispatch=1 gpu_draw=0
2026-05-23T04:28:10.177470Z  INFO visual_diag: VISUAL_DIAG perf frame=103 tile_raster_ms=13.249199867248535 tile_raster_ran=true world_repr_ms=0.008500000461935997 projection_graph_ms=0.00020000000949949026 domain_merge_ms=0.0 readiness_ms=0.026000000536441803 cpu_pre_egui_ms=0.0 cpu_egui_ms=0.0 cpu_post_egui_ms=0.0 gpu_gap_ms=0.0
2026-05-23T04:28:10.177474Z  INFO visual_diag: VISUAL_DIAG hud_shell frame=103 cmd_shell=false overlay_tray=false transmission=false
2026-05-23T04:28:10.177501Z  INFO perf: PERF wall=42.08 instr=13.28 gap=28.79 | cpu_pre_egui=39.78 cpu_egui=0.66 cpu_post_egui=1.63 gpu_gap=0.00 | spine=0.00 world_repr=0.01 graph=0.00 merge=0.00 atm=0.00 readiness=0.03 raster=13.25 | upd_attrib sum=5.89 pv_cpu=0.00 pv_gpu=0.01 fire=0.08 stream=5.59 map_fit=0.00 hud=0.21 wgen=0.00 | budget_sum=13.54 hud=0.21 overlay=0.00 raster_b=13.25 particles=0.00 residency=0.03 tex_reg=0.00 render_x=0.05 | stall first+preupd=0.04 update=0.01 post_dom=0.00 post_vt=0.01 postÔåÆready=0.00 ready=0.07 postÔåÆegui=17.55 egui=0.57 post_egui=1.57 | stall_hits=[after_tile_storage_apply:22.2,pre_egui:17.5]
2026-05-23T04:28:10.177507Z  INFO perf: PERF frame=42.1ms update=39.8ms egui=0.7ms preview=0.0ms streaming=5.6ms tile_apply=0.0ms viewport=0.0ms map_fit=0.0ms repr=0.0ms raster=13.2ms
2026-05-23T04:28:10.177510Z  INFO stall: STALL culprit=after_tile_storage_apply duration=22.2ms frame=42.1ms
2026-05-23T04:28:10.180175Z  INFO viewport_authority: VIEWPORT_AUTHORITY source=ResolvedViewport valid=true min=Vec2(0.0, 0.0) max=Vec2(1280.0, 720.0) w=1280.0 h=720.0
2026-05-23T04:28:10.181392Z  INFO construction_finish_todos: CONSTRUCTION_FINISH_COMPLETE done=8/8
2026-05-23T04:28:10.181403Z  INFO construction_round2_todos: CONSTRUCTION_ROUND2_COMPLETE done=15/15
2026-05-23T04:28:10.181408Z  INFO construction_round3_todos: CONSTRUCTION_ROUND3_COMPLETE done=27/27
2026-05-23T04:28:10.181413Z  INFO construction_operational_todos: CONSTRUCTION_OPERATIONAL_GREEN
2026-05-23T04:28:10.197152Z  INFO stage5_live_todos: STAGE5_MAP_CAMERA_HOOK post_mirror desired_xy=(160.00,160.00) zoom=2.0250 world_main_xy=(160.00,160.00) zoom=2.0250 bridge_drift=0.0000
2026-05-23T04:28:10.200948Z  INFO stage5_live_todos: STAGE5_FIRE_HOOK fire_visual_producer_count=1 (expect 1 for FIRE-01)
2026-05-23T04:28:10.203540Z  INFO stall: STALL after_tile_storage_apply: 23.73ms
2026-05-23T04:28:10.206613Z  INFO stage5_live_todos: STAGE5_SPINE_HOOK policy_present=true graph_present=true fence_committed=true fence_fire_tick=105 world_frame_present=true overlay_rev=3 overlay_chunk_cells=28 atm_partial_dispatch=1 atm_gpu_tex_uploads=0 atm_full_field_fallback=false
2026-05-23T04:28:10.210933Z  INFO industrial_activation_todos: INDUSTRIAL_ACTIVATION_GREEN
2026-05-23T04:28:10.210986Z  INFO stall: STALL pre_egui: 7.44ms
2026-05-23T04:28:10.210996Z  INFO viewport_authority: VIEWPORT_AUTHORITY source=UiMeasured valid=true min=Vec2(0.0, 0.0) max=Vec2(1280.0, 720.0) w=1280.0 h=720.0
2026-05-23T04:28:10.211007Z  INFO viewport_authority::solver: VIEWPORT_SOLVER_TARGET node=SimMapFill valid=true rect.source=SimMapFill w=1280.0 h=720.0
2026-05-23T04:28:10.211011Z  INFO viewport_authority: VIEWPORT_AUTHORITY source=LayoutSolver valid=true min=Vec2(0.0, 0.0) max=Vec2(1280.0, 720.0) w=1280.0 h=720.0
2026-05-23T04:28:10.211014Z  INFO viewport_authority: VIEWPORT_AUTHORITY source=LayoutSolver valid=true min=Vec2(0.0, 0.0) max=Vec2(1280.0, 720.0) w=1280.0 h=720.0
2026-05-23T04:28:10.211018Z  INFO viewport_authority: VIEWPORT_AUTHORITY source=UiCommitted valid=true min=Vec2(0.0, 0.0) max=Vec2(1280.0, 720.0) w=1280.0 h=720.0
2026-05-23T04:28:10.211031Z  INFO viewport_authority: VIEWPORT_AUTHORITY source=CameraApplied valid=true min=Vec2(0.0, 0.0) max=Vec2(1280.0, 720.0) w=1280.0 h=720.0
2026-05-23T04:28:10.213122Z  INFO stage5_live_todos: STAGE5_READINESS_HOOK passes=true violations_first=(none) producer_count=1
2026-05-23T04:28:10.213132Z  INFO visual_aidv2_live_todos: VISUAL_AID_V2_BOARD done=3/6 footprint_ok=false readability=true icons=0
2026-05-23T04:28:10.214657Z  INFO stage5_live_todos: STAGE5_GPU_HOOK indirect_instances=0 dispatch_count=0 draw_instances=0 (PHF-01 alignment)
2026-05-23T04:28:10.216664Z  INFO visual_diag: VISUAL_DIAG window frame=104 periodic=false win_logical=(1280, 720) win_physical=(1280, 720) scale=1.0 app=2 base=2 flow=3 worldgen=5 readiness_profile=Stage5ReadinessProfile { require_vt4: true, require_vt5: true, require_preview: true, require_partial_metrics: true, require_world_frame: true, require_phase_f_proof: true, require_instanced_draw: true }
2026-05-23T04:28:10.216676Z  INFO visual_diag: VISUAL_DIAG sim_viewport frame=104 sim_valid=true sim_adequate=true sim_min=Vec2(0.0, 0.0) sim_max=Vec2(1280.0, 720.0) sim_wh=(1280, 720) measured_valid=true measured_wh=(1280, 720) committed_wh=(1280, 720) sim_held=true settle_streak=4 layout_settled=true frozen=true last_commit="hole_hold" pending_wh=(1280, 720) pending_min=Vec2(0.0, 0.0) pending_max=Vec2(1280.0, 720.0)
2026-05-23T04:28:10.216682Z  INFO visual_diag: VISUAL_DIAG camera frame=104 cam_desired_x=160.0 cam_desired_y=160.0 cam_zoom=2.0249998569488525 latch_hole=true render_hole=true latch_invalid_streak=0 latch_valid_streak=103 cam_scissor=Some((0, 0, 1280, 720)) ortho_fixed_w=632 ortho_fixed_h=356 map_view_px_w=1280 map_view_px_h=720 world_w=320 world_h=320
2026-05-23T04:28:10.216688Z  INFO visual_diag: VISUAL_DIAG resolved_viewports frame=104 resolved_rev=114 primary_valid=true primary_wh=(1280, 720) sim_resolved_valid=true sim_resolved_wh=(1280, 720) preview_valid=true preview_wh=(372, 362) minimap_valid=true minimap_wh=(397, 160) mismatch_preview=false mismatch_minimap=false mismatch_sim_map=false mismatch_stale_tex=false
2026-05-23T04:28:10.216692Z  INFO visual_diag: VISUAL_DIAG map_view_frames frame=104 world_preview_proj_rev=1554780161534 minimap_proj_rev=687224767849 sim_map_proj_rev=3092406454492
2026-05-23T04:28:10.216696Z  INFO visual_diag: VISUAL_DIAG map_presentation frame=104 wp_fit=Contain wp_viewport=UVec2(372, 362) wp_fit_scale=1.10595703125 wp_expected_fit_scale=1.10595703125 wp_zoom=1.0407500267028809 mm_fit=Cover mm_viewport=UVec2(397, 160) mm_fit_scale=1.2409179210662842
2026-05-23T04:28:10.216702Z  INFO visual_diag: VISUAL_DIAG render_spine frame=104 raster_rev=30 repr_band=0 repr_lod="LocalTactical" particle_rows_cap=262144 visual_intent="Strategic" visual_zoom_alpha=0.01843632385134697 fire_particle_rows=0 fire_particle_stamp=105 overlay_rev=3 overlay_chunk_cells=28 graph_fire_inst=0 graph_fire_heat=0 gpu_instance_rows=0 gpu_dispatch=1 gpu_draw=0
2026-05-23T04:28:10.216707Z  INFO visual_diag: VISUAL_DIAG perf frame=104 tile_raster_ms=0.4634000062942505 tile_raster_ran=true world_repr_ms=0.009999999776482582 projection_graph_ms=0.0004000000189989805 domain_merge_ms=0.00010000000474974513 readiness_ms=0.026399999856948853 cpu_pre_egui_ms=0.0 cpu_egui_ms=0.0 cpu_post_egui_ms=0.0 gpu_gap_ms=0.0
2026-05-23T04:28:10.216711Z  INFO visual_diag: VISUAL_DIAG hud_shell frame=104 cmd_shell=false overlay_tray=false transmission=false
2026-05-23T04:28:10.216740Z  INFO perf: PERF wall=36.97 instr=0.50 gap=36.47 | cpu_pre_egui=31.24 cpu_egui=2.69 cpu_post_egui=3.04 gpu_gap=0.00 | spine=0.00 world_repr=0.01 graph=0.00 merge=0.00 atm=0.00 readiness=0.03 raster=0.46 | upd_attrib sum=5.88 pv_cpu=0.00 pv_gpu=0.00 fire=0.10 stream=5.61 map_fit=0.00 hud=0.16 wgen=0.00 | budget_sum=0.71 hud=0.16 overlay=0.00 raster_b=0.46 particles=0.00 residency=0.03 tex_reg=0.00 render_x=0.05 | egui_unbudgeted=2.53 | stall first+preupd=0.05 update=0.00 post_dom=0.01 post_vt=0.02 postÔåÆready=0.00 ready=2.13 postÔåÆegui=7.44 egui=0.53 post_egui=2.98 | stall_hits=[after_tile_storage_apply:23.7,pre_egui:7.4]
2026-05-23T04:28:10.216755Z  INFO perf: PERF frame=37.0ms update=31.2ms egui=2.7ms preview=0.0ms streaming=5.6ms tile_apply=0.0ms viewport=0.0ms map_fit=0.0ms repr=0.0ms raster=0.5ms
2026-05-23T04:28:10.216759Z  INFO stall: STALL culprit=after_tile_storage_apply duration=23.7ms frame=37.0ms
2026-05-23T04:28:10.217757Z  INFO viewport_authority: VIEWPORT_AUTHORITY source=ResolvedViewport valid=true min=Vec2(0.0, 0.0) max=Vec2(1280.0, 720.0) w=1280.0 h=720.0
2026-05-23T04:28:10.219132Z  INFO construction_finish_todos: CONSTRUCTION_FINISH_COMPLETE done=8/8
2026-05-23T04:28:10.219147Z  INFO construction_round2_todos: CONSTRUCTION_ROUND2_COMPLETE done=15/15
2026-05-23T04:28:10.219154Z  INFO construction_round3_todos: CONSTRUCTION_ROUND3_COMPLETE done=27/27
2026-05-23T04:28:10.219161Z  INFO construction_operational_todos: CONSTRUCTION_OPERATIONAL_GREEN
2026-05-23T04:28:10.230952Z  INFO stage5_live_todos: STAGE5_MAP_CAMERA_HOOK post_mirror desired_xy=(160.00,160.00) zoom=2.0250 world_main_xy=(160.00,160.00) zoom=2.0250 bridge_drift=0.0000
2026-05-23T04:28:10.235339Z  INFO stage5_live_todos: STAGE5_FIRE_HOOK fire_visual_producer_count=1 (expect 1 for FIRE-01)
2026-05-23T04:28:10.238084Z  INFO stall: STALL after_tile_storage_apply: 20.86ms
2026-05-23T04:28:10.241183Z  INFO stage5_live_todos: STAGE5_SPINE_HOOK policy_present=true graph_present=true fence_committed=true fence_fire_tick=106 world_frame_present=true overlay_rev=3 overlay_chunk_cells=28 atm_partial_dispatch=1 atm_gpu_tex_uploads=0 atm_full_field_fallback=false
2026-05-23T04:28:10.244161Z  INFO industrial_activation_todos: INDUSTRIAL_ACTIVATION_GREEN
2026-05-23T04:28:10.244211Z  INFO stall: STALL pre_egui: 6.13ms
2026-05-23T04:28:10.244217Z  INFO viewport_authority: VIEWPORT_AUTHORITY source=UiMeasured valid=true min=Vec2(0.0, 0.0) max=Vec2(1280.0, 720.0) w=1280.0 h=720.0
2026-05-23T04:28:10.244225Z  INFO viewport_authority::solver: VIEWPORT_SOLVER_TARGET node=SimMapFill valid=true rect.source=SimMapFill w=1280.0 h=720.0
2026-05-23T04:28:10.244229Z  INFO viewport_authority: VIEWPORT_AUTHORITY source=LayoutSolver valid=true min=Vec2(0.0, 0.0) max=Vec2(1280.0, 720.0) w=1280.0 h=720.0
2026-05-23T04:28:10.244232Z  INFO viewport_authority: VIEWPORT_AUTHORITY source=LayoutSolver valid=true min=Vec2(0.0, 0.0) max=Vec2(1280.0, 720.0) w=1280.0 h=720.0
2026-05-23T04:28:10.244234Z  INFO viewport_authority: VIEWPORT_AUTHORITY source=UiCommitted valid=true min=Vec2(0.0, 0.0) max=Vec2(1280.0, 720.0) w=1280.0 h=720.0
2026-05-23T04:28:10.244249Z  INFO viewport_authority: VIEWPORT_AUTHORITY source=CameraApplied valid=true min=Vec2(0.0, 0.0) max=Vec2(1280.0, 720.0) w=1280.0 h=720.0
2026-05-23T04:28:10.244272Z  INFO stage5_live_todos: STAGE5_READINESS_HOOK passes=true violations_first=(none) producer_count=1
2026-05-23T04:28:10.244281Z  INFO visual_aidv2_live_todos: VISUAL_AID_V2_BOARD done=3/6 footprint_ok=false readability=true icons=0
2026-05-23T04:28:10.245434Z  INFO stage5_live_todos: STAGE5_GPU_HOOK indirect_instances=0 dispatch_count=0 draw_instances=0 (PHF-01 alignment)
2026-05-23T04:28:10.245911Z  INFO visual_diag: VISUAL_DIAG window frame=105 periodic=false win_logical=(1280, 720) win_physical=(1280, 720) scale=1.0 app=2 base=2 flow=3 worldgen=5 readiness_profile=Stage5ReadinessProfile { require_vt4: true, require_vt5: true, require_preview: true, require_partial_metrics: true, require_world_frame: true, require_phase_f_proof: true, require_instanced_draw: true }
2026-05-23T04:28:10.245921Z  INFO visual_diag: VISUAL_DIAG sim_viewport frame=105 sim_valid=true sim_adequate=true sim_min=Vec2(0.0, 0.0) sim_max=Vec2(1280.0, 720.0) sim_wh=(1280, 720) measured_valid=true measured_wh=(1280, 720) committed_wh=(1280, 720) sim_held=true settle_streak=4 layout_settled=true frozen=true last_commit="hole_hold" pending_wh=(1280, 720) pending_min=Vec2(0.0, 0.0) pending_max=Vec2(1280.0, 720.0)
2026-05-23T04:28:10.245927Z  INFO visual_diag: VISUAL_DIAG camera frame=105 cam_desired_x=160.0 cam_desired_y=160.0 cam_zoom=2.0249998569488525 latch_hole=true render_hole=true latch_invalid_streak=0 latch_valid_streak=104 cam_scissor=Some((0, 0, 1280, 720)) ortho_fixed_w=632 ortho_fixed_h=356 map_view_px_w=1280 map_view_px_h=720 world_w=320 world_h=320
2026-05-23T04:28:10.245931Z  INFO visual_diag: VISUAL_DIAG resolved_viewports frame=105 resolved_rev=114 primary_valid=true primary_wh=(1280, 720) sim_resolved_valid=true sim_resolved_wh=(1280, 720) preview_valid=true preview_wh=(372, 362) minimap_valid=true minimap_wh=(397, 160) mismatch_preview=false mismatch_minimap=false mismatch_sim_map=false mismatch_stale_tex=false
2026-05-23T04:28:10.245935Z  INFO visual_diag: VISUAL_DIAG map_view_frames frame=105 world_preview_proj_rev=1554780161534 minimap_proj_rev=687224767849 sim_map_proj_rev=3092406454492
2026-05-23T04:28:10.245938Z  INFO visual_diag: VISUAL_DIAG map_presentation frame=105 wp_fit=Contain wp_viewport=UVec2(372, 362) wp_fit_scale=1.10595703125 wp_expected_fit_scale=1.10595703125 wp_zoom=1.0407500267028809 mm_fit=Cover mm_viewport=UVec2(397, 160) mm_fit_scale=1.2409179210662842
2026-05-23T04:28:10.245943Z  INFO visual_diag: VISUAL_DIAG render_spine frame=105 raster_rev=30 repr_band=0 repr_lod="LocalTactical" particle_rows_cap=262144 visual_intent="Strategic" visual_zoom_alpha=0.01843632385134697 fire_particle_rows=0 fire_particle_stamp=106 overlay_rev=3 overlay_chunk_cells=28 graph_fire_inst=0 graph_fire_heat=0 gpu_instance_rows=0 gpu_dispatch=1 gpu_draw=0
2026-05-23T04:28:10.245947Z  INFO visual_diag: VISUAL_DIAG perf frame=105 tile_raster_ms=0.0 tile_raster_ran=false world_repr_ms=0.011799999512732029 projection_graph_ms=0.0003000000142492354 domain_merge_ms=0.0 readiness_ms=0.023099999874830246 cpu_pre_egui_ms=0.0 cpu_egui_ms=0.0 cpu_post_egui_ms=0.0 gpu_gap_ms=0.0
2026-05-23T04:28:10.245951Z  INFO visual_diag: VISUAL_DIAG hud_shell frame=105 cmd_shell=false overlay_tray=false transmission=false
2026-05-23T04:28:10.245974Z  INFO perf: PERF wall=28.79 instr=0.04 gap=28.76 | cpu_pre_egui=27.05 cpu_egui=0.46 cpu_post_egui=1.29 gpu_gap=0.00 | spine=0.00 world_repr=0.01 graph=0.00 merge=0.00 atm=0.00 readiness=0.02 raster=0.00 (idle) | upd_attrib sum=6.00 pv_cpu=0.00 pv_gpu=0.00 fire=0.09 stream=5.79 map_fit=0.00 hud=0.11 wgen=0.00 | budget_sum=0.66 hud=0.11 overlay=0.00 raster_b=0.46 particles=0.00 residency=0.03 tex_reg=0.00 render_x=0.05 | stall first+preupd=0.05 update=0.00 post_dom=0.00 post_vt=0.01 postÔåÆready=0.00 ready=0.06 postÔåÆegui=6.13 egui=0.38 post_egui=1.23 | stall_hits=[after_tile_storage_apply:20.9,pre_egui:6.1]
2026-05-23T04:28:10.245983Z  INFO perf: PERF frame=28.8ms update=27.0ms egui=0.5ms preview=0.0ms streaming=5.8ms tile_apply=0.0ms viewport=0.0ms map_fit=0.0ms repr=0.0ms raster=0.0ms
2026-05-23T04:28:10.245987Z  INFO stall: STALL culprit=after_tile_storage_apply duration=20.9ms frame=28.8ms
2026-05-23T04:28:10.248751Z  INFO viewport_authority: VIEWPORT_AUTHORITY source=ResolvedViewport valid=true min=Vec2(0.0, 0.0) max=Vec2(1280.0, 720.0) w=1280.0 h=720.0
2026-05-23T04:28:10.249675Z  INFO construction_finish_todos: CONSTRUCTION_FINISH_COMPLETE done=8/8
2026-05-23T04:28:10.249682Z  INFO construction_round2_todos: CONSTRUCTION_ROUND2_COMPLETE done=15/15
2026-05-23T04:28:10.249686Z  INFO construction_round3_todos: CONSTRUCTION_ROUND3_COMPLETE done=27/27
2026-05-23T04:28:10.249689Z  INFO construction_operational_todos: CONSTRUCTION_OPERATIONAL_GREEN
2026-05-23T04:28:10.265985Z  INFO stage5_live_todos: STAGE5_MAP_CAMERA_HOOK post_mirror desired_xy=(160.00,160.00) zoom=2.0250 world_main_xy=(160.00,160.00) zoom=2.0250 bridge_drift=0.0000
2026-05-23T04:28:10.270779Z  INFO stage5_live_todos: STAGE5_FIRE_HOOK fire_visual_producer_count=1 (expect 1 for FIRE-01)
2026-05-23T04:28:10.273398Z  INFO stall: STALL after_tile_storage_apply: 27.12ms
2026-05-23T04:28:10.276472Z  INFO stage5_live_todos: STAGE5_SPINE_HOOK policy_present=true graph_present=true fence_committed=true fence_fire_tick=107 world_frame_present=true overlay_rev=3 overlay_chunk_cells=28 atm_partial_dispatch=1 atm_gpu_tex_uploads=0 atm_full_field_fallback=false
2026-05-23T04:28:10.280658Z  INFO industrial_activation_todos: INDUSTRIAL_ACTIVATION_GREEN
2026-05-23T04:28:10.280703Z  INFO stall: STALL pre_egui: 7.31ms
2026-05-23T04:28:10.280709Z  INFO viewport_authority: VIEWPORT_AUTHORITY source=UiMeasured valid=true min=Vec2(0.0, 0.0) max=Vec2(1280.0, 720.0) w=1280.0 h=720.0
2026-05-23T04:28:10.280724Z  INFO viewport_authority::solver: VIEWPORT_SOLVER_TARGET node=SimMapFill valid=true rect.source=SimMapFill w=1280.0 h=720.0
2026-05-23T04:28:10.280727Z  INFO viewport_authority: VIEWPORT_AUTHORITY source=LayoutSolver valid=true min=Vec2(0.0, 0.0) max=Vec2(1280.0, 720.0) w=1280.0 h=720.0
2026-05-23T04:28:10.280730Z  INFO viewport_authority: VIEWPORT_AUTHORITY source=LayoutSolver valid=true min=Vec2(0.0, 0.0) max=Vec2(1280.0, 720.0) w=1280.0 h=720.0
2026-05-23T04:28:10.280733Z  INFO viewport_authority: VIEWPORT_AUTHORITY source=UiCommitted valid=true min=Vec2(0.0, 0.0) max=Vec2(1280.0, 720.0) w=1280.0 h=720.0
2026-05-23T04:28:10.280749Z  INFO viewport_authority: VIEWPORT_AUTHORITY source=CameraApplied valid=true min=Vec2(0.0, 0.0) max=Vec2(1280.0, 720.0) w=1280.0 h=720.0
2026-05-23T04:28:10.280776Z  INFO stage5_live_todos: STAGE5_READINESS_HOOK passes=true violations_first=(none) producer_count=1
2026-05-23T04:28:10.280786Z  INFO visual_aidv2_live_todos: VISUAL_AID_V2_BOARD done=3/6 footprint_ok=false readability=true icons=0
2026-05-23T04:28:10.282208Z  INFO stage5_live_todos: STAGE5_GPU_HOOK indirect_instances=0 dispatch_count=0 draw_instances=0 (PHF-01 alignment)
2026-05-23T04:28:10.282740Z  INFO visual_diag: VISUAL_DIAG window frame=106 periodic=false win_logical=(1280, 720) win_physical=(1280, 720) scale=1.0 app=2 base=2 flow=3 worldgen=5 readiness_profile=Stage5ReadinessProfile { require_vt4: true, require_vt5: true, require_preview: true, require_partial_metrics: true, require_world_frame: true, require_phase_f_proof: true, require_instanced_draw: true }
2026-05-23T04:28:10.282752Z  INFO visual_diag: VISUAL_DIAG sim_viewport frame=106 sim_valid=true sim_adequate=true sim_min=Vec2(0.0, 0.0) sim_max=Vec2(1280.0, 720.0) sim_wh=(1280, 720) measured_valid=true measured_wh=(1280, 720) committed_wh=(1280, 720) sim_held=true settle_streak=4 layout_settled=true frozen=true last_commit="hole_hold" pending_wh=(1280, 720) pending_min=Vec2(0.0, 0.0) pending_max=Vec2(1280.0, 720.0)
2026-05-23T04:28:10.282759Z  INFO visual_diag: VISUAL_DIAG camera frame=106 cam_desired_x=160.0 cam_desired_y=160.0 cam_zoom=2.0249998569488525 latch_hole=true render_hole=true latch_invalid_streak=0 latch_valid_streak=105 cam_scissor=Some((0, 0, 1280, 720)) ortho_fixed_w=632 ortho_fixed_h=356 map_view_px_w=1280 map_view_px_h=720 world_w=320 world_h=320
2026-05-23T04:28:10.282763Z  INFO visual_diag: VISUAL_DIAG resolved_viewports frame=106 resolved_rev=114 primary_valid=true primary_wh=(1280, 720) sim_resolved_valid=true sim_resolved_wh=(1280, 720) preview_valid=true preview_wh=(372, 362) minimap_valid=true minimap_wh=(397, 160) mismatch_preview=false mismatch_minimap=false mismatch_sim_map=false mismatch_stale_tex=false
2026-05-23T04:28:10.282768Z  INFO visual_diag: VISUAL_DIAG map_view_frames frame=106 world_preview_proj_rev=1554780161534 minimap_proj_rev=687224767849 sim_map_proj_rev=3092406454492
2026-05-23T04:28:10.282772Z  INFO visual_diag: VISUAL_DIAG map_presentation frame=106 wp_fit=Contain wp_viewport=UVec2(372, 362) wp_fit_scale=1.10595703125 wp_expected_fit_scale=1.10595703125 wp_zoom=1.0407500267028809 mm_fit=Cover mm_viewport=UVec2(397, 160) mm_fit_scale=1.2409179210662842
2026-05-23T04:28:10.282778Z  INFO visual_diag: VISUAL_DIAG render_spine frame=106 raster_rev=30 repr_band=0 repr_lod="LocalTactical" particle_rows_cap=262144 visual_intent="Strategic" visual_zoom_alpha=0.01843632385134697 fire_particle_rows=0 fire_particle_stamp=107 overlay_rev=3 overlay_chunk_cells=28 graph_fire_inst=0 graph_fire_heat=0 gpu_instance_rows=0 gpu_dispatch=1 gpu_draw=0
2026-05-23T04:28:10.282782Z  INFO visual_diag: VISUAL_DIAG perf frame=106 tile_raster_ms=0.0 tile_raster_ran=false world_repr_ms=0.012000000104308128 projection_graph_ms=0.0006000000284984708 domain_merge_ms=0.0 readiness_ms=0.025499999523162842 cpu_pre_egui_ms=0.0 cpu_egui_ms=0.0 cpu_post_egui_ms=0.0 gpu_gap_ms=0.0
2026-05-23T04:28:10.282786Z  INFO visual_diag: VISUAL_DIAG hud_shell frame=106 cmd_shell=false overlay_tray=false transmission=false
2026-05-23T04:28:10.282809Z  INFO perf: PERF wall=36.55 instr=0.04 gap=36.52 | cpu_pre_egui=34.47 cpu_egui=0.60 cpu_post_egui=1.49 gpu_gap=0.00 | spine=0.00 world_repr=0.01 graph=0.00 merge=0.00 atm=0.00 readiness=0.03 raster=0.00 (idle) | upd_attrib sum=5.93 pv_cpu=0.00 pv_gpu=0.03 fire=0.10 stream=5.63 map_fit=0.00 hud=0.16 wgen=0.00 | budget_sum=0.71 hud=0.16 overlay=0.00 raster_b=0.46 particles=0.00 residency=0.03 tex_reg=0.00 render_x=0.05 | stall first+preupd=0.03 update=0.01 post_dom=0.01 post_vt=0.01 postÔåÆready=0.01 ready=0.07 postÔåÆegui=7.31 egui=0.51 post_egui=1.42 | stall_hits=[after_tile_storage_apply:27.1,pre_egui:7.3]
2026-05-23T04:28:10.282815Z  INFO perf: PERF frame=36.6ms update=34.5ms egui=0.6ms preview=0.0ms streaming=5.6ms tile_apply=0.0ms viewport=0.0ms map_fit=0.0ms repr=0.0ms raster=0.0ms
2026-05-23T04:28:10.282818Z  INFO stall: STALL culprit=after_tile_storage_apply duration=27.1ms frame=36.6ms
2026-05-23T04:28:10.286677Z  INFO viewport_authority: VIEWPORT_AUTHORITY source=ResolvedViewport valid=true min=Vec2(0.0, 0.0) max=Vec2(1280.0, 720.0) w=1280.0 h=720.0
2026-05-23T04:28:10.287841Z  INFO construction_finish_todos: CONSTRUCTION_FINISH_COMPLETE done=8/8
2026-05-23T04:28:10.287865Z  INFO construction_round2_todos: CONSTRUCTION_ROUND2_COMPLETE done=15/15
2026-05-23T04:28:10.287875Z  INFO construction_round3_todos: CONSTRUCTION_ROUND3_COMPLETE done=27/27
2026-05-23T04:28:10.287883Z  INFO construction_operational_todos: CONSTRUCTION_OPERATIONAL_GREEN
2026-05-23T04:28:10.298109Z  INFO stage5_live_todos: STAGE5_MAP_CAMERA_HOOK post_mirror desired_xy=(160.00,160.00) zoom=2.0250 world_main_xy=(160.00,160.00) zoom=2.0250 bridge_drift=0.0000
2026-05-23T04:28:10.302258Z  INFO stage5_live_todos: STAGE5_FIRE_HOOK fire_visual_producer_count=1 (expect 1 for FIRE-01)
2026-05-23T04:28:10.304802Z  INFO stall: STALL after_tile_storage_apply: 21.65ms
2026-05-23T04:28:10.307865Z  INFO stage5_live_todos: STAGE5_SPINE_HOOK policy_present=true graph_present=true fence_committed=true fence_fire_tick=108 world_frame_present=true overlay_rev=3 overlay_chunk_cells=28 atm_partial_dispatch=1 atm_gpu_tex_uploads=0 atm_full_field_fallback=false
2026-05-23T04:28:10.310958Z  INFO industrial_activation_todos: INDUSTRIAL_ACTIVATION_GREEN
2026-05-23T04:28:10.311003Z  INFO stall: STALL pre_egui: 6.20ms
2026-05-23T04:28:10.311007Z  INFO viewport_authority: VIEWPORT_AUTHORITY source=UiMeasured valid=true min=Vec2(0.0, 0.0) max=Vec2(1280.0, 720.0) w=1280.0 h=720.0
2026-05-23T04:28:10.311016Z  INFO viewport_authority::solver: VIEWPORT_SOLVER_TARGET node=SimMapFill valid=true rect.source=SimMapFill w=1280.0 h=720.0
2026-05-23T04:28:10.311019Z  INFO viewport_authority: VIEWPORT_AUTHORITY source=LayoutSolver valid=true min=Vec2(0.0, 0.0) max=Vec2(1280.0, 720.0) w=1280.0 h=720.0
2026-05-23T04:28:10.311022Z  INFO viewport_authority: VIEWPORT_AUTHORITY source=LayoutSolver valid=true min=Vec2(0.0, 0.0) max=Vec2(1280.0, 720.0) w=1280.0 h=720.0
2026-05-23T04:28:10.311025Z  INFO viewport_authority: VIEWPORT_AUTHORITY source=UiCommitted valid=true min=Vec2(0.0, 0.0) max=Vec2(1280.0, 720.0) w=1280.0 h=720.0
2026-05-23T04:28:10.311038Z  INFO viewport_authority: VIEWPORT_AUTHORITY source=CameraApplied valid=true min=Vec2(0.0, 0.0) max=Vec2(1280.0, 720.0) w=1280.0 h=720.0
2026-05-23T04:28:10.311064Z  INFO stage5_live_todos: STAGE5_READINESS_HOOK passes=true violations_first=(none) producer_count=1
2026-05-23T04:28:10.311073Z  INFO visual_aidv2_live_todos: VISUAL_AID_V2_BOARD done=3/6 footprint_ok=false readability=true icons=0
2026-05-23T04:28:10.312216Z  INFO stage5_live_todos: STAGE5_GPU_HOOK indirect_instances=0 dispatch_count=0 draw_instances=0 (PHF-01 alignment)
2026-05-23T04:28:10.312710Z  INFO visual_diag: VISUAL_DIAG window frame=107 periodic=false win_logical=(1280, 720) win_physical=(1280, 720) scale=1.0 app=2 base=2 flow=3 worldgen=5 readiness_profile=Stage5ReadinessProfile { require_vt4: true, require_vt5: true, require_preview: true, require_partial_metrics: true, require_world_frame: true, require_phase_f_proof: true, require_instanced_draw: true }
2026-05-23T04:28:10.312721Z  INFO visual_diag: VISUAL_DIAG sim_viewport frame=107 sim_valid=true sim_adequate=true sim_min=Vec2(0.0, 0.0) sim_max=Vec2(1280.0, 720.0) sim_wh=(1280, 720) measured_valid=true measured_wh=(1280, 720) committed_wh=(1280, 720) sim_held=true settle_streak=4 layout_settled=true frozen=true last_commit="hole_hold" pending_wh=(1280, 720) pending_min=Vec2(0.0, 0.0) pending_max=Vec2(1280.0, 720.0)
2026-05-23T04:28:10.312726Z  INFO visual_diag: VISUAL_DIAG camera frame=107 cam_desired_x=160.0 cam_desired_y=160.0 cam_zoom=2.0249998569488525 latch_hole=true render_hole=true latch_invalid_streak=0 latch_valid_streak=106 cam_scissor=Some((0, 0, 1280, 720)) ortho_fixed_w=632 ortho_fixed_h=356 map_view_px_w=1280 map_view_px_h=720 world_w=320 world_h=320
2026-05-23T04:28:10.312731Z  INFO visual_diag: VISUAL_DIAG resolved_viewports frame=107 resolved_rev=114 primary_valid=true primary_wh=(1280, 720) sim_resolved_valid=true sim_resolved_wh=(1280, 720) preview_valid=true preview_wh=(372, 362) minimap_valid=true minimap_wh=(397, 160) mismatch_preview=false mismatch_minimap=false mismatch_sim_map=false mismatch_stale_tex=false
2026-05-23T04:28:10.312734Z  INFO visual_diag: VISUAL_DIAG map_view_frames frame=107 world_preview_proj_rev=1554780161534 minimap_proj_rev=687224767849 sim_map_proj_rev=3092406454492
2026-05-23T04:28:10.312739Z  INFO visual_diag: VISUAL_DIAG map_presentation frame=107 wp_fit=Contain wp_viewport=UVec2(372, 362) wp_fit_scale=1.10595703125 wp_expected_fit_scale=1.10595703125 wp_zoom=1.0407500267028809 mm_fit=Cover mm_viewport=UVec2(397, 160) mm_fit_scale=1.2409179210662842
2026-05-23T04:28:10.312745Z  INFO visual_diag: VISUAL_DIAG render_spine frame=107 raster_rev=30 repr_band=0 repr_lod="LocalTactical" particle_rows_cap=262144 visual_intent="Strategic" visual_zoom_alpha=0.01843632385134697 fire_particle_rows=0 fire_particle_stamp=108 overlay_rev=3 overlay_chunk_cells=28 graph_fire_inst=0 graph_fire_heat=0 gpu_instance_rows=0 gpu_dispatch=1 gpu_draw=0
2026-05-23T04:28:10.312750Z  INFO visual_diag: VISUAL_DIAG perf frame=107 tile_raster_ms=0.0 tile_raster_ran=false world_repr_ms=0.008899999782443047 projection_graph_ms=0.00010000000474974513 domain_merge_ms=0.0 readiness_ms=0.02280000038444996 cpu_pre_egui_ms=0.0 cpu_egui_ms=0.0 cpu_post_egui_ms=0.0 gpu_gap_ms=0.0
2026-05-23T04:28:10.312753Z  INFO visual_diag: VISUAL_DIAG hud_shell frame=107 cmd_shell=false overlay_tray=false transmission=false
2026-05-23T04:28:10.312776Z  INFO perf: PERF wall=29.65 instr=0.03 gap=29.62 | cpu_pre_egui=27.89 cpu_egui=0.46 cpu_post_egui=1.30 gpu_gap=0.00 | spine=0.00 world_repr=0.01 graph=0.00 merge=0.00 atm=0.00 readiness=0.02 raster=0.00 (idle) | upd_attrib sum=5.76 pv_cpu=0.00 pv_gpu=0.00 fire=0.08 stream=5.56 map_fit=0.00 hud=0.12 wgen=0.00 | budget_sum=0.66 hud=0.12 overlay=0.00 raster_b=0.46 particles=0.00 residency=0.03 tex_reg=0.00 render_x=0.05 | stall first+preupd=0.03 update=0.00 post_dom=0.00 post_vt=0.01 postÔåÆready=0.00 ready=0.07 postÔåÆegui=6.20 egui=0.38 post_egui=1.24 | stall_hits=[after_tile_storage_apply:21.7,pre_egui:6.2]
2026-05-23T04:28:10.312786Z  INFO perf: PERF frame=29.6ms update=27.9ms egui=0.5ms preview=0.0ms streaming=5.6ms tile_apply=0.0ms viewport=0.0ms map_fit=0.0ms repr=0.0ms raster=0.0ms
2026-05-23T04:28:10.312790Z  INFO stall: STALL culprit=after_tile_storage_apply duration=21.7ms frame=29.6ms
2026-05-23T04:28:10.313501Z  INFO viewport_authority: VIEWPORT_AUTHORITY source=ResolvedViewport valid=true min=Vec2(0.0, 0.0) max=Vec2(1280.0, 720.0) w=1280.0 h=720.0
2026-05-23T04:28:10.314656Z  INFO construction_finish_todos: CONSTRUCTION_FINISH_COMPLETE done=8/8
2026-05-23T04:28:10.314665Z  INFO construction_round2_todos: CONSTRUCTION_ROUND2_COMPLETE done=15/15
2026-05-23T04:28:10.314669Z  INFO construction_round3_todos: CONSTRUCTION_ROUND3_COMPLETE done=27/27
2026-05-23T04:28:10.314672Z  INFO construction_operational_todos: CONSTRUCTION_OPERATIONAL_GREEN
2026-05-23T04:28:10.327617Z  INFO stage5_live_todos: STAGE5_MAP_CAMERA_HOOK post_mirror desired_xy=(160.00,160.00) zoom=2.0250 world_main_xy=(160.00,160.00) zoom=2.0250 bridge_drift=0.0000
2026-05-23T04:28:10.331412Z  INFO stage5_live_todos: STAGE5_FIRE_HOOK fire_visual_producer_count=1 (expect 1 for FIRE-01)
2026-05-23T04:28:10.334020Z  INFO stall: STALL after_tile_storage_apply: 20.81ms
2026-05-23T04:28:10.337112Z  INFO stage5_live_todos: STAGE5_SPINE_HOOK policy_present=true graph_present=true fence_committed=true fence_fire_tick=109 world_frame_present=true overlay_rev=3 overlay_chunk_cells=28 atm_partial_dispatch=1 atm_gpu_tex_uploads=0 atm_full_field_fallback=false
2026-05-23T04:28:10.340160Z  INFO industrial_activation_todos: INDUSTRIAL_ACTIVATION_GREEN
2026-05-23T04:28:10.340209Z  INFO stall: STALL pre_egui: 6.19ms
2026-05-23T04:28:10.340213Z  INFO viewport_authority: VIEWPORT_AUTHORITY source=UiMeasured valid=true min=Vec2(0.0, 0.0) max=Vec2(1280.0, 720.0) w=1280.0 h=720.0
2026-05-23T04:28:10.340222Z  INFO viewport_authority::solver: VIEWPORT_SOLVER_TARGET node=SimMapFill valid=true rect.source=SimMapFill w=1280.0 h=720.0
2026-05-23T04:28:10.340226Z  INFO viewport_authority: VIEWPORT_AUTHORITY source=LayoutSolver valid=true min=Vec2(0.0, 0.0) max=Vec2(1280.0, 720.0) w=1280.0 h=720.0
2026-05-23T04:28:10.340229Z  INFO viewport_authority: VIEWPORT_AUTHORITY source=LayoutSolver valid=true min=Vec2(0.0, 0.0) max=Vec2(1280.0, 720.0) w=1280.0 h=720.0
2026-05-23T04:28:10.340232Z  INFO viewport_authority: VIEWPORT_AUTHORITY source=UiCommitted valid=true min=Vec2(0.0, 0.0) max=Vec2(1280.0, 720.0) w=1280.0 h=720.0
2026-05-23T04:28:10.340246Z  INFO viewport_authority: VIEWPORT_AUTHORITY source=CameraApplied valid=true min=Vec2(0.0, 0.0) max=Vec2(1280.0, 720.0) w=1280.0 h=720.0
2026-05-23T04:28:10.340271Z  INFO stage5_live_todos: STAGE5_READINESS_HOOK passes=true violations_first=(none) producer_count=1
2026-05-23T04:28:10.340281Z  INFO visual_aidv2_live_todos: VISUAL_AID_V2_BOARD done=3/6 footprint_ok=false readability=true icons=0
2026-05-23T04:28:10.341463Z  INFO stage5_live_todos: STAGE5_GPU_HOOK indirect_instances=0 dispatch_count=0 draw_instances=0 (PHF-01 alignment)
2026-05-23T04:28:10.341946Z  INFO visual_diag: VISUAL_DIAG window frame=108 periodic=false win_logical=(1280, 720) win_physical=(1280, 720) scale=1.0 app=2 base=2 flow=3 worldgen=5 readiness_profile=Stage5ReadinessProfile { require_vt4: true, require_vt5: true, require_preview: true, require_partial_metrics: true, require_world_frame: true, require_phase_f_proof: true, require_instanced_draw: true }
2026-05-23T04:28:10.341957Z  INFO visual_diag: VISUAL_DIAG sim_viewport frame=108 sim_valid=true sim_adequate=true sim_min=Vec2(0.0, 0.0) sim_max=Vec2(1280.0, 720.0) sim_wh=(1280, 720) measured_valid=true measured_wh=(1280, 720) committed_wh=(1280, 720) sim_held=true settle_streak=4 layout_settled=true frozen=true last_commit="hole_hold" pending_wh=(1280, 720) pending_min=Vec2(0.0, 0.0) pending_max=Vec2(1280.0, 720.0)
2026-05-23T04:28:10.341962Z  INFO visual_diag: VISUAL_DIAG camera frame=108 cam_desired_x=160.0 cam_desired_y=160.0 cam_zoom=2.0249998569488525 latch_hole=true render_hole=true latch_invalid_streak=0 latch_valid_streak=107 cam_scissor=Some((0, 0, 1280, 720)) ortho_fixed_w=632 ortho_fixed_h=356 map_view_px_w=1280 map_view_px_h=720 world_w=320 world_h=320
2026-05-23T04:28:10.341966Z  INFO visual_diag: VISUAL_DIAG resolved_viewports frame=108 resolved_rev=114 primary_valid=true primary_wh=(1280, 720) sim_resolved_valid=true sim_resolved_wh=(1280, 720) preview_valid=true preview_wh=(372, 362) minimap_valid=true minimap_wh=(397, 160) mismatch_preview=false mismatch_minimap=false mismatch_sim_map=false mismatch_stale_tex=false
2026-05-23T04:28:10.341971Z  INFO visual_diag: VISUAL_DIAG map_view_frames frame=108 world_preview_proj_rev=1554780161534 minimap_proj_rev=687224767849 sim_map_proj_rev=3092406454492
2026-05-23T04:28:10.341974Z  INFO visual_diag: VISUAL_DIAG map_presentation frame=108 wp_fit=Contain wp_viewport=UVec2(372, 362) wp_fit_scale=1.10595703125 wp_expected_fit_scale=1.10595703125 wp_zoom=1.0407500267028809 mm_fit=Cover mm_viewport=UVec2(397, 160) mm_fit_scale=1.2409179210662842
2026-05-23T04:28:10.341979Z  INFO visual_diag: VISUAL_DIAG render_spine frame=108 raster_rev=30 repr_band=0 repr_lod="LocalTactical" particle_rows_cap=262144 visual_intent="Strategic" visual_zoom_alpha=0.01843632385134697 fire_particle_rows=0 fire_particle_stamp=109 overlay_rev=3 overlay_chunk_cells=28 graph_fire_inst=0 graph_fire_heat=0 gpu_instance_rows=0 gpu_dispatch=1 gpu_draw=0
2026-05-23T04:28:10.341983Z  INFO visual_diag: VISUAL_DIAG perf frame=108 tile_raster_ms=0.0 tile_raster_ran=false world_repr_ms=0.009399999864399433 projection_graph_ms=0.0004000000189989805 domain_merge_ms=0.0 readiness_ms=0.022700000554323196 cpu_pre_egui_ms=0.0 cpu_egui_ms=0.0 cpu_post_egui_ms=0.0 gpu_gap_ms=0.0
2026-05-23T04:28:10.341987Z  INFO visual_diag: VISUAL_DIAG hud_shell frame=108 cmd_shell=false overlay_tray=false transmission=false
2026-05-23T04:28:10.342003Z  INFO perf: PERF wall=28.96 instr=0.03 gap=28.92 | cpu_pre_egui=27.17 cpu_egui=0.45 cpu_post_egui=1.34 gpu_gap=0.00 | spine=0.00 world_repr=0.01 graph=0.00 merge=0.00 atm=0.00 readiness=0.02 raster=0.00 (idle) | upd_attrib sum=5.86 pv_cpu=0.00 pv_gpu=0.00 fire=0.10 stream=5.64 map_fit=0.00 hud=0.12 wgen=0.00 | budget_sum=0.66 hud=0.12 overlay=0.00 raster_b=0.46 particles=0.00 residency=0.03 tex_reg=0.00 render_x=0.05 | stall first+preupd=0.16 update=0.00 post_dom=0.00 post_vt=0.02 postÔåÆready=0.00 ready=0.06 postÔåÆegui=6.19 egui=0.36 post_egui=1.29 | stall_hits=[after_tile_storage_apply:20.8,pre_egui:6.2]
2026-05-23T04:28:10.342008Z  INFO perf: PERF frame=29.0ms update=27.2ms egui=0.4ms preview=0.0ms streaming=5.6ms tile_apply=0.0ms viewport=0.0ms map_fit=0.0ms repr=0.0ms raster=0.0ms
2026-05-23T04:28:10.342011Z  INFO stall: STALL culprit=after_tile_storage_apply duration=20.8ms frame=29.0ms
2026-05-23T04:28:10.342500Z  INFO viewport_authority: VIEWPORT_AUTHORITY source=ResolvedViewport valid=true min=Vec2(0.0, 0.0) max=Vec2(1280.0, 720.0) w=1280.0 h=720.0
2026-05-23T04:28:10.343465Z  INFO construction_finish_todos: CONSTRUCTION_FINISH_COMPLETE done=8/8
2026-05-23T04:28:10.343474Z  INFO construction_round2_todos: CONSTRUCTION_ROUND2_COMPLETE done=15/15
2026-05-23T04:28:10.343478Z  INFO construction_round3_todos: CONSTRUCTION_ROUND3_COMPLETE done=27/27
2026-05-23T04:28:10.343482Z  INFO construction_operational_todos: CONSTRUCTION_OPERATIONAL_GREEN
2026-05-23T04:28:10.355363Z  INFO stage5_live_todos: STAGE5_MAP_CAMERA_HOOK post_mirror desired_xy=(160.00,160.00) zoom=2.0250 world_main_xy=(160.00,160.00) zoom=2.0250 bridge_drift=0.0000
2026-05-23T04:28:10.359589Z  INFO stage5_live_todos: STAGE5_FIRE_HOOK fire_visual_producer_count=1 (expect 1 for FIRE-01)
2026-05-23T04:28:10.362173Z  INFO stall: STALL after_tile_storage_apply: 19.85ms
2026-05-23T04:28:10.365249Z  INFO stage5_live_todos: STAGE5_SPINE_HOOK policy_present=true graph_present=true fence_committed=true fence_fire_tick=110 world_frame_present=true overlay_rev=3 overlay_chunk_cells=28 atm_partial_dispatch=1 atm_gpu_tex_uploads=0 atm_full_field_fallback=false
2026-05-23T04:28:10.368364Z  INFO industrial_activation_todos: INDUSTRIAL_ACTIVATION_GREEN
2026-05-23T04:28:10.368413Z  INFO stall: STALL pre_egui: 6.24ms
2026-05-23T04:28:10.368423Z  INFO viewport_authority: VIEWPORT_AUTHORITY source=UiMeasured valid=true min=Vec2(0.0, 0.0) max=Vec2(1280.0, 720.0) w=1280.0 h=720.0
2026-05-23T04:28:10.368433Z  INFO viewport_authority::solver: VIEWPORT_SOLVER_TARGET node=SimMapFill valid=true rect.source=SimMapFill w=1280.0 h=720.0
2026-05-23T04:28:10.368437Z  INFO viewport_authority: VIEWPORT_AUTHORITY source=LayoutSolver valid=true min=Vec2(0.0, 0.0) max=Vec2(1280.0, 720.0) w=1280.0 h=720.0
2026-05-23T04:28:10.368440Z  INFO viewport_authority: VIEWPORT_AUTHORITY source=LayoutSolver valid=true min=Vec2(0.0, 0.0) max=Vec2(1280.0, 720.0) w=1280.0 h=720.0
2026-05-23T04:28:10.368443Z  INFO viewport_authority: VIEWPORT_AUTHORITY source=UiCommitted valid=true min=Vec2(0.0, 0.0) max=Vec2(1280.0, 720.0) w=1280.0 h=720.0
2026-05-23T04:28:10.368455Z  INFO viewport_authority: VIEWPORT_AUTHORITY source=CameraApplied valid=true min=Vec2(0.0, 0.0) max=Vec2(1280.0, 720.0) w=1280.0 h=720.0
2026-05-23T04:28:10.368483Z  INFO stage5_live_todos: STAGE5_READINESS_HOOK passes=true violations_first=(none) producer_count=1
2026-05-23T04:28:10.368493Z  INFO visual_aidv2_live_todos: VISUAL_AID_V2_BOARD done=3/6 footprint_ok=false readability=true icons=0
2026-05-23T04:28:10.369704Z  INFO stage5_live_todos: STAGE5_GPU_HOOK indirect_instances=0 dispatch_count=0 draw_instances=0 (PHF-01 alignment)
2026-05-23T04:28:10.370221Z  INFO visual_diag: VISUAL_DIAG window frame=109 periodic=false win_logical=(1280, 720) win_physical=(1280, 720) scale=1.0 app=2 base=2 flow=3 worldgen=5 readiness_profile=Stage5ReadinessProfile { require_vt4: true, require_vt5: true, require_preview: true, require_partial_metrics: true, require_world_frame: true, require_phase_f_proof: true, require_instanced_draw: true }
2026-05-23T04:28:10.370231Z  INFO visual_diag: VISUAL_DIAG sim_viewport frame=109 sim_valid=true sim_adequate=true sim_min=Vec2(0.0, 0.0) sim_max=Vec2(1280.0, 720.0) sim_wh=(1280, 720) measured_valid=true measured_wh=(1280, 720) committed_wh=(1280, 720) sim_held=true settle_streak=4 layout_settled=true frozen=true last_commit="hole_hold" pending_wh=(1280, 720) pending_min=Vec2(0.0, 0.0) pending_max=Vec2(1280.0, 720.0)
2026-05-23T04:28:10.370237Z  INFO visual_diag: VISUAL_DIAG camera frame=109 cam_desired_x=160.0 cam_desired_y=160.0 cam_zoom=2.0249998569488525 latch_hole=true render_hole=true latch_invalid_streak=0 latch_valid_streak=108 cam_scissor=Some((0, 0, 1280, 720)) ortho_fixed_w=632 ortho_fixed_h=356 map_view_px_w=1280 map_view_px_h=720 world_w=320 world_h=320
2026-05-23T04:28:10.370241Z  INFO visual_diag: VISUAL_DIAG resolved_viewports frame=109 resolved_rev=114 primary_valid=true primary_wh=(1280, 720) sim_resolved_valid=true sim_resolved_wh=(1280, 720) preview_valid=true preview_wh=(372, 362) minimap_valid=true minimap_wh=(397, 160) mismatch_preview=false mismatch_minimap=false mismatch_sim_map=false mismatch_stale_tex=false
2026-05-23T04:28:10.370245Z  INFO visual_diag: VISUAL_DIAG map_view_frames frame=109 world_preview_proj_rev=1554780161534 minimap_proj_rev=687224767849 sim_map_proj_rev=3092406454492
2026-05-23T04:28:10.370248Z  INFO visual_diag: VISUAL_DIAG map_presentation frame=109 wp_fit=Contain wp_viewport=UVec2(372, 362) wp_fit_scale=1.10595703125 wp_expected_fit_scale=1.10595703125 wp_zoom=1.0407500267028809 mm_fit=Cover mm_viewport=UVec2(397, 160) mm_fit_scale=1.2409179210662842
2026-05-23T04:28:10.370252Z  INFO visual_diag: VISUAL_DIAG render_spine frame=109 raster_rev=30 repr_band=0 repr_lod="LocalTactical" particle_rows_cap=262144 visual_intent="Strategic" visual_zoom_alpha=0.01843632385134697 fire_particle_rows=0 fire_particle_stamp=110 overlay_rev=3 overlay_chunk_cells=28 graph_fire_inst=0 graph_fire_heat=0 gpu_instance_rows=0 gpu_dispatch=1 gpu_draw=0
2026-05-23T04:28:10.370256Z  INFO visual_diag: VISUAL_DIAG perf frame=109 tile_raster_ms=0.0 tile_raster_ran=false world_repr_ms=0.010200000368058681 projection_graph_ms=0.00020000000949949026 domain_merge_ms=0.00010000000474974513 readiness_ms=0.023000000044703484 cpu_pre_egui_ms=0.0 cpu_egui_ms=0.0 cpu_post_egui_ms=0.0 gpu_gap_ms=0.0
2026-05-23T04:28:10.370260Z  INFO visual_diag: VISUAL_DIAG hud_shell frame=109 cmd_shell=false overlay_tray=false transmission=false
2026-05-23T04:28:10.370281Z  INFO perf: PERF wall=27.97 instr=0.03 gap=27.93 | cpu_pre_egui=26.12 cpu_egui=0.49 cpu_post_egui=1.35 gpu_gap=0.00 | spine=0.00 world_repr=0.01 graph=0.00 merge=0.00 atm=0.00 readiness=0.02 raster=0.00 (idle) | upd_attrib sum=5.84 pv_cpu=0.00 pv_gpu=0.01 fire=0.10 stream=5.60 map_fit=0.00 hud=0.13 wgen=0.00 | budget_sum=0.67 hud=0.13 overlay=0.00 raster_b=0.46 particles=0.00 residency=0.03 tex_reg=0.00 render_x=0.05 | stall first+preupd=0.02 update=0.00 post_dom=0.00 post_vt=0.01 postÔåÆready=0.00 ready=0.07 postÔåÆegui=6.24 egui=0.41 post_egui=1.30 | stall_hits=[after_tile_storage_apply:19.8,pre_egui:6.2]
2026-05-23T04:28:10.370290Z  INFO perf: PERF frame=28.0ms update=26.1ms egui=0.5ms preview=0.0ms streaming=5.6ms tile_apply=0.0ms viewport=0.0ms map_fit=0.0ms repr=0.0ms raster=0.0ms
2026-05-23T04:28:10.370294Z  INFO stall: STALL culprit=after_tile_storage_apply duration=19.8ms frame=28.0ms
2026-05-23T04:28:10.370942Z  INFO viewport_authority: VIEWPORT_AUTHORITY source=ResolvedViewport valid=true min=Vec2(0.0, 0.0) max=Vec2(1280.0, 720.0) w=1280.0 h=720.0
2026-05-23T04:28:10.371931Z  INFO construction_finish_todos: CONSTRUCTION_FINISH_COMPLETE done=8/8
2026-05-23T04:28:10.371939Z  INFO construction_round2_todos: CONSTRUCTION_ROUND2_COMPLETE done=15/15
2026-05-23T04:28:10.371944Z  INFO construction_round3_todos: CONSTRUCTION_ROUND3_COMPLETE done=27/27
2026-05-23T04:28:10.371948Z  INFO construction_operational_todos: CONSTRUCTION_OPERATIONAL_GREEN
2026-05-23T04:28:10.385372Z  INFO stage5_live_todos: STAGE5_MAP_CAMERA_HOOK post_mirror desired_xy=(160.00,160.00) zoom=2.0250 world_main_xy=(160.00,160.00) zoom=2.0250 bridge_drift=0.0000
2026-05-23T04:28:10.389269Z  INFO stage5_live_todos: STAGE5_FIRE_HOOK fire_visual_producer_count=1 (expect 1 for FIRE-01)
2026-05-23T04:28:10.391848Z  INFO stall: STALL after_tile_storage_apply: 21.23ms
2026-05-23T04:28:10.394907Z  INFO stage5_live_todos: STAGE5_SPINE_HOOK policy_present=true graph_present=true fence_committed=true fence_fire_tick=111 world_frame_present=true overlay_rev=3 overlay_chunk_cells=28 atm_partial_dispatch=1 atm_gpu_tex_uploads=0 atm_full_field_fallback=false
2026-05-23T04:28:10.397915Z  INFO industrial_activation_todos: INDUSTRIAL_ACTIVATION_GREEN
2026-05-23T04:28:10.397965Z  INFO stall: STALL pre_egui: 6.12ms
2026-05-23T04:28:10.397968Z  INFO viewport_authority: VIEWPORT_AUTHORITY source=UiMeasured valid=true min=Vec2(0.0, 0.0) max=Vec2(1280.0, 720.0) w=1280.0 h=720.0
2026-05-23T04:28:10.397978Z  INFO viewport_authority::solver: VIEWPORT_SOLVER_TARGET node=SimMapFill valid=true rect.source=SimMapFill w=1280.0 h=720.0
2026-05-23T04:28:10.397981Z  INFO viewport_authority: VIEWPORT_AUTHORITY source=LayoutSolver valid=true min=Vec2(0.0, 0.0) max=Vec2(1280.0, 720.0) w=1280.0 h=720.0
2026-05-23T04:28:10.397984Z  INFO viewport_authority: VIEWPORT_AUTHORITY source=LayoutSolver valid=true min=Vec2(0.0, 0.0) max=Vec2(1280.0, 720.0) w=1280.0 h=720.0
2026-05-23T04:28:10.397987Z  INFO viewport_authority: VIEWPORT_AUTHORITY source=UiCommitted valid=true min=Vec2(0.0, 0.0) max=Vec2(1280.0, 720.0) w=1280.0 h=720.0
2026-05-23T04:28:10.397998Z  INFO viewport_authority: VIEWPORT_AUTHORITY source=CameraApplied valid=true min=Vec2(0.0, 0.0) max=Vec2(1280.0, 720.0) w=1280.0 h=720.0
2026-05-23T04:28:10.398022Z  INFO stage5_live_todos: STAGE5_READINESS_HOOK passes=true violations_first=(none) producer_count=1
2026-05-23T04:28:10.398031Z  INFO visual_aidv2_live_todos: VISUAL_AID_V2_BOARD done=3/6 footprint_ok=false readability=true icons=0
2026-05-23T04:28:10.399221Z  INFO stage5_live_todos: STAGE5_GPU_HOOK indirect_instances=0 dispatch_count=0 draw_instances=0 (PHF-01 alignment)
2026-05-23T04:28:10.399743Z  INFO visual_diag: VISUAL_DIAG window frame=110 periodic=false win_logical=(1280, 720) win_physical=(1280, 720) scale=1.0 app=2 base=2 flow=3 worldgen=5 readiness_profile=Stage5ReadinessProfile { require_vt4: true, require_vt5: true, require_preview: true, require_partial_metrics: true, require_world_frame: true, require_phase_f_proof: true, require_instanced_draw: true }
2026-05-23T04:28:10.399754Z  INFO visual_diag: VISUAL_DIAG sim_viewport frame=110 sim_valid=true sim_adequate=true sim_min=Vec2(0.0, 0.0) sim_max=Vec2(1280.0, 720.0) sim_wh=(1280, 720) measured_valid=true measured_wh=(1280, 720) committed_wh=(1280, 720) sim_held=true settle_streak=4 layout_settled=true frozen=true last_commit="hole_hold" pending_wh=(1280, 720) pending_min=Vec2(0.0, 0.0) pending_max=Vec2(1280.0, 720.0)
2026-05-23T04:28:10.399759Z  INFO visual_diag: VISUAL_DIAG camera frame=110 cam_desired_x=160.0 cam_desired_y=160.0 cam_zoom=2.0249998569488525 latch_hole=true render_hole=true latch_invalid_streak=0 latch_valid_streak=109 cam_scissor=Some((0, 0, 1280, 720)) ortho_fixed_w=632 ortho_fixed_h=356 map_view_px_w=1280 map_view_px_h=720 world_w=320 world_h=320
2026-05-23T04:28:10.399764Z  INFO visual_diag: VISUAL_DIAG resolved_viewports frame=110 resolved_rev=114 primary_valid=true primary_wh=(1280, 720) sim_resolved_valid=true sim_resolved_wh=(1280, 720) preview_valid=true preview_wh=(372, 362) minimap_valid=true minimap_wh=(397, 160) mismatch_preview=false mismatch_minimap=false mismatch_sim_map=false mismatch_stale_tex=false
2026-05-23T04:28:10.399767Z  INFO visual_diag: VISUAL_DIAG map_view_frames frame=110 world_preview_proj_rev=1554780161534 minimap_proj_rev=687224767849 sim_map_proj_rev=3092406454492
2026-05-23T04:28:10.399770Z  INFO visual_diag: VISUAL_DIAG map_presentation frame=110 wp_fit=Contain wp_viewport=UVec2(372, 362) wp_fit_scale=1.10595703125 wp_expected_fit_scale=1.10595703125 wp_zoom=1.0407500267028809 mm_fit=Cover mm_viewport=UVec2(397, 160) mm_fit_scale=1.2409179210662842
2026-05-23T04:28:10.399777Z  INFO visual_diag: VISUAL_DIAG render_spine frame=110 raster_rev=30 repr_band=0 repr_lod="LocalTactical" particle_rows_cap=262144 visual_intent="Strategic" visual_zoom_alpha=0.01843632385134697 fire_particle_rows=0 fire_particle_stamp=111 overlay_rev=3 overlay_chunk_cells=28 graph_fire_inst=0 graph_fire_heat=0 gpu_instance_rows=0 gpu_dispatch=1 gpu_draw=0
2026-05-23T04:28:10.399781Z  INFO visual_diag: VISUAL_DIAG perf frame=110 tile_raster_ms=0.0 tile_raster_ran=false world_repr_ms=0.010099999606609344 projection_graph_ms=0.00020000000949949026 domain_merge_ms=0.0 readiness_ms=0.02110000140964985 cpu_pre_egui_ms=0.0 cpu_egui_ms=0.0 cpu_post_egui_ms=0.0 gpu_gap_ms=0.0
2026-05-23T04:28:10.399785Z  INFO visual_diag: VISUAL_DIAG hud_shell frame=110 cmd_shell=false overlay_tray=false transmission=false
2026-05-23T04:28:10.399802Z  INFO perf: PERF wall=29.22 instr=0.03 gap=29.19 | cpu_pre_egui=27.40 cpu_egui=0.45 cpu_post_egui=1.37 gpu_gap=0.00 | spine=0.00 world_repr=0.01 graph=0.00 merge=0.00 atm=0.00 readiness=0.02 raster=0.00 (idle) | upd_attrib sum=5.80 pv_cpu=0.00 pv_gpu=0.00 fire=0.10 stream=5.58 map_fit=0.00 hud=0.12 wgen=0.00 | budget_sum=0.66 hud=0.12 overlay=0.00 raster_b=0.46 particles=0.00 residency=0.03 tex_reg=0.00 render_x=0.05 | stall first+preupd=0.05 update=0.00 post_dom=0.00 post_vt=0.01 postÔåÆready=0.00 ready=0.05 postÔåÆegui=6.12 egui=0.38 post_egui=1.31 | stall_hits=[after_tile_storage_apply:21.2,pre_egui:6.1]
2026-05-23T04:28:10.399808Z  INFO perf: PERF frame=29.2ms update=27.4ms egui=0.5ms preview=0.0ms streaming=5.6ms tile_apply=0.0ms viewport=0.0ms map_fit=0.0ms repr=0.0ms raster=0.0ms
2026-05-23T04:28:10.399811Z  INFO stall: STALL culprit=after_tile_storage_apply duration=21.2ms frame=29.2ms
2026-05-23T04:28:10.400297Z  INFO viewport_authority: VIEWPORT_AUTHORITY source=ResolvedViewport valid=true min=Vec2(0.0, 0.0) max=Vec2(1280.0, 720.0) w=1280.0 h=720.0
2026-05-23T04:28:10.401246Z  INFO construction_finish_todos: CONSTRUCTION_FINISH_COMPLETE done=8/8
2026-05-23T04:28:10.401255Z  INFO construction_round2_todos: CONSTRUCTION_ROUND2_COMPLETE done=15/15
2026-05-23T04:28:10.401258Z  INFO construction_round3_todos: CONSTRUCTION_ROUND3_COMPLETE done=27/27
2026-05-23T04:28:10.401262Z  INFO construction_operational_todos: CONSTRUCTION_OPERATIONAL_GREEN
2026-05-23T04:28:10.413192Z  INFO stage5_live_todos: STAGE5_MAP_CAMERA_HOOK post_mirror desired_xy=(160.00,160.00) zoom=2.0250 world_main_xy=(160.00,160.00) zoom=2.0250 bridge_drift=0.0000
2026-05-23T04:28:10.416993Z  INFO stage5_live_todos: STAGE5_FIRE_HOOK fire_visual_producer_count=1 (expect 1 for FIRE-01)
2026-05-23T04:28:10.419578Z  INFO stall: STALL after_tile_storage_apply: 19.49ms
2026-05-23T04:28:10.422681Z  INFO stage5_live_todos: STAGE5_SPINE_HOOK policy_present=true graph_present=true fence_committed=true fence_fire_tick=112 world_frame_present=true overlay_rev=3 overlay_chunk_cells=28 atm_partial_dispatch=1 atm_gpu_tex_uploads=0 atm_full_field_fallback=false
2026-05-23T04:28:10.425758Z  INFO industrial_activation_todos: INDUSTRIAL_ACTIVATION_GREEN
2026-05-23T04:28:10.425814Z  INFO stall: STALL pre_egui: 6.24ms
2026-05-23T04:28:10.425824Z  INFO viewport_authority: VIEWPORT_AUTHORITY source=UiMeasured valid=true min=Vec2(0.0, 0.0) max=Vec2(1280.0, 720.0) w=1280.0 h=720.0
2026-05-23T04:28:10.425834Z  INFO viewport_authority::solver: VIEWPORT_SOLVER_TARGET node=SimMapFill valid=true rect.source=SimMapFill w=1280.0 h=720.0
2026-05-23T04:28:10.425837Z  INFO viewport_authority: VIEWPORT_AUTHORITY source=LayoutSolver valid=true min=Vec2(0.0, 0.0) max=Vec2(1280.0, 720.0) w=1280.0 h=720.0
2026-05-23T04:28:10.425840Z  INFO viewport_authority: VIEWPORT_AUTHORITY source=LayoutSolver valid=true min=Vec2(0.0, 0.0) max=Vec2(1280.0, 720.0) w=1280.0 h=720.0
2026-05-23T04:28:10.425843Z  INFO viewport_authority: VIEWPORT_AUTHORITY source=UiCommitted valid=true min=Vec2(0.0, 0.0) max=Vec2(1280.0, 720.0) w=1280.0 h=720.0
2026-05-23T04:28:10.425859Z  INFO viewport_authority: VIEWPORT_AUTHORITY source=CameraApplied valid=true min=Vec2(0.0, 0.0) max=Vec2(1280.0, 720.0) w=1280.0 h=720.0
2026-05-23T04:28:10.425888Z  INFO stage5_live_todos: STAGE5_READINESS_HOOK passes=true violations_first=(none) producer_count=1
2026-05-23T04:28:10.425898Z  INFO visual_aidv2_live_todos: VISUAL_AID_V2_BOARD done=3/6 footprint_ok=false readability=true icons=0
2026-05-23T04:28:10.427119Z  INFO stage5_live_todos: STAGE5_GPU_HOOK indirect_instances=0 dispatch_count=0 draw_instances=0 (PHF-01 alignment)
2026-05-23T04:28:10.427642Z  INFO visual_diag: VISUAL_DIAG window frame=111 periodic=false win_logical=(1280, 720) win_physical=(1280, 720) scale=1.0 app=2 base=2 flow=3 worldgen=5 readiness_profile=Stage5ReadinessProfile { require_vt4: true, require_vt5: true, require_preview: true, require_partial_metrics: true, require_world_frame: true, require_phase_f_proof: true, require_instanced_draw: true }
2026-05-23T04:28:10.427653Z  INFO visual_diag: VISUAL_DIAG sim_viewport frame=111 sim_valid=true sim_adequate=true sim_min=Vec2(0.0, 0.0) sim_max=Vec2(1280.0, 720.0) sim_wh=(1280, 720) measured_valid=true measured_wh=(1280, 720) committed_wh=(1280, 720) sim_held=true settle_streak=4 layout_settled=true frozen=true last_commit="hole_hold" pending_wh=(1280, 720) pending_min=Vec2(0.0, 0.0) pending_max=Vec2(1280.0, 720.0)
2026-05-23T04:28:10.427659Z  INFO visual_diag: VISUAL_DIAG camera frame=111 cam_desired_x=160.0 cam_desired_y=160.0 cam_zoom=2.0249998569488525 latch_hole=true render_hole=true latch_invalid_streak=0 latch_valid_streak=110 cam_scissor=Some((0, 0, 1280, 720)) ortho_fixed_w=632 ortho_fixed_h=356 map_view_px_w=1280 map_view_px_h=720 world_w=320 world_h=320
2026-05-23T04:28:10.427663Z  INFO visual_diag: VISUAL_DIAG resolved_viewports frame=111 resolved_rev=114 primary_valid=true primary_wh=(1280, 720) sim_resolved_valid=true sim_resolved_wh=(1280, 720) preview_valid=true preview_wh=(372, 362) minimap_valid=true minimap_wh=(397, 160) mismatch_preview=false mismatch_minimap=false mismatch_sim_map=false mismatch_stale_tex=false
2026-05-23T04:28:10.427667Z  INFO visual_diag: VISUAL_DIAG map_view_frames frame=111 world_preview_proj_rev=1554780161534 minimap_proj_rev=687224767849 sim_map_proj_rev=3092406454492
2026-05-23T04:28:10.427669Z  INFO visual_diag: VISUAL_DIAG map_presentation frame=111 wp_fit=Contain wp_viewport=UVec2(372, 362) wp_fit_scale=1.10595703125 wp_expected_fit_scale=1.10595703125 wp_zoom=1.0407500267028809 mm_fit=Cover mm_viewport=UVec2(397, 160) mm_fit_scale=1.2409179210662842
2026-05-23T04:28:10.427674Z  INFO visual_diag: VISUAL_DIAG render_spine frame=111 raster_rev=30 repr_band=0 repr_lod="LocalTactical" particle_rows_cap=262144 visual_intent="Strategic" visual_zoom_alpha=0.01843632385134697 fire_particle_rows=0 fire_particle_stamp=112 overlay_rev=3 overlay_chunk_cells=28 graph_fire_inst=0 graph_fire_heat=0 gpu_instance_rows=0 gpu_dispatch=1 gpu_draw=0
2026-05-23T04:28:10.427680Z  INFO visual_diag: VISUAL_DIAG perf frame=111 tile_raster_ms=0.0 tile_raster_ran=false world_repr_ms=0.009399999864399433 projection_graph_ms=0.0004000000189989805 domain_merge_ms=0.0 readiness_ms=0.023500001057982445 cpu_pre_egui_ms=0.0 cpu_egui_ms=0.0 cpu_post_egui_ms=0.0 gpu_gap_ms=0.0
2026-05-23T04:28:10.427684Z  INFO visual_diag: VISUAL_DIAG hud_shell frame=111 cmd_shell=false overlay_tray=false transmission=false
2026-05-23T04:28:10.427703Z  INFO perf: PERF wall=27.63 instr=0.03 gap=27.60 | cpu_pre_egui=25.77 cpu_egui=0.49 cpu_post_egui=1.37 gpu_gap=0.00 | spine=0.00 world_repr=0.01 graph=0.00 merge=0.00 atm=0.00 readiness=0.02 raster=0.00 (idle) | upd_attrib sum=5.86 pv_cpu=0.00 pv_gpu=0.01 fire=0.09 stream=5.63 map_fit=0.00 hud=0.13 wgen=0.00 | budget_sum=0.67 hud=0.13 overlay=0.00 raster_b=0.46 particles=0.00 residency=0.03 tex_reg=0.00 render_x=0.05 | stall first+preupd=0.03 update=0.00 post_dom=0.00 post_vt=0.02 postÔåÆready=0.00 ready=0.07 postÔåÆegui=6.24 egui=0.42 post_egui=1.31 | stall_hits=[after_tile_storage_apply:19.5,pre_egui:6.2]
2026-05-23T04:28:10.427709Z  INFO perf: PERF frame=27.6ms update=25.8ms egui=0.5ms preview=0.0ms streaming=5.6ms tile_apply=0.0ms viewport=0.0ms map_fit=0.0ms repr=0.0ms raster=0.0ms
2026-05-23T04:28:10.427712Z  INFO stall: STALL culprit=after_tile_storage_apply duration=19.5ms frame=27.6ms
2026-05-23T04:28:10.428276Z  INFO viewport_authority: VIEWPORT_AUTHORITY source=ResolvedViewport valid=true min=Vec2(0.0, 0.0) max=Vec2(1280.0, 720.0) w=1280.0 h=720.0
2026-05-23T04:28:10.429325Z  INFO construction_finish_todos: CONSTRUCTION_FINISH_COMPLETE done=8/8
2026-05-23T04:28:10.429333Z  INFO construction_round2_todos: CONSTRUCTION_ROUND2_COMPLETE done=15/15
2026-05-23T04:28:10.429337Z  INFO construction_round3_todos: CONSTRUCTION_ROUND3_COMPLETE done=27/27
2026-05-23T04:28:10.429341Z  INFO construction_operational_todos: CONSTRUCTION_OPERATIONAL_GREEN
2026-05-23T04:28:10.442743Z  INFO stage5_live_todos: STAGE5_MAP_CAMERA_HOOK post_mirror desired_xy=(160.00,160.00) zoom=2.0250 world_main_xy=(160.00,160.00) zoom=2.0250 bridge_drift=0.0000
2026-05-23T04:28:10.446546Z  INFO stage5_live_todos: STAGE5_FIRE_HOOK fire_visual_producer_count=1 (expect 1 for FIRE-01)
2026-05-23T04:28:10.449226Z  INFO stall: STALL after_tile_storage_apply: 21.20ms
2026-05-23T04:28:10.452328Z  INFO stage5_live_todos: STAGE5_SPINE_HOOK policy_present=true graph_present=true fence_committed=true fence_fire_tick=113 world_frame_present=true overlay_rev=3 overlay_chunk_cells=28 atm_partial_dispatch=1 atm_gpu_tex_uploads=0 atm_full_field_fallback=false
2026-05-23T04:28:10.455394Z  INFO industrial_activation_todos: INDUSTRIAL_ACTIVATION_GREEN
2026-05-23T04:28:10.455448Z  INFO stall: STALL pre_egui: 6.22ms
2026-05-23T04:28:10.455453Z  INFO viewport_authority: VIEWPORT_AUTHORITY source=UiMeasured valid=true min=Vec2(0.0, 0.0) max=Vec2(1280.0, 720.0) w=1280.0 h=720.0
2026-05-23T04:28:10.455462Z  INFO viewport_authority::solver: VIEWPORT_SOLVER_TARGET node=SimMapFill valid=true rect.source=SimMapFill w=1280.0 h=720.0
2026-05-23T04:28:10.455465Z  INFO viewport_authority: VIEWPORT_AUTHORITY source=LayoutSolver valid=true min=Vec2(0.0, 0.0) max=Vec2(1280.0, 720.0) w=1280.0 h=720.0
2026-05-23T04:28:10.455468Z  INFO viewport_authority: VIEWPORT_AUTHORITY source=LayoutSolver valid=true min=Vec2(0.0, 0.0) max=Vec2(1280.0, 720.0) w=1280.0 h=720.0
2026-05-23T04:28:10.455471Z  INFO viewport_authority: VIEWPORT_AUTHORITY source=UiCommitted valid=true min=Vec2(0.0, 0.0) max=Vec2(1280.0, 720.0) w=1280.0 h=720.0
2026-05-23T04:28:10.455485Z  INFO viewport_authority: VIEWPORT_AUTHORITY source=CameraApplied valid=true min=Vec2(0.0, 0.0) max=Vec2(1280.0, 720.0) w=1280.0 h=720.0
2026-05-23T04:28:10.455512Z  INFO stage5_live_todos: STAGE5_READINESS_HOOK passes=true violations_first=(none) producer_count=1
2026-05-23T04:28:10.455521Z  INFO visual_aidv2_live_todos: VISUAL_AID_V2_BOARD done=3/6 footprint_ok=false readability=true icons=0
2026-05-23T04:28:10.456755Z  INFO stage5_live_todos: STAGE5_GPU_HOOK indirect_instances=0 dispatch_count=0 draw_instances=0 (PHF-01 alignment)
2026-05-23T04:28:10.457276Z  INFO visual_diag: VISUAL_DIAG window frame=112 periodic=false win_logical=(1280, 720) win_physical=(1280, 720) scale=1.0 app=2 base=2 flow=3 worldgen=5 readiness_profile=Stage5ReadinessProfile { require_vt4: true, require_vt5: true, require_preview: true, require_partial_metrics: true, require_world_frame: true, require_phase_f_proof: true, require_instanced_draw: true }
2026-05-23T04:28:10.457287Z  INFO visual_diag: VISUAL_DIAG sim_viewport frame=112 sim_valid=true sim_adequate=true sim_min=Vec2(0.0, 0.0) sim_max=Vec2(1280.0, 720.0) sim_wh=(1280, 720) measured_valid=true measured_wh=(1280, 720) committed_wh=(1280, 720) sim_held=true settle_streak=4 layout_settled=true frozen=true last_commit="hole_hold" pending_wh=(1280, 720) pending_min=Vec2(0.0, 0.0) pending_max=Vec2(1280.0, 720.0)
2026-05-23T04:28:10.457293Z  INFO visual_diag: VISUAL_DIAG camera frame=112 cam_desired_x=160.0 cam_desired_y=160.0 cam_zoom=2.0249998569488525 latch_hole=true render_hole=true latch_invalid_streak=0 latch_valid_streak=111 cam_scissor=Some((0, 0, 1280, 720)) ortho_fixed_w=632 ortho_fixed_h=356 map_view_px_w=1280 map_view_px_h=720 world_w=320 world_h=320
2026-05-23T04:28:10.457297Z  INFO visual_diag: VISUAL_DIAG resolved_viewports frame=112 resolved_rev=114 primary_valid=true primary_wh=(1280, 720) sim_resolved_valid=true sim_resolved_wh=(1280, 720) preview_valid=true preview_wh=(372, 362) minimap_valid=true minimap_wh=(397, 160) mismatch_preview=false mismatch_minimap=false mismatch_sim_map=false mismatch_stale_tex=false
2026-05-23T04:28:10.457301Z  INFO visual_diag: VISUAL_DIAG map_view_frames frame=112 world_preview_proj_rev=1554780161534 minimap_proj_rev=687224767849 sim_map_proj_rev=3092406454492
2026-05-23T04:28:10.457304Z  INFO visual_diag: VISUAL_DIAG map_presentation frame=112 wp_fit=Contain wp_viewport=UVec2(372, 362) wp_fit_scale=1.10595703125 wp_expected_fit_scale=1.10595703125 wp_zoom=1.0407500267028809 mm_fit=Cover mm_viewport=UVec2(397, 160) mm_fit_scale=1.2409179210662842
2026-05-23T04:28:10.457310Z  INFO visual_diag: VISUAL_DIAG render_spine frame=112 raster_rev=30 repr_band=0 repr_lod="LocalTactical" particle_rows_cap=262144 visual_intent="Strategic" visual_zoom_alpha=0.01843632385134697 fire_particle_rows=0 fire_particle_stamp=113 overlay_rev=3 overlay_chunk_cells=28 graph_fire_inst=0 graph_fire_heat=0 gpu_instance_rows=0 gpu_dispatch=1 gpu_draw=0
2026-05-23T04:28:10.457314Z  INFO visual_diag: VISUAL_DIAG perf frame=112 tile_raster_ms=0.0 tile_raster_ran=false world_repr_ms=0.010599999688565731 projection_graph_ms=0.00020000000949949026 domain_merge_ms=0.00010000000474974513 readiness_ms=0.021700000390410423 cpu_pre_egui_ms=0.0 cpu_egui_ms=0.0 cpu_post_egui_ms=0.0 gpu_gap_ms=0.0
2026-05-23T04:28:10.457318Z  INFO visual_diag: VISUAL_DIAG hud_shell frame=112 cmd_shell=false overlay_tray=false transmission=false
2026-05-23T04:28:10.457339Z  INFO perf: PERF wall=29.33 instr=0.03 gap=29.30 | cpu_pre_egui=27.46 cpu_egui=0.47 cpu_post_egui=1.41 gpu_gap=0.00 | spine=0.00 world_repr=0.01 graph=0.00 merge=0.00 atm=0.00 readiness=0.02 raster=0.00 (idle) | upd_attrib sum=5.96 pv_cpu=0.00 pv_gpu=0.01 fire=0.10 stream=5.72 map_fit=0.00 hud=0.13 wgen=0.00 | budget_sum=0.67 hud=0.13 overlay=0.00 raster_b=0.46 particles=0.00 residency=0.04 tex_reg=0.00 render_x=0.05 | stall first+preupd=0.02 update=0.00 post_dom=0.00 post_vt=0.01 postÔåÆready=0.00 ready=0.07 postÔåÆegui=6.22 egui=0.39 post_egui=1.35 | stall_hits=[after_tile_storage_apply:21.2,pre_egui:6.2]
2026-05-23T04:28:10.457349Z  INFO perf: PERF frame=29.3ms update=27.5ms egui=0.5ms preview=0.0ms streaming=5.7ms tile_apply=0.0ms viewport=0.0ms map_fit=0.0ms repr=0.0ms raster=0.0ms
2026-05-23T04:28:10.457353Z  INFO stall: STALL culprit=after_tile_storage_apply duration=21.2ms frame=29.3ms
2026-05-23T04:28:10.457918Z  INFO viewport_authority: VIEWPORT_AUTHORITY source=ResolvedViewport valid=true min=Vec2(0.0, 0.0) max=Vec2(1280.0, 720.0) w=1280.0 h=720.0
2026-05-23T04:28:10.459081Z  INFO construction_finish_todos: CONSTRUCTION_FINISH_COMPLETE done=8/8
2026-05-23T04:28:10.459090Z  INFO construction_round2_todos: CONSTRUCTION_ROUND2_COMPLETE done=15/15
2026-05-23T04:28:10.459094Z  INFO construction_round3_todos: CONSTRUCTION_ROUND3_COMPLETE done=27/27
2026-05-23T04:28:10.459098Z  INFO construction_operational_todos: CONSTRUCTION_OPERATIONAL_GREEN
2026-05-23T04:28:10.472131Z  INFO stage5_live_todos: STAGE5_MAP_CAMERA_HOOK post_mirror desired_xy=(160.00,160.00) zoom=2.0250 world_main_xy=(160.00,160.00) zoom=2.0250 bridge_drift=0.0000
2026-05-23T04:28:10.475902Z  INFO stage5_live_todos: STAGE5_FIRE_HOOK fire_visual_producer_count=1 (expect 1 for FIRE-01)
2026-05-23T04:28:10.478532Z  INFO stall: STALL after_tile_storage_apply: 20.83ms
2026-05-23T04:28:10.481619Z  INFO stage5_live_todos: STAGE5_SPINE_HOOK policy_present=true graph_present=true fence_committed=true fence_fire_tick=114 world_frame_present=true overlay_rev=3 overlay_chunk_cells=28 atm_partial_dispatch=1 atm_gpu_tex_uploads=0 atm_full_field_fallback=false
2026-05-23T04:28:10.484758Z  INFO industrial_activation_todos: INDUSTRIAL_ACTIVATION_GREEN
2026-05-23T04:28:10.484811Z  INFO stall: STALL pre_egui: 6.28ms
2026-05-23T04:28:10.484816Z  INFO viewport_authority: VIEWPORT_AUTHORITY source=UiMeasured valid=true min=Vec2(0.0, 0.0) max=Vec2(1280.0, 720.0) w=1280.0 h=720.0
2026-05-23T04:28:10.484825Z  INFO viewport_authority::solver: VIEWPORT_SOLVER_TARGET node=SimMapFill valid=true rect.source=SimMapFill w=1280.0 h=720.0
2026-05-23T04:28:10.484829Z  INFO viewport_authority: VIEWPORT_AUTHORITY source=LayoutSolver valid=true min=Vec2(0.0, 0.0) max=Vec2(1280.0, 720.0) w=1280.0 h=720.0
2026-05-23T04:28:10.484832Z  INFO viewport_authority: VIEWPORT_AUTHORITY source=LayoutSolver valid=true min=Vec2(0.0, 0.0) max=Vec2(1280.0, 720.0) w=1280.0 h=720.0
2026-05-23T04:28:10.484835Z  INFO viewport_authority: VIEWPORT_AUTHORITY source=UiCommitted valid=true min=Vec2(0.0, 0.0) max=Vec2(1280.0, 720.0) w=1280.0 h=720.0
2026-05-23T04:28:10.484849Z  INFO viewport_authority: VIEWPORT_AUTHORITY source=CameraApplied valid=true min=Vec2(0.0, 0.0) max=Vec2(1280.0, 720.0) w=1280.0 h=720.0
2026-05-23T04:28:10.484874Z  INFO stage5_live_todos: STAGE5_READINESS_HOOK passes=true violations_first=(none) producer_count=1
2026-05-23T04:28:10.484883Z  INFO visual_aidv2_live_todos: VISUAL_AID_V2_BOARD done=3/6 footprint_ok=false readability=true icons=0
2026-05-23T04:28:10.486078Z  INFO stage5_live_todos: STAGE5_GPU_HOOK indirect_instances=0 dispatch_count=0 draw_instances=0 (PHF-01 alignment)
2026-05-23T04:28:10.486579Z  INFO visual_diag: VISUAL_DIAG window frame=113 periodic=false win_logical=(1280, 720) win_physical=(1280, 720) scale=1.0 app=2 base=2 flow=3 worldgen=5 readiness_profile=Stage5ReadinessProfile { require_vt4: true, require_vt5: true, require_preview: true, require_partial_metrics: true, require_world_frame: true, require_phase_f_proof: true, require_instanced_draw: true }
2026-05-23T04:28:10.486590Z  INFO visual_diag: VISUAL_DIAG sim_viewport frame=113 sim_valid=true sim_adequate=true sim_min=Vec2(0.0, 0.0) sim_max=Vec2(1280.0, 720.0) sim_wh=(1280, 720) measured_valid=true measured_wh=(1280, 720) committed_wh=(1280, 720) sim_held=true settle_streak=4 layout_settled=true frozen=true last_commit="hole_hold" pending_wh=(1280, 720) pending_min=Vec2(0.0, 0.0) pending_max=Vec2(1280.0, 720.0)
2026-05-23T04:28:10.486596Z  INFO visual_diag: VISUAL_DIAG camera frame=113 cam_desired_x=160.0 cam_desired_y=160.0 cam_zoom=2.0249998569488525 latch_hole=true render_hole=true latch_invalid_streak=0 latch_valid_streak=112 cam_scissor=Some((0, 0, 1280, 720)) ortho_fixed_w=632 ortho_fixed_h=356 map_view_px_w=1280 map_view_px_h=720 world_w=320 world_h=320
2026-05-23T04:28:10.486600Z  INFO visual_diag: VISUAL_DIAG resolved_viewports frame=113 resolved_rev=114 primary_valid=true primary_wh=(1280, 720) sim_resolved_valid=true sim_resolved_wh=(1280, 720) preview_valid=true preview_wh=(372, 362) minimap_valid=true minimap_wh=(397, 160) mismatch_preview=false mismatch_minimap=false mismatch_sim_map=false mismatch_stale_tex=false
2026-05-23T04:28:10.486604Z  INFO visual_diag: VISUAL_DIAG map_view_frames frame=113 world_preview_proj_rev=1554780161534 minimap_proj_rev=687224767849 sim_map_proj_rev=3092406454492
2026-05-23T04:28:10.486607Z  INFO visual_diag: VISUAL_DIAG map_presentation frame=113 wp_fit=Contain wp_viewport=UVec2(372, 362) wp_fit_scale=1.10595703125 wp_expected_fit_scale=1.10595703125 wp_zoom=1.0407500267028809 mm_fit=Cover mm_viewport=UVec2(397, 160) mm_fit_scale=1.2409179210662842
2026-05-23T04:28:10.486612Z  INFO visual_diag: VISUAL_DIAG render_spine frame=113 raster_rev=30 repr_band=0 repr_lod="LocalTactical" particle_rows_cap=262144 visual_intent="Strategic" visual_zoom_alpha=0.01843632385134697 fire_particle_rows=0 fire_particle_stamp=114 overlay_rev=3 overlay_chunk_cells=28 graph_fire_inst=0 graph_fire_heat=0 gpu_instance_rows=0 gpu_dispatch=1 gpu_draw=0
2026-05-23T04:28:10.486616Z  INFO visual_diag: VISUAL_DIAG perf frame=113 tile_raster_ms=0.0 tile_raster_ran=false world_repr_ms=0.009499999694526196 projection_graph_ms=0.0003000000142492354 domain_merge_ms=0.00010000000474974513 readiness_ms=0.021800000220537186 cpu_pre_egui_ms=0.0 cpu_egui_ms=0.0 cpu_post_egui_ms=0.0 gpu_gap_ms=0.0
2026-05-23T04:28:10.486619Z  INFO visual_diag: VISUAL_DIAG hud_shell frame=113 cmd_shell=false overlay_tray=false transmission=false
2026-05-23T04:28:10.486645Z  INFO perf: PERF wall=28.96 instr=0.03 gap=28.93 | cpu_pre_egui=27.14 cpu_egui=0.48 cpu_post_egui=1.33 gpu_gap=0.00 | spine=0.00 world_repr=0.01 graph=0.00 merge=0.00 atm=0.00 readiness=0.02 raster=0.00 (idle) | upd_attrib sum=5.88 pv_cpu=0.00 pv_gpu=0.01 fire=0.09 stream=5.66 map_fit=0.00 hud=0.12 wgen=0.00 | budget_sum=0.66 hud=0.12 overlay=0.00 raster_b=0.46 particles=0.00 residency=0.03 tex_reg=0.00 render_x=0.05 | stall first+preupd=0.03 update=0.00 post_dom=0.00 post_vt=0.01 postÔåÆready=0.00 ready=0.06 postÔåÆegui=6.28 egui=0.40 post_egui=1.28 | stall_hits=[after_tile_storage_apply:20.8,pre_egui:6.3]
2026-05-23T04:28:10.486654Z  INFO perf: PERF frame=29.0ms update=27.1ms egui=0.5ms preview=0.0ms streaming=5.7ms tile_apply=0.0ms viewport=0.0ms map_fit=0.0ms repr=0.0ms raster=0.0ms
2026-05-23T04:28:10.486658Z  INFO stall: STALL culprit=after_tile_storage_apply duration=20.8ms frame=29.0ms
2026-05-23T04:28:10.487530Z  INFO viewport_authority: VIEWPORT_AUTHORITY source=ResolvedViewport valid=true min=Vec2(0.0, 0.0) max=Vec2(1280.0, 720.0) w=1280.0 h=720.0
2026-05-23T04:28:10.489389Z  INFO construction_finish_todos: CONSTRUCTION_FINISH_COMPLETE done=8/8
2026-05-23T04:28:10.489398Z  INFO construction_round2_todos: CONSTRUCTION_ROUND2_COMPLETE done=15/15
2026-05-23T04:28:10.489403Z  INFO construction_round3_todos: CONSTRUCTION_ROUND3_COMPLETE done=27/27
2026-05-23T04:28:10.489414Z  INFO construction_operational_todos: CONSTRUCTION_OPERATIONAL_GREEN
2026-05-23T04:28:10.501288Z  INFO stage5_live_todos: STAGE5_MAP_CAMERA_HOOK post_mirror desired_xy=(160.00,160.00) zoom=2.0250 world_main_xy=(160.00,160.00) zoom=2.0250 bridge_drift=0.0000
2026-05-23T04:28:10.505094Z  INFO stage5_live_todos: STAGE5_FIRE_HOOK fire_visual_producer_count=1 (expect 1 for FIRE-01)
2026-05-23T04:28:10.507683Z  INFO stall: STALL after_tile_storage_apply: 20.73ms
2026-05-23T04:28:10.510757Z  INFO stage5_live_todos: STAGE5_SPINE_HOOK policy_present=true graph_present=true fence_committed=true fence_fire_tick=115 world_frame_present=true overlay_rev=3 overlay_chunk_cells=28 atm_partial_dispatch=1 atm_gpu_tex_uploads=0 atm_full_field_fallback=false
2026-05-23T04:28:10.513617Z  INFO industrial_activation_todos: INDUSTRIAL_ACTIVATION_GREEN
2026-05-23T04:28:10.513666Z  INFO stall: STALL pre_egui: 5.98ms
2026-05-23T04:28:10.513676Z  INFO viewport_authority: VIEWPORT_AUTHORITY source=UiMeasured valid=true min=Vec2(0.0, 0.0) max=Vec2(1280.0, 720.0) w=1280.0 h=720.0
2026-05-23T04:28:10.513682Z  INFO viewport_authority::solver: VIEWPORT_SOLVER_TARGET node=SimMapFill valid=true rect.source=SimMapFill w=1280.0 h=720.0
2026-05-23T04:28:10.513685Z  INFO viewport_authority: VIEWPORT_AUTHORITY source=LayoutSolver valid=true min=Vec2(0.0, 0.0) max=Vec2(1280.0, 720.0) w=1280.0 h=720.0
2026-05-23T04:28:10.513688Z  INFO viewport_authority: VIEWPORT_AUTHORITY source=LayoutSolver valid=true min=Vec2(0.0, 0.0) max=Vec2(1280.0, 720.0) w=1280.0 h=720.0
2026-05-23T04:28:10.513691Z  INFO viewport_authority: VIEWPORT_AUTHORITY source=UiCommitted valid=true min=Vec2(0.0, 0.0) max=Vec2(1280.0, 720.0) w=1280.0 h=720.0
2026-05-23T04:28:10.513700Z  INFO viewport_authority: VIEWPORT_AUTHORITY source=CameraApplied valid=true min=Vec2(0.0, 0.0) max=Vec2(1280.0, 720.0) w=1280.0 h=720.0
2026-05-23T04:28:10.513763Z  INFO stage5_live_todos: STAGE5_READINESS_HOOK passes=true violations_first=(none) producer_count=1
2026-05-23T04:28:10.513772Z  INFO visual_aidv2_live_todos: VISUAL_AID_V2_BOARD done=3/6 footprint_ok=false readability=true icons=0
2026-05-23T04:28:10.514924Z  INFO stage5_live_todos: STAGE5_GPU_HOOK indirect_instances=0 dispatch_count=0 draw_instances=0 (PHF-01 alignment)
2026-05-23T04:28:10.515421Z  INFO visual_diag: VISUAL_DIAG window frame=114 periodic=false win_logical=(1280, 720) win_physical=(1280, 720) scale=1.0 app=2 base=2 flow=3 worldgen=5 readiness_profile=Stage5ReadinessProfile { require_vt4: true, require_vt5: true, require_preview: true, require_partial_metrics: true, require_world_frame: true, require_phase_f_proof: true, require_instanced_draw: true }
2026-05-23T04:28:10.515432Z  INFO visual_diag: VISUAL_DIAG sim_viewport frame=114 sim_valid=true sim_adequate=true sim_min=Vec2(0.0, 0.0) sim_max=Vec2(1280.0, 720.0) sim_wh=(1280, 720) measured_valid=true measured_wh=(1280, 720) committed_wh=(1280, 720) sim_held=true settle_streak=4 layout_settled=true frozen=true last_commit="hole_hold" pending_wh=(1280, 720) pending_min=Vec2(0.0, 0.0) pending_max=Vec2(1280.0, 720.0)
2026-05-23T04:28:10.515438Z  INFO visual_diag: VISUAL_DIAG camera frame=114 cam_desired_x=160.0 cam_desired_y=160.0 cam_zoom=2.0249998569488525 latch_hole=true render_hole=true latch_invalid_streak=0 latch_valid_streak=113 cam_scissor=Some((0, 0, 1280, 720)) ortho_fixed_w=632 ortho_fixed_h=356 map_view_px_w=1280 map_view_px_h=720 world_w=320 world_h=320
2026-05-23T04:28:10.515442Z  INFO visual_diag: VISUAL_DIAG resolved_viewports frame=114 resolved_rev=114 primary_valid=true primary_wh=(1280, 720) sim_resolved_valid=true sim_resolved_wh=(1280, 720) preview_valid=true preview_wh=(372, 362) minimap_valid=true minimap_wh=(397, 160) mismatch_preview=false mismatch_minimap=false mismatch_sim_map=false mismatch_stale_tex=false
2026-05-23T04:28:10.515446Z  INFO visual_diag: VISUAL_DIAG map_view_frames frame=114 world_preview_proj_rev=1554780161534 minimap_proj_rev=687224767849 sim_map_proj_rev=3092406454492
2026-05-23T04:28:10.515448Z  INFO visual_diag: VISUAL_DIAG map_presentation frame=114 wp_fit=Contain wp_viewport=UVec2(372, 362) wp_fit_scale=1.10595703125 wp_expected_fit_scale=1.10595703125 wp_zoom=1.0407500267028809 mm_fit=Cover mm_viewport=UVec2(397, 160) mm_fit_scale=1.2409179210662842
2026-05-23T04:28:10.515453Z  INFO visual_diag: VISUAL_DIAG render_spine frame=114 raster_rev=30 repr_band=0 repr_lod="LocalTactical" particle_rows_cap=262144 visual_intent="Strategic" visual_zoom_alpha=0.01843632385134697 fire_particle_rows=0 fire_particle_stamp=115 overlay_rev=3 overlay_chunk_cells=28 graph_fire_inst=0 graph_fire_heat=0 gpu_instance_rows=0 gpu_dispatch=1 gpu_draw=0
2026-05-23T04:28:10.515457Z  INFO visual_diag: VISUAL_DIAG perf frame=114 tile_raster_ms=0.0 tile_raster_ran=false world_repr_ms=0.009100000374019146 projection_graph_ms=0.0003000000142492354 domain_merge_ms=0.0 readiness_ms=0.020600000396370888 cpu_pre_egui_ms=0.0 cpu_egui_ms=0.0 cpu_post_egui_ms=0.0 gpu_gap_ms=0.0
2026-05-23T04:28:10.515461Z  INFO visual_diag: VISUAL_DIAG hud_shell frame=114 cmd_shell=false overlay_tray=false transmission=false
2026-05-23T04:28:10.515477Z  INFO perf: PERF wall=28.55 instr=0.03 gap=28.52 | cpu_pre_egui=26.76 cpu_egui=0.49 cpu_post_egui=1.30 gpu_gap=0.00 | spine=0.00 world_repr=0.01 graph=0.00 merge=0.00 atm=0.00 readiness=0.02 raster=0.00 (idle) | upd_attrib sum=5.84 pv_cpu=0.00 pv_gpu=0.01 fire=0.10 stream=5.60 map_fit=0.00 hud=0.12 wgen=0.00 | budget_sum=0.67 hud=0.12 overlay=0.00 raster_b=0.46 particles=0.00 residency=0.03 tex_reg=0.00 render_x=0.05 | stall first+preupd=0.04 update=0.00 post_dom=0.07 post_vt=0.01 postÔåÆready=0.01 ready=0.03 postÔåÆegui=5.98 egui=0.39 post_egui=1.25 | stall_hits=[after_tile_storage_apply:20.7,pre_egui:6.0]
2026-05-23T04:28:10.515483Z  INFO perf: PERF frame=28.6ms update=26.8ms egui=0.5ms preview=0.0ms streaming=5.6ms tile_apply=0.0ms viewport=0.0ms map_fit=0.0ms repr=0.0ms raster=0.0ms
2026-05-23T04:28:10.515486Z  INFO stall: STALL culprit=after_tile_storage_apply duration=20.7ms frame=28.6ms
2026-05-23T04:28:10.516034Z  INFO viewport_authority: VIEWPORT_AUTHORITY source=ResolvedViewport valid=true min=Vec2(0.0, 0.0) max=Vec2(1280.0, 720.0) w=1280.0 h=720.0
2026-05-23T04:28:10.516989Z  INFO construction_finish_todos: CONSTRUCTION_FINISH_COMPLETE done=8/8
2026-05-23T04:28:10.517001Z  INFO construction_round2_todos: CONSTRUCTION_ROUND2_COMPLETE done=15/15
2026-05-23T04:28:10.517008Z  INFO construction_round3_todos: CONSTRUCTION_ROUND3_COMPLETE done=27/27
2026-05-23T04:28:10.517012Z  INFO construction_operational_todos: CONSTRUCTION_OPERATIONAL_GREEN
2026-05-23T04:28:10.529184Z  INFO stage5_live_todos: STAGE5_MAP_CAMERA_HOOK post_mirror desired_xy=(160.00,160.00) zoom=2.0250 world_main_xy=(160.00,160.00) zoom=2.0250 bridge_drift=0.0000
2026-05-23T04:28:10.533107Z  INFO stage5_live_todos: STAGE5_FIRE_HOOK fire_visual_producer_count=1 (expect 1 for FIRE-01)
2026-05-23T04:28:10.535685Z  INFO stall: STALL after_tile_storage_apply: 19.89ms
2026-05-23T04:28:10.538825Z  INFO stage5_live_todos: STAGE5_SPINE_HOOK policy_present=true graph_present=true fence_committed=true fence_fire_tick=116 world_frame_present=true overlay_rev=3 overlay_chunk_cells=28 atm_partial_dispatch=1 atm_gpu_tex_uploads=0 atm_full_field_fallback=false
2026-05-23T04:28:10.541762Z  INFO industrial_activation_todos: INDUSTRIAL_ACTIVATION_GREEN
2026-05-23T04:28:10.541809Z  INFO stall: STALL pre_egui: 6.12ms
2026-05-23T04:28:10.541815Z  INFO viewport_authority: VIEWPORT_AUTHORITY source=UiMeasured valid=true min=Vec2(0.0, 0.0) max=Vec2(1280.0, 720.0) w=1280.0 h=720.0
2026-05-23T04:28:10.541821Z  INFO viewport_authority::solver: VIEWPORT_SOLVER_TARGET node=SimMapFill valid=true rect.source=SimMapFill w=1280.0 h=720.0
2026-05-23T04:28:10.541824Z  INFO viewport_authority: VIEWPORT_AUTHORITY source=LayoutSolver valid=true min=Vec2(0.0, 0.0) max=Vec2(1280.0, 720.0) w=1280.0 h=720.0
2026-05-23T04:28:10.541828Z  INFO viewport_authority: VIEWPORT_AUTHORITY source=LayoutSolver valid=true min=Vec2(0.0, 0.0) max=Vec2(1280.0, 720.0) w=1280.0 h=720.0
2026-05-23T04:28:10.541831Z  INFO viewport_authority: VIEWPORT_AUTHORITY source=UiCommitted valid=true min=Vec2(0.0, 0.0) max=Vec2(1280.0, 720.0) w=1280.0 h=720.0
2026-05-23T04:28:10.541840Z  INFO viewport_authority: VIEWPORT_AUTHORITY source=CameraApplied valid=true min=Vec2(0.0, 0.0) max=Vec2(1280.0, 720.0) w=1280.0 h=720.0
2026-05-23T04:28:10.541864Z  INFO stage5_live_todos: STAGE5_READINESS_HOOK passes=true violations_first=(none) producer_count=1
2026-05-23T04:28:10.541870Z  INFO visual_aidv2_live_todos: VISUAL_AID_V2_BOARD done=3/6 footprint_ok=false readability=true icons=0
2026-05-23T04:28:10.543089Z  INFO stage5_live_todos: STAGE5_GPU_HOOK indirect_instances=0 dispatch_count=0 draw_instances=0 (PHF-01 alignment)
2026-05-23T04:28:10.543622Z  INFO visual_diag: VISUAL_DIAG window frame=115 periodic=false win_logical=(1280, 720) win_physical=(1280, 720) scale=1.0 app=2 base=2 flow=3 worldgen=5 readiness_profile=Stage5ReadinessProfile { require_vt4: true, require_vt5: true, require_preview: true, require_partial_metrics: true, require_world_frame: true, require_phase_f_proof: true, require_instanced_draw: true }
2026-05-23T04:28:10.543633Z  INFO visual_diag: VISUAL_DIAG sim_viewport frame=115 sim_valid=true sim_adequate=true sim_min=Vec2(0.0, 0.0) sim_max=Vec2(1280.0, 720.0) sim_wh=(1280, 720) measured_valid=true measured_wh=(1280, 720) committed_wh=(1280, 720) sim_held=true settle_streak=4 layout_settled=true frozen=true last_commit="hole_hold" pending_wh=(1280, 720) pending_min=Vec2(0.0, 0.0) pending_max=Vec2(1280.0, 720.0)
2026-05-23T04:28:10.543638Z  INFO visual_diag: VISUAL_DIAG camera frame=115 cam_desired_x=160.0 cam_desired_y=160.0 cam_zoom=2.0249998569488525 latch_hole=true render_hole=true latch_invalid_streak=0 latch_valid_streak=114 cam_scissor=Some((0, 0, 1280, 720)) ortho_fixed_w=632 ortho_fixed_h=356 map_view_px_w=1280 map_view_px_h=720 world_w=320 world_h=320
2026-05-23T04:28:10.543643Z  INFO visual_diag: VISUAL_DIAG resolved_viewports frame=115 resolved_rev=114 primary_valid=true primary_wh=(1280, 720) sim_resolved_valid=true sim_resolved_wh=(1280, 720) preview_valid=true preview_wh=(372, 362) minimap_valid=true minimap_wh=(397, 160) mismatch_preview=false mismatch_minimap=false mismatch_sim_map=false mismatch_stale_tex=false
2026-05-23T04:28:10.543648Z  INFO visual_diag: VISUAL_DIAG map_view_frames frame=115 world_preview_proj_rev=1554780161534 minimap_proj_rev=687224767849 sim_map_proj_rev=3092406454492
2026-05-23T04:28:10.543651Z  INFO visual_diag: VISUAL_DIAG map_presentation frame=115 wp_fit=Contain wp_viewport=UVec2(372, 362) wp_fit_scale=1.10595703125 wp_expected_fit_scale=1.10595703125 wp_zoom=1.0407500267028809 mm_fit=Cover mm_viewport=UVec2(397, 160) mm_fit_scale=1.2409179210662842
2026-05-23T04:28:10.543656Z  INFO visual_diag: VISUAL_DIAG render_spine frame=115 raster_rev=30 repr_band=0 repr_lod="LocalTactical" particle_rows_cap=262144 visual_intent="Strategic" visual_zoom_alpha=0.01843632385134697 fire_particle_rows=0 fire_particle_stamp=116 overlay_rev=3 overlay_chunk_cells=28 graph_fire_inst=0 graph_fire_heat=0 gpu_instance_rows=0 gpu_dispatch=1 gpu_draw=0
2026-05-23T04:28:10.543660Z  INFO visual_diag: VISUAL_DIAG perf frame=115 tile_raster_ms=0.0 tile_raster_ran=false world_repr_ms=0.009600000455975533 projection_graph_ms=0.00020000000949949026 domain_merge_ms=0.00010000000474974513 readiness_ms=0.017500000074505806 cpu_pre_egui_ms=0.0 cpu_egui_ms=0.0 cpu_post_egui_ms=0.0 gpu_gap_ms=0.0
2026-05-23T04:28:10.543664Z  INFO visual_diag: VISUAL_DIAG hud_shell frame=115 cmd_shell=false overlay_tray=false transmission=false
2026-05-23T04:28:10.543690Z  INFO perf: PERF wall=27.92 instr=0.03 gap=27.89 | cpu_pre_egui=26.06 cpu_egui=0.48 cpu_post_egui=1.38 gpu_gap=0.00 | spine=0.00 world_repr=0.01 graph=0.00 merge=0.00 atm=0.00 readiness=0.02 raster=0.00 (idle) | upd_attrib sum=5.88 pv_cpu=0.00 pv_gpu=0.00 fire=0.10 stream=5.66 map_fit=0.00 hud=0.12 wgen=0.00 | budget_sum=0.66 hud=0.12 overlay=0.00 raster_b=0.46 particles=0.00 residency=0.03 tex_reg=0.00 render_x=0.05 | stall first+preupd=0.04 update=0.00 post_dom=0.00 post_vt=0.02 postÔåÆready=0.00 ready=0.04 postÔåÆegui=6.12 egui=0.41 post_egui=1.32 | stall_hits=[after_tile_storage_apply:19.9,pre_egui:6.1]
2026-05-23T04:28:10.543699Z  INFO perf: PERF frame=27.9ms update=26.1ms egui=0.5ms preview=0.0ms streaming=5.7ms tile_apply=0.0ms viewport=0.0ms map_fit=0.0ms repr=0.0ms raster=0.0ms
2026-05-23T04:28:10.543703Z  INFO stall: STALL culprit=after_tile_storage_apply duration=19.9ms frame=27.9ms
2026-05-23T04:28:10.544221Z  INFO viewport_authority: VIEWPORT_AUTHORITY source=ResolvedViewport valid=true min=Vec2(0.0, 0.0) max=Vec2(1280.0, 720.0) w=1280.0 h=720.0
2026-05-23T04:28:10.545187Z  INFO construction_finish_todos: CONSTRUCTION_FINISH_COMPLETE done=8/8
2026-05-23T04:28:10.545198Z  INFO construction_round2_todos: CONSTRUCTION_ROUND2_COMPLETE done=15/15
2026-05-23T04:28:10.545205Z  INFO construction_round3_todos: CONSTRUCTION_ROUND3_COMPLETE done=27/27
2026-05-23T04:28:10.545209Z  INFO construction_operational_todos: CONSTRUCTION_OPERATIONAL_GREEN
2026-05-23T04:28:10.557816Z  INFO stage5_live_todos: STAGE5_MAP_CAMERA_HOOK post_mirror desired_xy=(160.00,160.00) zoom=2.0250 world_main_xy=(160.00,160.00) zoom=2.0250 bridge_drift=0.0000
2026-05-23T04:28:10.561580Z  INFO stage5_live_todos: STAGE5_FIRE_HOOK fire_visual_producer_count=1 (expect 1 for FIRE-01)
2026-05-23T04:28:10.564183Z  INFO stall: STALL after_tile_storage_apply: 20.18ms
2026-05-23T04:28:10.567260Z  INFO stage5_live_todos: STAGE5_SPINE_HOOK policy_present=true graph_present=true fence_committed=true fence_fire_tick=117 world_frame_present=true overlay_rev=3 overlay_chunk_cells=28 atm_partial_dispatch=1 atm_gpu_tex_uploads=0 atm_full_field_fallback=false
2026-05-23T04:28:10.570169Z  INFO industrial_activation_todos: INDUSTRIAL_ACTIVATION_GREEN
2026-05-23T04:28:10.570223Z  INFO stall: STALL pre_egui: 6.04ms
2026-05-23T04:28:10.570230Z  INFO viewport_authority: VIEWPORT_AUTHORITY source=UiMeasured valid=true min=Vec2(0.0, 0.0) max=Vec2(1280.0, 720.0) w=1280.0 h=720.0
2026-05-23T04:28:10.570239Z  INFO viewport_authority::solver: VIEWPORT_SOLVER_TARGET node=SimMapFill valid=true rect.source=SimMapFill w=1280.0 h=720.0
2026-05-23T04:28:10.570243Z  INFO viewport_authority: VIEWPORT_AUTHORITY source=LayoutSolver valid=true min=Vec2(0.0, 0.0) max=Vec2(1280.0, 720.0) w=1280.0 h=720.0
2026-05-23T04:28:10.570246Z  INFO viewport_authority: VIEWPORT_AUTHORITY source=LayoutSolver valid=true min=Vec2(0.0, 0.0) max=Vec2(1280.0, 720.0) w=1280.0 h=720.0
2026-05-23T04:28:10.570249Z  INFO viewport_authority: VIEWPORT_AUTHORITY source=UiCommitted valid=true min=Vec2(0.0, 0.0) max=Vec2(1280.0, 720.0) w=1280.0 h=720.0
2026-05-23T04:28:10.570260Z  INFO viewport_authority: VIEWPORT_AUTHORITY source=CameraApplied valid=true min=Vec2(0.0, 0.0) max=Vec2(1280.0, 720.0) w=1280.0 h=720.0
2026-05-23T04:28:10.570260Z  INFO stage5_full_app_harness: visual probe waiting for FINISH-UX-06 streak streak=116 target_streak=120 frames_after_capture=46
2026-05-23T04:28:10.570284Z  INFO stage5_live_todos: STAGE5_READINESS_HOOK passes=true violations_first=(none) producer_count=1
2026-05-23T04:28:10.570291Z  INFO visual_aidv2_live_todos: VISUAL_AID_V2_BOARD done=3/6 footprint_ok=false readability=true icons=0
2026-05-23T04:28:10.571461Z  INFO stage5_live_todos: STAGE5_GPU_HOOK indirect_instances=0 dispatch_count=0 draw_instances=0 (PHF-01 alignment)
2026-05-23T04:28:10.571954Z  INFO visual_diag: VISUAL_DIAG window frame=116 periodic=false win_logical=(1280, 720) win_physical=(1280, 720) scale=1.0 app=2 base=2 flow=3 worldgen=5 readiness_profile=Stage5ReadinessProfile { require_vt4: true, require_vt5: true, require_preview: true, require_partial_metrics: true, require_world_frame: true, require_phase_f_proof: true, require_instanced_draw: true }
2026-05-23T04:28:10.571965Z  INFO visual_diag: VISUAL_DIAG sim_viewport frame=116 sim_valid=true sim_adequate=true sim_min=Vec2(0.0, 0.0) sim_max=Vec2(1280.0, 720.0) sim_wh=(1280, 720) measured_valid=true measured_wh=(1280, 720) committed_wh=(1280, 720) sim_held=true settle_streak=4 layout_settled=true frozen=true last_commit="hole_hold" pending_wh=(1280, 720) pending_min=Vec2(0.0, 0.0) pending_max=Vec2(1280.0, 720.0)
2026-05-23T04:28:10.571971Z  INFO visual_diag: VISUAL_DIAG camera frame=116 cam_desired_x=160.0 cam_desired_y=160.0 cam_zoom=2.0249998569488525 latch_hole=true render_hole=true latch_invalid_streak=0 latch_valid_streak=115 cam_scissor=Some((0, 0, 1280, 720)) ortho_fixed_w=632 ortho_fixed_h=356 map_view_px_w=1280 map_view_px_h=720 world_w=320 world_h=320
2026-05-23T04:28:10.571975Z  INFO visual_diag: VISUAL_DIAG resolved_viewports frame=116 resolved_rev=114 primary_valid=true primary_wh=(1280, 720) sim_resolved_valid=true sim_resolved_wh=(1280, 720) preview_valid=true preview_wh=(372, 362) minimap_valid=true minimap_wh=(397, 160) mismatch_preview=false mismatch_minimap=false mismatch_sim_map=false mismatch_stale_tex=false
2026-05-23T04:28:10.571978Z  INFO visual_diag: VISUAL_DIAG map_view_frames frame=116 world_preview_proj_rev=1554780161534 minimap_proj_rev=687224767849 sim_map_proj_rev=3092406454492
2026-05-23T04:28:10.571981Z  INFO visual_diag: VISUAL_DIAG map_presentation frame=116 wp_fit=Contain wp_viewport=UVec2(372, 362) wp_fit_scale=1.10595703125 wp_expected_fit_scale=1.10595703125 wp_zoom=1.0407500267028809 mm_fit=Cover mm_viewport=UVec2(397, 160) mm_fit_scale=1.2409179210662842
2026-05-23T04:28:10.571986Z  INFO visual_diag: VISUAL_DIAG render_spine frame=116 raster_rev=30 repr_band=0 repr_lod="LocalTactical" particle_rows_cap=262144 visual_intent="Strategic" visual_zoom_alpha=0.01843632385134697 fire_particle_rows=0 fire_particle_stamp=117 overlay_rev=3 overlay_chunk_cells=28 graph_fire_inst=0 graph_fire_heat=0 gpu_instance_rows=0 gpu_dispatch=1 gpu_draw=0
2026-05-23T04:28:10.571989Z  INFO visual_diag: VISUAL_DIAG perf frame=116 tile_raster_ms=0.0 tile_raster_ran=false world_repr_ms=0.009700000286102295 projection_graph_ms=0.00020000000949949026 domain_merge_ms=0.00010000000474974513 readiness_ms=0.01769999973475933 cpu_pre_egui_ms=0.0 cpu_egui_ms=0.0 cpu_post_egui_ms=0.0 gpu_gap_ms=0.0
2026-05-23T04:28:10.571993Z  INFO visual_diag: VISUAL_DIAG hud_shell frame=116 cmd_shell=false overlay_tray=false transmission=false
2026-05-23T04:28:10.572008Z  INFO perf: PERF wall=28.04 instr=0.03 gap=28.01 | cpu_pre_egui=26.26 cpu_egui=0.45 cpu_post_egui=1.32 gpu_gap=0.00 | spine=0.00 world_repr=0.01 graph=0.00 merge=0.00 atm=0.00 readiness=0.02 raster=0.00 (idle) | upd_attrib sum=5.84 pv_cpu=0.00 pv_gpu=0.00 fire=0.09 stream=5.63 map_fit=0.00 hud=0.12 wgen=0.00 | budget_sum=0.66 hud=0.12 overlay=0.00 raster_b=0.46 particles=0.00 residency=0.03 tex_reg=0.00 render_x=0.05 | stall first+preupd=0.04 update=0.00 post_dom=0.01 post_vt=0.01 postÔåÆready=0.00 ready=0.06 postÔåÆegui=6.04 egui=0.38 post_egui=1.27 | stall_hits=[after_tile_storage_apply:20.2,pre_egui:6.0]
2026-05-23T04:28:10.572015Z  INFO perf: PERF frame=28.0ms update=26.3ms egui=0.5ms preview=0.0ms streaming=5.6ms tile_apply=0.0ms viewport=0.0ms map_fit=0.0ms repr=0.0ms raster=0.0ms
2026-05-23T04:28:10.572018Z  INFO stall: STALL culprit=after_tile_storage_apply duration=20.2ms frame=28.0ms
2026-05-23T04:28:10.572554Z  INFO viewport_authority: VIEWPORT_AUTHORITY source=ResolvedViewport valid=true min=Vec2(0.0, 0.0) max=Vec2(1280.0, 720.0) w=1280.0 h=720.0
2026-05-23T04:28:10.574105Z  INFO construction_finish_todos: CONSTRUCTION_FINISH_COMPLETE done=8/8
2026-05-23T04:28:10.574113Z  INFO construction_round2_todos: CONSTRUCTION_ROUND2_COMPLETE done=15/15
2026-05-23T04:28:10.574117Z  INFO construction_round3_todos: CONSTRUCTION_ROUND3_COMPLETE done=27/27
2026-05-23T04:28:10.574120Z  INFO construction_operational_todos: CONSTRUCTION_OPERATIONAL_GREEN
2026-05-23T04:28:10.585712Z  INFO stage5_live_todos: STAGE5_MAP_CAMERA_HOOK post_mirror desired_xy=(160.00,160.00) zoom=2.0250 world_main_xy=(160.00,160.00) zoom=2.0250 bridge_drift=0.0000
2026-05-23T04:28:10.589607Z  INFO stage5_live_todos: STAGE5_FIRE_HOOK fire_visual_producer_count=1 (expect 1 for FIRE-01)
2026-05-23T04:28:10.592331Z  INFO stall: STALL after_tile_storage_apply: 20.04ms
2026-05-23T04:28:10.595407Z  INFO stage5_live_todos: STAGE5_SPINE_HOOK policy_present=true graph_present=true fence_committed=true fence_fire_tick=118 world_frame_present=true overlay_rev=3 overlay_chunk_cells=28 atm_partial_dispatch=1 atm_gpu_tex_uploads=0 atm_full_field_fallback=false
2026-05-23T04:28:10.598300Z  INFO industrial_activation_todos: INDUSTRIAL_ACTIVATION_GREEN
2026-05-23T04:28:10.598352Z  INFO stall: STALL pre_egui: 6.02ms
2026-05-23T04:28:10.598363Z  INFO viewport_authority: VIEWPORT_AUTHORITY source=UiMeasured valid=true min=Vec2(0.0, 0.0) max=Vec2(1280.0, 720.0) w=1280.0 h=720.0
2026-05-23T04:28:10.598371Z  INFO viewport_authority::solver: VIEWPORT_SOLVER_TARGET node=SimMapFill valid=true rect.source=SimMapFill w=1280.0 h=720.0
2026-05-23T04:28:10.598375Z  INFO viewport_authority: VIEWPORT_AUTHORITY source=LayoutSolver valid=true min=Vec2(0.0, 0.0) max=Vec2(1280.0, 720.0) w=1280.0 h=720.0
2026-05-23T04:28:10.598378Z  INFO viewport_authority: VIEWPORT_AUTHORITY source=LayoutSolver valid=true min=Vec2(0.0, 0.0) max=Vec2(1280.0, 720.0) w=1280.0 h=720.0
2026-05-23T04:28:10.598381Z  INFO viewport_authority: VIEWPORT_AUTHORITY source=UiCommitted valid=true min=Vec2(0.0, 0.0) max=Vec2(1280.0, 720.0) w=1280.0 h=720.0
2026-05-23T04:28:10.598393Z  INFO viewport_authority: VIEWPORT_AUTHORITY source=CameraApplied valid=true min=Vec2(0.0, 0.0) max=Vec2(1280.0, 720.0) w=1280.0 h=720.0
2026-05-23T04:28:10.598413Z  INFO stage5_live_todos: STAGE5_READINESS_HOOK passes=true violations_first=(none) producer_count=1
2026-05-23T04:28:10.598423Z  INFO visual_aidv2_live_todos: VISUAL_AID_V2_BOARD done=3/6 footprint_ok=false readability=true icons=0
2026-05-23T04:28:10.599679Z  INFO stage5_live_todos: STAGE5_GPU_HOOK indirect_instances=0 dispatch_count=0 draw_instances=0 (PHF-01 alignment)
2026-05-23T04:28:10.600176Z  INFO visual_diag: VISUAL_DIAG window frame=117 periodic=false win_logical=(1280, 720) win_physical=(1280, 720) scale=1.0 app=2 base=2 flow=3 worldgen=5 readiness_profile=Stage5ReadinessProfile { require_vt4: true, require_vt5: true, require_preview: true, require_partial_metrics: true, require_world_frame: true, require_phase_f_proof: true, require_instanced_draw: true }
2026-05-23T04:28:10.600187Z  INFO visual_diag: VISUAL_DIAG sim_viewport frame=117 sim_valid=true sim_adequate=true sim_min=Vec2(0.0, 0.0) sim_max=Vec2(1280.0, 720.0) sim_wh=(1280, 720) measured_valid=true measured_wh=(1280, 720) committed_wh=(1280, 720) sim_held=true settle_streak=4 layout_settled=true frozen=true last_commit="hole_hold" pending_wh=(1280, 720) pending_min=Vec2(0.0, 0.0) pending_max=Vec2(1280.0, 720.0)
2026-05-23T04:28:10.600193Z  INFO visual_diag: VISUAL_DIAG camera frame=117 cam_desired_x=160.0 cam_desired_y=160.0 cam_zoom=2.0249998569488525 latch_hole=true render_hole=true latch_invalid_streak=0 latch_valid_streak=116 cam_scissor=Some((0, 0, 1280, 720)) ortho_fixed_w=632 ortho_fixed_h=356 map_view_px_w=1280 map_view_px_h=720 world_w=320 world_h=320
2026-05-23T04:28:10.600198Z  INFO visual_diag: VISUAL_DIAG resolved_viewports frame=117 resolved_rev=114 primary_valid=true primary_wh=(1280, 720) sim_resolved_valid=true sim_resolved_wh=(1280, 720) preview_valid=true preview_wh=(372, 362) minimap_valid=true minimap_wh=(397, 160) mismatch_preview=false mismatch_minimap=false mismatch_sim_map=false mismatch_stale_tex=false
2026-05-23T04:28:10.600203Z  INFO visual_diag: VISUAL_DIAG map_view_frames frame=117 world_preview_proj_rev=1554780161534 minimap_proj_rev=687224767849 sim_map_proj_rev=3092406454492
2026-05-23T04:28:10.600205Z  INFO visual_diag: VISUAL_DIAG map_presentation frame=117 wp_fit=Contain wp_viewport=UVec2(372, 362) wp_fit_scale=1.10595703125 wp_expected_fit_scale=1.10595703125 wp_zoom=1.0407500267028809 mm_fit=Cover mm_viewport=UVec2(397, 160) mm_fit_scale=1.2409179210662842
2026-05-23T04:28:10.600210Z  INFO visual_diag: VISUAL_DIAG render_spine frame=117 raster_rev=30 repr_band=0 repr_lod="LocalTactical" particle_rows_cap=262144 visual_intent="Strategic" visual_zoom_alpha=0.01843632385134697 fire_particle_rows=0 fire_particle_stamp=118 overlay_rev=3 overlay_chunk_cells=28 graph_fire_inst=0 graph_fire_heat=0 gpu_instance_rows=0 gpu_dispatch=1 gpu_draw=0
2026-05-23T04:28:10.600216Z  INFO visual_diag: VISUAL_DIAG perf frame=117 tile_raster_ms=0.0 tile_raster_ran=false world_repr_ms=0.010900000110268593 projection_graph_ms=0.0003000000142492354 domain_merge_ms=0.0 readiness_ms=0.021900000050663948 cpu_pre_egui_ms=0.0 cpu_egui_ms=0.0 cpu_post_egui_ms=0.0 gpu_gap_ms=0.0
2026-05-23T04:28:10.600219Z  INFO visual_diag: VISUAL_DIAG hud_shell frame=117 cmd_shell=false overlay_tray=false transmission=false
2026-05-23T04:28:10.600242Z  INFO perf: PERF wall=27.97 instr=0.03 gap=27.94 | cpu_pre_egui=26.10 cpu_egui=0.49 cpu_post_egui=1.38 gpu_gap=0.00 | spine=0.00 world_repr=0.01 graph=0.00 merge=0.00 atm=0.00 readiness=0.02 raster=0.00 (idle) | upd_attrib sum=5.97 pv_cpu=0.00 pv_gpu=0.00 fire=0.10 stream=5.74 map_fit=0.00 hud=0.12 wgen=0.00 | budget_sum=0.67 hud=0.12 overlay=0.00 raster_b=0.46 particles=0.00 residency=0.03 tex_reg=0.00 render_x=0.05 | stall first+preupd=0.03 update=0.01 post_dom=0.00 post_vt=0.01 postÔåÆready=0.00 ready=0.06 postÔåÆegui=6.02 egui=0.41 post_egui=1.32 | stall_hits=[after_tile_storage_apply:20.0,pre_egui:6.0]
2026-05-23T04:28:10.600252Z  INFO perf: PERF frame=28.0ms update=26.1ms egui=0.5ms preview=0.0ms streaming=5.7ms tile_apply=0.0ms viewport=0.0ms map_fit=0.0ms repr=0.0ms raster=0.0ms
2026-05-23T04:28:10.600256Z  INFO stall: STALL culprit=after_tile_storage_apply duration=20.0ms frame=28.0ms
2026-05-23T04:28:10.600775Z  INFO viewport_authority: VIEWPORT_AUTHORITY source=ResolvedViewport valid=true min=Vec2(0.0, 0.0) max=Vec2(1280.0, 720.0) w=1280.0 h=720.0
2026-05-23T04:28:10.601702Z  INFO construction_finish_todos: CONSTRUCTION_FINISH_COMPLETE done=8/8
2026-05-23T04:28:10.601711Z  INFO construction_round2_todos: CONSTRUCTION_ROUND2_COMPLETE done=15/15
2026-05-23T04:28:10.601715Z  INFO construction_round3_todos: CONSTRUCTION_ROUND3_COMPLETE done=27/27
2026-05-23T04:28:10.601718Z  INFO construction_operational_todos: CONSTRUCTION_OPERATIONAL_GREEN
2026-05-23T04:28:10.612464Z  INFO stage5_live_todos: STAGE5_MAP_CAMERA_HOOK post_mirror desired_xy=(160.00,160.00) zoom=2.0250 world_main_xy=(160.00,160.00) zoom=2.0250 bridge_drift=0.0000
2026-05-23T04:28:10.616160Z  INFO stage5_live_todos: STAGE5_FIRE_HOOK fire_visual_producer_count=1 (expect 1 for FIRE-01)
2026-05-23T04:28:10.618730Z  INFO stall: STALL after_tile_storage_apply: 18.19ms
2026-05-23T04:28:10.621800Z  INFO stage5_live_todos: STAGE5_SPINE_HOOK policy_present=true graph_present=true fence_committed=true fence_fire_tick=119 world_frame_present=true overlay_rev=3 overlay_chunk_cells=28 atm_partial_dispatch=1 atm_gpu_tex_uploads=0 atm_full_field_fallback=false
2026-05-23T04:28:10.624792Z  INFO industrial_activation_todos: INDUSTRIAL_ACTIVATION_GREEN
2026-05-23T04:28:10.624840Z  INFO stall: STALL pre_egui: 6.11ms
2026-05-23T04:28:10.624849Z  INFO viewport_authority: VIEWPORT_AUTHORITY source=UiMeasured valid=true min=Vec2(0.0, 0.0) max=Vec2(1280.0, 720.0) w=1280.0 h=720.0
2026-05-23T04:28:10.624857Z  INFO viewport_authority::solver: VIEWPORT_SOLVER_TARGET node=SimMapFill valid=true rect.source=SimMapFill w=1280.0 h=720.0
2026-05-23T04:28:10.624860Z  INFO viewport_authority: VIEWPORT_AUTHORITY source=LayoutSolver valid=true min=Vec2(0.0, 0.0) max=Vec2(1280.0, 720.0) w=1280.0 h=720.0
2026-05-23T04:28:10.624863Z  INFO viewport_authority: VIEWPORT_AUTHORITY source=LayoutSolver valid=true min=Vec2(0.0, 0.0) max=Vec2(1280.0, 720.0) w=1280.0 h=720.0
2026-05-23T04:28:10.624866Z  INFO viewport_authority: VIEWPORT_AUTHORITY source=UiCommitted valid=true min=Vec2(0.0, 0.0) max=Vec2(1280.0, 720.0) w=1280.0 h=720.0
2026-05-23T04:28:10.624880Z  INFO viewport_authority: VIEWPORT_AUTHORITY source=CameraApplied valid=true min=Vec2(0.0, 0.0) max=Vec2(1280.0, 720.0) w=1280.0 h=720.0
2026-05-23T04:28:10.624905Z  INFO stage5_live_todos: STAGE5_READINESS_HOOK passes=true violations_first=(none) producer_count=1
2026-05-23T04:28:10.624914Z  INFO visual_aidv2_live_todos: VISUAL_AID_V2_BOARD done=3/6 footprint_ok=false readability=true icons=0
2026-05-23T04:28:10.626063Z  INFO stage5_live_todos: STAGE5_GPU_HOOK indirect_instances=0 dispatch_count=0 draw_instances=0 (PHF-01 alignment)
2026-05-23T04:28:10.626548Z  INFO visual_diag: VISUAL_DIAG window frame=118 periodic=false win_logical=(1280, 720) win_physical=(1280, 720) scale=1.0 app=2 base=2 flow=3 worldgen=5 readiness_profile=Stage5ReadinessProfile { require_vt4: true, require_vt5: true, require_preview: true, require_partial_metrics: true, require_world_frame: true, require_phase_f_proof: true, require_instanced_draw: true }
2026-05-23T04:28:10.626558Z  INFO visual_diag: VISUAL_DIAG sim_viewport frame=118 sim_valid=true sim_adequate=true sim_min=Vec2(0.0, 0.0) sim_max=Vec2(1280.0, 720.0) sim_wh=(1280, 720) measured_valid=true measured_wh=(1280, 720) committed_wh=(1280, 720) sim_held=true settle_streak=4 layout_settled=true frozen=true last_commit="hole_hold" pending_wh=(1280, 720) pending_min=Vec2(0.0, 0.0) pending_max=Vec2(1280.0, 720.0)
2026-05-23T04:28:10.626564Z  INFO visual_diag: VISUAL_DIAG camera frame=118 cam_desired_x=160.0 cam_desired_y=160.0 cam_zoom=2.0249998569488525 latch_hole=true render_hole=true latch_invalid_streak=0 latch_valid_streak=117 cam_scissor=Some((0, 0, 1280, 720)) ortho_fixed_w=632 ortho_fixed_h=356 map_view_px_w=1280 map_view_px_h=720 world_w=320 world_h=320
2026-05-23T04:28:10.626568Z  INFO visual_diag: VISUAL_DIAG resolved_viewports frame=118 resolved_rev=114 primary_valid=true primary_wh=(1280, 720) sim_resolved_valid=true sim_resolved_wh=(1280, 720) preview_valid=true preview_wh=(372, 362) minimap_valid=true minimap_wh=(397, 160) mismatch_preview=false mismatch_minimap=false mismatch_sim_map=false mismatch_stale_tex=false
2026-05-23T04:28:10.626571Z  INFO visual_diag: VISUAL_DIAG map_view_frames frame=118 world_preview_proj_rev=1554780161534 minimap_proj_rev=687224767849 sim_map_proj_rev=3092406454492
2026-05-23T04:28:10.626574Z  INFO visual_diag: VISUAL_DIAG map_presentation frame=118 wp_fit=Contain wp_viewport=UVec2(372, 362) wp_fit_scale=1.10595703125 wp_expected_fit_scale=1.10595703125 wp_zoom=1.0407500267028809 mm_fit=Cover mm_viewport=UVec2(397, 160) mm_fit_scale=1.2409179210662842
2026-05-23T04:28:10.626578Z  INFO visual_diag: VISUAL_DIAG render_spine frame=118 raster_rev=30 repr_band=0 repr_lod="LocalTactical" particle_rows_cap=262144 visual_intent="Strategic" visual_zoom_alpha=0.01843632385134697 fire_particle_rows=0 fire_particle_stamp=119 overlay_rev=3 overlay_chunk_cells=28 graph_fire_inst=0 graph_fire_heat=0 gpu_instance_rows=0 gpu_dispatch=1 gpu_draw=0
2026-05-23T04:28:10.626582Z  INFO visual_diag: VISUAL_DIAG perf frame=118 tile_raster_ms=0.0 tile_raster_ran=false world_repr_ms=0.01080000028014183 projection_graph_ms=0.00020000000949949026 domain_merge_ms=0.00010000000474974513 readiness_ms=0.020800000056624413 cpu_pre_egui_ms=0.0 cpu_egui_ms=0.0 cpu_post_egui_ms=0.0 gpu_gap_ms=0.0
2026-05-23T04:28:10.626585Z  INFO visual_diag: VISUAL_DIAG hud_shell frame=118 cmd_shell=false overlay_tray=false transmission=false
2026-05-23T04:28:10.626606Z  INFO perf: PERF wall=26.09 instr=0.03 gap=26.06 | cpu_pre_egui=24.34 cpu_egui=0.46 cpu_post_egui=1.29 gpu_gap=0.00 | spine=0.00 world_repr=0.01 graph=0.00 merge=0.00 atm=0.00 readiness=0.02 raster=0.00 (idle) | upd_attrib sum=5.82 pv_cpu=0.00 pv_gpu=0.00 fire=0.12 stream=5.58 map_fit=0.00 hud=0.12 wgen=0.00 | budget_sum=0.67 hud=0.12 overlay=0.00 raster_b=0.46 particles=0.00 residency=0.04 tex_reg=0.00 render_x=0.05 | stall first+preupd=0.03 update=0.00 post_dom=0.01 post_vt=0.02 postÔåÆready=0.00 ready=0.06 postÔåÆegui=6.11 egui=0.38 post_egui=1.23 | stall_hits=[after_tile_storage_apply:18.2,pre_egui:6.1]
2026-05-23T04:28:10.626622Z  INFO perf: PERF frame=26.1ms update=24.3ms egui=0.5ms preview=0.0ms streaming=5.6ms tile_apply=0.0ms viewport=0.0ms map_fit=0.0ms repr=0.0ms raster=0.0ms
2026-05-23T04:28:10.626626Z  INFO stall: STALL culprit=after_tile_storage_apply duration=18.2ms frame=26.1ms
2026-05-23T04:28:10.627203Z  INFO viewport_authority: VIEWPORT_AUTHORITY source=ResolvedViewport valid=true min=Vec2(0.0, 0.0) max=Vec2(1280.0, 720.0) w=1280.0 h=720.0
2026-05-23T04:28:10.628151Z  INFO construction_finish_todos: CONSTRUCTION_FINISH_COMPLETE done=8/8
2026-05-23T04:28:10.628166Z  INFO construction_round2_todos: CONSTRUCTION_ROUND2_COMPLETE done=15/15
2026-05-23T04:28:10.628172Z  INFO construction_round3_todos: CONSTRUCTION_ROUND3_COMPLETE done=27/27
2026-05-23T04:28:10.628176Z  INFO construction_operational_todos: CONSTRUCTION_OPERATIONAL_GREEN
2026-05-23T04:28:10.637934Z  INFO stage5_live_todos: STAGE5_MAP_CAMERA_HOOK post_mirror desired_xy=(160.00,160.00) zoom=2.0250 world_main_xy=(160.00,160.00) zoom=2.0250 bridge_drift=0.0000
2026-05-23T04:28:10.641829Z  INFO stage5_live_todos: STAGE5_FIRE_HOOK fire_visual_producer_count=1 (expect 1 for FIRE-01)
2026-05-23T04:28:10.644585Z  INFO stall: STALL after_tile_storage_apply: 17.64ms
2026-05-23T04:28:10.647669Z  INFO stage5_live_todos: STAGE5_SPINE_HOOK policy_present=true graph_present=true fence_committed=true fence_fire_tick=120 world_frame_present=true overlay_rev=3 overlay_chunk_cells=28 atm_partial_dispatch=1 atm_gpu_tex_uploads=0 atm_full_field_fallback=false
2026-05-23T04:28:10.651386Z  INFO industrial_activation_todos: INDUSTRIAL_ACTIVATION_GREEN
2026-05-23T04:28:10.651436Z  INFO stall: STALL pre_egui: 6.85ms
2026-05-23T04:28:10.651445Z  INFO viewport_authority: VIEWPORT_AUTHORITY source=UiMeasured valid=true min=Vec2(0.0, 0.0) max=Vec2(1280.0, 720.0) w=1280.0 h=720.0
2026-05-23T04:28:10.651458Z  INFO viewport_authority::solver: VIEWPORT_SOLVER_TARGET node=SimMapFill valid=true rect.source=SimMapFill w=1280.0 h=720.0
2026-05-23T04:28:10.651471Z  INFO viewport_authority: VIEWPORT_AUTHORITY source=LayoutSolver valid=true min=Vec2(0.0, 0.0) max=Vec2(1280.0, 720.0) w=1280.0 h=720.0
2026-05-23T04:28:10.651477Z  INFO viewport_authority: VIEWPORT_AUTHORITY source=LayoutSolver valid=true min=Vec2(0.0, 0.0) max=Vec2(1280.0, 720.0) w=1280.0 h=720.0
2026-05-23T04:28:10.651481Z  INFO viewport_authority: VIEWPORT_AUTHORITY source=UiCommitted valid=true min=Vec2(0.0, 0.0) max=Vec2(1280.0, 720.0) w=1280.0 h=720.0
2026-05-23T04:28:10.651495Z  INFO viewport_authority: VIEWPORT_AUTHORITY source=CameraApplied valid=true min=Vec2(0.0, 0.0) max=Vec2(1280.0, 720.0) w=1280.0 h=720.0
2026-05-23T04:28:10.651518Z  INFO stage5_live_todos: STAGE5_BOARD_QUIET subsystem=evaluate_app_stage5_readiness passes=true done=13/13 inv=120
2026-05-23T04:28:10.651525Z  INFO stage5_live_todos: STAGE5_FINISH_BOARD FINISH-UX-06 ÔåÆ Done streak_evals=120
2026-05-23T04:28:10.651529Z  INFO stage5_live_todos: STAGE5_READINESS_HOOK passes=true violations_first=(none) producer_count=1
2026-05-23T04:28:10.651533Z  INFO visual_aidv2_live_todos: VISUAL_AID_V2_BOARD done=3/6 footprint_ok=false readability=true icons=0
2026-05-23T04:28:10.652636Z  INFO stage5_live_todos: STAGE5_GPU_HOOK indirect_instances=0 dispatch_count=0 draw_instances=0 (PHF-01 alignment)
2026-05-23T04:28:10.653101Z  INFO stage5_readiness::live: READINESS_FRAME_FENCE_OK eval_inv=120 frame_tick=120 passes=true
2026-05-23T04:28:10.653108Z  INFO visual_diag: VISUAL_DIAG window frame=119 periodic=false win_logical=(1280, 720) win_physical=(1280, 720) scale=1.0 app=2 base=2 flow=3 worldgen=5 readiness_profile=Stage5ReadinessProfile { require_vt4: true, require_vt5: true, require_preview: true, require_partial_metrics: true, require_world_frame: true, require_phase_f_proof: true, require_instanced_draw: true }
2026-05-23T04:28:10.653119Z  INFO visual_diag: VISUAL_DIAG sim_viewport frame=119 sim_valid=true sim_adequate=true sim_min=Vec2(0.0, 0.0) sim_max=Vec2(1280.0, 720.0) sim_wh=(1280, 720) measured_valid=true measured_wh=(1280, 720) committed_wh=(1280, 720) sim_held=true settle_streak=4 layout_settled=true frozen=true last_commit="hole_hold" pending_wh=(1280, 720) pending_min=Vec2(0.0, 0.0) pending_max=Vec2(1280.0, 720.0)
2026-05-23T04:28:10.653125Z  INFO visual_diag: VISUAL_DIAG camera frame=119 cam_desired_x=160.0 cam_desired_y=160.0 cam_zoom=2.0249998569488525 latch_hole=true render_hole=true latch_invalid_streak=0 latch_valid_streak=118 cam_scissor=Some((0, 0, 1280, 720)) ortho_fixed_w=632 ortho_fixed_h=356 map_view_px_w=1280 map_view_px_h=720 world_w=320 world_h=320
2026-05-23T04:28:10.653130Z  INFO visual_diag: VISUAL_DIAG resolved_viewports frame=119 resolved_rev=114 primary_valid=true primary_wh=(1280, 720) sim_resolved_valid=true sim_resolved_wh=(1280, 720) preview_valid=true preview_wh=(372, 362) minimap_valid=true minimap_wh=(397, 160) mismatch_preview=false mismatch_minimap=false mismatch_sim_map=false mismatch_stale_tex=false
2026-05-23T04:28:10.653134Z  INFO visual_diag: VISUAL_DIAG map_view_frames frame=119 world_preview_proj_rev=1554780161534 minimap_proj_rev=687224767849 sim_map_proj_rev=3092406454492
2026-05-23T04:28:10.653136Z  INFO visual_diag: VISUAL_DIAG map_presentation frame=119 wp_fit=Contain wp_viewport=UVec2(372, 362) wp_fit_scale=1.10595703125 wp_expected_fit_scale=1.10595703125 wp_zoom=1.0407500267028809 mm_fit=Cover mm_viewport=UVec2(397, 160) mm_fit_scale=1.2409179210662842
2026-05-23T04:28:10.653143Z  INFO visual_diag: VISUAL_DIAG render_spine frame=119 raster_rev=30 repr_band=0 repr_lod="LocalTactical" particle_rows_cap=262144 visual_intent="Strategic" visual_zoom_alpha=0.01843632385134697 fire_particle_rows=0 fire_particle_stamp=120 overlay_rev=3 overlay_chunk_cells=28 graph_fire_inst=0 graph_fire_heat=0 gpu_instance_rows=0 gpu_dispatch=1 gpu_draw=0
2026-05-23T04:28:10.653149Z  INFO visual_diag: VISUAL_DIAG perf frame=119 tile_raster_ms=0.0 tile_raster_ran=false world_repr_ms=0.0071000000461936 projection_graph_ms=0.00020000000949949026 domain_merge_ms=0.0 readiness_ms=0.02539999969303608 cpu_pre_egui_ms=0.0 cpu_egui_ms=0.0 cpu_post_egui_ms=0.0 gpu_gap_ms=0.0
2026-05-23T04:28:10.653153Z  INFO visual_diag: VISUAL_DIAG hud_shell frame=119 cmd_shell=false overlay_tray=false transmission=false
2026-05-23T04:28:10.653170Z  INFO perf: PERF wall=26.28 instr=0.03 gap=26.25 | cpu_pre_egui=24.56 cpu_egui=0.46 cpu_post_egui=1.26 gpu_gap=0.00 | spine=0.00 world_repr=0.01 graph=0.00 merge=0.00 atm=0.00 readiness=0.03 raster=0.00 (idle) | upd_attrib sum=6.01 pv_cpu=0.00 pv_gpu=0.01 fire=0.11 stream=5.79 map_fit=0.00 hud=0.10 wgen=0.00 | budget_sum=0.65 hud=0.10 overlay=0.00 raster_b=0.46 particles=0.00 residency=0.03 tex_reg=0.00 render_x=0.05 | stall first+preupd=0.06 update=0.00 post_dom=0.00 post_vt=0.01 postÔåÆready=0.00 ready=0.09 postÔåÆegui=6.85 egui=0.36 post_egui=1.20 | stall_hits=[after_tile_storage_apply:17.6,pre_egui:6.9]
2026-05-23T04:28:10.653177Z  INFO perf: PERF frame=26.3ms update=24.6ms egui=0.5ms preview=0.0ms streaming=5.8ms tile_apply=0.0ms viewport=0.0ms map_fit=0.0ms repr=0.0ms raster=0.0ms
2026-05-23T04:28:10.653182Z  INFO stall: STALL culprit=after_tile_storage_apply duration=17.6ms frame=26.3ms
2026-05-23T04:28:10.653714Z  INFO viewport_authority: VIEWPORT_AUTHORITY source=ResolvedViewport valid=true min=Vec2(0.0, 0.0) max=Vec2(1280.0, 720.0) w=1280.0 h=720.0
2026-05-23T04:28:10.654831Z  INFO construction_finish_todos: CONSTRUCTION_FINISH_COMPLETE done=8/8
2026-05-23T04:28:10.654839Z  INFO construction_round2_todos: CONSTRUCTION_ROUND2_COMPLETE done=15/15
2026-05-23T04:28:10.654842Z  INFO construction_round3_todos: CONSTRUCTION_ROUND3_COMPLETE done=27/27
2026-05-23T04:28:10.654844Z  INFO construction_operational_todos: CONSTRUCTION_OPERATIONAL_GREEN
2026-05-23T04:28:10.664758Z  INFO stage5_live_todos: STAGE5_MAP_CAMERA_HOOK post_mirror desired_xy=(160.00,160.00) zoom=2.0250 world_main_xy=(160.00,160.00) zoom=2.0250 bridge_drift=0.0000
2026-05-23T04:28:10.668462Z  INFO stage5_live_todos: STAGE5_FIRE_HOOK fire_visual_producer_count=1 (expect 1 for FIRE-01)
2026-05-23T04:28:10.671056Z  INFO stall: STALL after_tile_storage_apply: 17.59ms
2026-05-23T04:28:10.674161Z  INFO stage5_live_todos: STAGE5_SPINE_HOOK policy_present=true graph_present=true fence_committed=true fence_fire_tick=121 world_frame_present=true overlay_rev=3 overlay_chunk_cells=28 atm_partial_dispatch=1 atm_gpu_tex_uploads=0 atm_full_field_fallback=false
2026-05-23T04:28:10.677050Z  INFO industrial_activation_todos: INDUSTRIAL_ACTIVATION_GREEN
2026-05-23T04:28:10.677094Z  INFO stall: STALL pre_egui: 6.04ms
2026-05-23T04:28:10.677104Z  INFO viewport_authority: VIEWPORT_AUTHORITY source=UiMeasured valid=true min=Vec2(0.0, 0.0) max=Vec2(1280.0, 720.0) w=1280.0 h=720.0
2026-05-23T04:28:10.677112Z  INFO viewport_authority::solver: VIEWPORT_SOLVER_TARGET node=SimMapFill valid=true rect.source=SimMapFill w=1280.0 h=720.0
2026-05-23T04:28:10.677115Z  INFO viewport_authority: VIEWPORT_AUTHORITY source=LayoutSolver valid=true min=Vec2(0.0, 0.0) max=Vec2(1280.0, 720.0) w=1280.0 h=720.0
2026-05-23T04:28:10.677118Z  INFO viewport_authority: VIEWPORT_AUTHORITY source=LayoutSolver valid=true min=Vec2(0.0, 0.0) max=Vec2(1280.0, 720.0) w=1280.0 h=720.0
2026-05-23T04:28:10.677121Z  INFO viewport_authority: VIEWPORT_AUTHORITY source=UiCommitted valid=true min=Vec2(0.0, 0.0) max=Vec2(1280.0, 720.0) w=1280.0 h=720.0
2026-05-23T04:28:10.677133Z  INFO viewport_authority: VIEWPORT_AUTHORITY source=CameraApplied valid=true min=Vec2(0.0, 0.0) max=Vec2(1280.0, 720.0) w=1280.0 h=720.0
2026-05-23T04:28:10.686163Z  INFO stage5_full_app_harness: wrote stage5 FULL_APP live proof (FINISH-UX-06 streak complete) path="debug_runs/stage5_full_app_live.json" streak=120
2026-05-23T04:28:10.686188Z  INFO stage5_live_todos: STAGE5_READINESS_HOOK passes=true violations_first=(none) producer_count=1
2026-05-23T04:28:10.686197Z  INFO visual_aidv2_live_todos: VISUAL_AID_V2_BOARD done=3/6 footprint_ok=false readability=true icons=0
2026-05-23T04:28:10.686212Z  INFO stall: STALL after_readiness: 9.10ms
2026-05-23T04:28:10.687105Z  INFO ui_layout_tree: UI_LAYOUT_TREE frame=120 root=255v1 target=248v1
2026-05-23T04:28:10.687115Z  INFO ui_layout_tree: hud_root (hud_root) entity=255v1  size=(1280.0,720.0) width=100.0% height=100.0% min=(Auto,Auto) max=(Auto,Auto) flex_grow=0.00 flex_shrink=1.00 flex_dir=Row align_items=Default align_self=Auto justify=Default overflow=Overflow { x: Visible, y: Visible }
2026-05-23T04:28:10.687124Z  INFO ui_layout_tree:   unnamed () entity=264v1  size=(1280.0,38.0) width=100.0% height=38.0px min=(Auto,38.0px) max=(Auto,38.0px) flex_grow=0.00 flex_shrink=1.00 flex_dir=Row align_items=Center align_self=Auto justify=Default overflow=Overflow { x: Clip, y: Clip }
2026-05-23T04:28:10.687128Z  INFO ui_layout_tree:     unnamed () entity=263v1  size=(127.0,63.0) width=Auto height=Auto min=(Auto,Auto) max=(Auto,Auto) flex_grow=0.00 flex_shrink=1.00 flex_dir=Row align_items=Default align_self=Auto justify=Default overflow=Overflow { x: Visible, y: Visible }
2026-05-23T04:28:10.687132Z  INFO ui_layout_tree:     unnamed () entity=262v1  size=(120.0,16.0) width=Auto height=Auto min=(120.0px,Auto) max=(Auto,Auto) flex_grow=1.00 flex_shrink=1.00 flex_dir=Row align_items=Default align_self=Auto justify=Center overflow=Overflow { x: Visible, y: Visible }
2026-05-23T04:28:10.687136Z  INFO ui_layout_tree:       unnamed () entity=261v1  size=(71.0,16.0) width=Auto height=Auto min=(Auto,Auto) max=(Auto,Auto) flex_grow=0.00 flex_shrink=1.00 flex_dir=Row align_items=Default align_self=Auto justify=Default overflow=Overflow { x: Visible, y: Visible }
2026-05-23T04:28:10.687139Z  INFO ui_layout_tree:     unnamed () entity=260v1  size=(137.0,47.0) width=Auto height=Auto min=(Auto,Auto) max=(Auto,Auto) flex_grow=0.00 flex_shrink=1.00 flex_dir=Row align_items=Default align_self=Auto justify=Default overflow=Overflow { x: Visible, y: Visible }
2026-05-23T04:28:10.687144Z  INFO ui_layout_tree:     unnamed () entity=259v1  size=(735.0,63.0) width=Auto height=Auto min=(Auto,Auto) max=(Auto,Auto) flex_grow=0.00 flex_shrink=1.00 flex_dir=Row align_items=Default align_self=Auto justify=Default overflow=Overflow { x: Visible, y: Visible }
2026-05-23T04:28:10.687147Z  INFO ui_layout_tree:     unnamed () entity=258v1  size=(39.0,32.0) width=Auto height=Auto min=(Auto,Auto) max=(Auto,Auto) flex_grow=0.00 flex_shrink=1.00 flex_dir=Row align_items=Default align_self=Auto justify=Default overflow=Overflow { x: Visible, y: Visible }
2026-05-23T04:28:10.687151Z  INFO ui_layout_tree:     unnamed () entity=257v1  size=(32.0,47.0) width=Auto height=Auto min=(Auto,Auto) max=(Auto,Auto) flex_grow=0.00 flex_shrink=1.00 flex_dir=Row align_items=Default align_self=Auto justify=Default overflow=Overflow { x: Visible, y: Visible }
2026-05-23T04:28:10.687155Z  INFO ui_layout_tree:   unnamed () entity=256v1  size=(1280.0,26.0) width=100.0% height=26.0px min=(Auto,26.0px) max=(Auto,26.0px) flex_grow=0.00 flex_shrink=1.00 flex_dir=Row align_items=Center align_self=Auto justify=Default overflow=Overflow { x: Clip, y: Clip }
2026-05-23T04:28:10.687159Z  INFO ui_layout_tree:     unnamed () entity=253v1  size=(904.0,14.0) width=Auto height=Auto min=(Auto,Auto) max=(Auto,Auto) flex_grow=0.00 flex_shrink=1.00 flex_dir=Row align_items=Default align_self=Auto justify=Default overflow=Overflow { x: Visible, y: Visible }
2026-05-23T04:28:10.687163Z  INFO ui_layout_tree:   unnamed () entity=254v1  size=(1280.0,22.0) width=100.0% height=22.0px min=(Auto,22.0px) max=(Auto,22.0px) flex_grow=0.00 flex_shrink=1.00 flex_dir=Row align_items=Center align_self=Auto justify=Default overflow=Overflow { x: Clip, y: Clip }
2026-05-23T04:28:10.687167Z  INFO ui_layout_tree:     unnamed () entity=250v1  size=(580.0,14.0) width=Auto height=Auto min=(Auto,Auto) max=(Auto,Auto) flex_grow=0.00 flex_shrink=1.00 flex_dir=Row align_items=Default align_self=Auto justify=Default overflow=Overflow { x: Visible, y: Visible }
2026-05-23T04:28:10.687170Z  INFO ui_layout_tree:   center_row (center_row) entity=251v1  size=(1280.0,720.0) width=Auto height=Auto min=(Auto,Auto) max=(Auto,Auto) flex_grow=0.00 flex_shrink=1.00 flex_dir=Row align_items=Default align_self=Auto justify=Default overflow=Overflow { x: Clip, y: Clip }
2026-05-23T04:28:10.687175Z  INFO ui_layout_tree:     sim_map_fill (sim_map_fill) entity=248v1 <<< SIM_VIEWPORT size=(1280.0,720.0) width=100.0% height=100.0% min=(400.0px,300.0px) max=(Auto,Auto) flex_grow=0.00 flex_shrink=1.00 flex_dir=Row align_items=Default align_self=Auto justify=Default overflow=Overflow { x: Clip, y: Clip }
2026-05-23T04:28:10.687179Z  INFO ui_layout_tree:   left_stack_overlay (left_stack_overlay) entity=249v1  size=(36.0,626.0) width=Auto height=Auto min=(Auto,Auto) max=(Auto,Auto) flex_grow=0.00 flex_shrink=1.00 flex_dir=Row align_items=Stretch align_self=Auto justify=Default overflow=Overflow { x: Clip, y: Clip }
2026-05-23T04:28:10.687184Z  INFO ui_layout_tree:     unnamed () entity=246v1  size=(36.0,626.0) width=36.0px height=Auto min=(Auto,120.0px) max=(Auto,Auto) flex_grow=0.00 flex_shrink=1.00 flex_dir=Row align_items=Center align_self=Auto justify=Center overflow=Overflow { x: Visible, y: Visible }
2026-05-23T04:28:10.687187Z  INFO ui_layout_tree:       unnamed () entity=247v1  size=(7.0,53.0) width=Auto height=Auto min=(Auto,Auto) max=(Auto,Auto) flex_grow=0.00 flex_shrink=1.00 flex_dir=Row align_items=Default align_self=Auto justify=Default overflow=Overflow { x: Visible, y: Visible }
2026-05-23T04:28:10.687192Z  INFO ui_layout_tree:     unnamed () entity=19v2  size=(0.0,0.0) width=400.0px height=100.0% min=(Auto,Auto) max=(Auto,100.0%) flex_grow=0.00 flex_shrink=0.00 flex_dir=Column align_items=Default align_self=Auto justify=Default overflow=Overflow { x: Clip, y: Clip }
2026-05-23T04:28:10.687195Z  INFO ui_layout_tree:       unnamed () entity=245v1  size=(0.0,0.0) width=Auto height=Auto min=(Auto,Auto) max=(Auto,Auto) flex_grow=0.00 flex_shrink=1.00 flex_dir=Row align_items=Default align_self=Auto justify=Default overflow=Overflow { x: Visible, y: Visible }
2026-05-23T04:28:10.687199Z  INFO ui_layout_tree:       unnamed () entity=244v1  size=(0.0,0.0) width=Auto height=Auto min=(Auto,Auto) max=(Auto,Auto) flex_grow=0.00 flex_shrink=1.00 flex_dir=Row align_items=Default align_self=Auto justify=Default overflow=Overflow { x: Visible, y: Visible }
2026-05-23T04:28:10.687202Z  INFO ui_layout_tree:       unnamed () entity=243v1  size=(0.0,0.0) width=Auto height=Auto min=(Auto,Auto) max=(Auto,Auto) flex_grow=0.00 flex_shrink=1.00 flex_dir=Row align_items=Default align_self=Auto justify=Default overflow=Overflow { x: Visible, y: Visible }
2026-05-23T04:28:10.687206Z  INFO ui_layout_tree:       unnamed () entity=242v1  size=(0.0,0.0) width=Auto height=Auto min=(Auto,Auto) max=(Auto,Auto) flex_grow=0.00 flex_shrink=1.00 flex_dir=Row align_items=Default align_self=Auto justify=Default overflow=Overflow { x: Visible, y: Visible }
2026-05-23T04:28:10.687209Z  INFO ui_layout_tree:       unnamed () entity=240v1  size=(0.0,0.0) width=Auto height=Auto min=(Auto,Auto) max=(Auto,Auto) flex_grow=0.00 flex_shrink=1.00 flex_dir=Row align_items=Default align_self=Auto justify=Default overflow=Overflow { x: Visible, y: Visible }
2026-05-23T04:28:10.687213Z  INFO ui_layout_tree:       unnamed () entity=241v1  size=(0.0,0.0) width=Auto height=Auto min=(Auto,Auto) max=(Auto,Auto) flex_grow=0.00 flex_shrink=1.00 flex_dir=Row align_items=Default align_self=Auto justify=Default overflow=Overflow { x: Visible, y: Visible }
2026-05-23T04:28:10.687216Z  INFO ui_layout_tree:       unnamed () entity=239v1  size=(0.0,0.0) width=Auto height=Auto min=(Auto,Auto) max=(Auto,Auto) flex_grow=0.00 flex_shrink=1.00 flex_dir=Row align_items=Default align_self=Auto justify=Default overflow=Overflow { x: Visible, y: Visible }
2026-05-23T04:28:10.687219Z  INFO ui_layout_tree:       unnamed () entity=73158v1  size=(0.0,0.0) width=Auto height=Auto min=(Auto,Auto) max=(Auto,Auto) flex_grow=0.00 flex_shrink=1.00 flex_dir=Row align_items=Default align_self=Auto justify=Default overflow=Overflow { x: Visible, y: Visible }
2026-05-23T04:28:10.687223Z  INFO ui_layout_tree:       unnamed () entity=73157v1  size=(0.0,0.0) width=Auto height=Auto min=(Auto,Auto) max=(Auto,Auto) flex_grow=0.00 flex_shrink=1.00 flex_dir=Row align_items=Default align_self=Auto justify=Default overflow=Overflow { x: Visible, y: Visible }
2026-05-23T04:28:10.687241Z  INFO ui_layout_tree::chain: MAP_LAYOUT_CHAIN:
  Window: 1280x720
  RootHud: 1280x720
  center_row: 1280x720
  sim_map_fill: 1280x720
  MapFill: 1280x720
  Measured: 1280x720
  Committed: 1280x720
  Solver(SimMapFill): 1280x720
  CommittedResource: 1280x720 last_commit=hole_hold frame=120
2026-05-23T04:28:10.687359Z  INFO stage5_live_todos: STAGE5_GPU_HOOK indirect_instances=0 dispatch_count=0 draw_instances=0 (PHF-01 alignment)
2026-05-23T04:28:10.687829Z  INFO visual_diag: VISUAL_DIAG window frame=120 periodic=true win_logical=(1280, 720) win_physical=(1280, 720) scale=1.0 app=2 base=2 flow=3 worldgen=5 readiness_profile=Stage5ReadinessProfile { require_vt4: true, require_vt5: true, require_preview: true, require_partial_metrics: true, require_world_frame: true, require_phase_f_proof: true, require_instanced_draw: true }
2026-05-23T04:28:10.687838Z  INFO visual_diag: VISUAL_DIAG sim_viewport frame=120 sim_valid=true sim_adequate=true sim_min=Vec2(0.0, 0.0) sim_max=Vec2(1280.0, 720.0) sim_wh=(1280, 720) measured_valid=true measured_wh=(1280, 720) committed_wh=(1280, 720) sim_held=true settle_streak=4 layout_settled=true frozen=true last_commit="hole_hold" pending_wh=(1280, 720) pending_min=Vec2(0.0, 0.0) pending_max=Vec2(1280.0, 720.0)
2026-05-23T04:28:10.687843Z  INFO visual_diag: VISUAL_DIAG camera frame=120 cam_desired_x=160.0 cam_desired_y=160.0 cam_zoom=2.0249998569488525 latch_hole=true render_hole=true latch_invalid_streak=0 latch_valid_streak=119 cam_scissor=Some((0, 0, 1280, 720)) ortho_fixed_w=632 ortho_fixed_h=356 map_view_px_w=1280 map_view_px_h=720 world_w=320 world_h=320
2026-05-23T04:28:10.687847Z  INFO visual_diag: VISUAL_DIAG resolved_viewports frame=120 resolved_rev=114 primary_valid=true primary_wh=(1280, 720) sim_resolved_valid=true sim_resolved_wh=(1280, 720) preview_valid=true preview_wh=(372, 362) minimap_valid=true minimap_wh=(397, 160) mismatch_preview=false mismatch_minimap=false mismatch_sim_map=false mismatch_stale_tex=false
2026-05-23T04:28:10.687851Z  INFO visual_diag: VISUAL_DIAG map_view_frames frame=120 world_preview_proj_rev=1554780161534 minimap_proj_rev=687224767849 sim_map_proj_rev=3092406454492
2026-05-23T04:28:10.687853Z  INFO visual_diag: VISUAL_DIAG map_presentation frame=120 wp_fit=Contain wp_viewport=UVec2(372, 362) wp_fit_scale=1.10595703125 wp_expected_fit_scale=1.10595703125 wp_zoom=1.0407500267028809 mm_fit=Cover mm_viewport=UVec2(397, 160) mm_fit_scale=1.2409179210662842
2026-05-23T04:28:10.687858Z  INFO visual_diag: VISUAL_DIAG render_spine frame=120 raster_rev=30 repr_band=0 repr_lod="LocalTactical" particle_rows_cap=262144 visual_intent="Strategic" visual_zoom_alpha=0.01843632385134697 fire_particle_rows=0 fire_particle_stamp=121 overlay_rev=3 overlay_chunk_cells=28 graph_fire_inst=0 graph_fire_heat=0 gpu_instance_rows=0 gpu_dispatch=1 gpu_draw=0
2026-05-23T04:28:10.687862Z  INFO visual_diag: VISUAL_DIAG perf frame=120 tile_raster_ms=0.0 tile_raster_ran=false world_repr_ms=0.008100000210106373 projection_graph_ms=0.00020000000949949026 domain_merge_ms=0.00010000000474974513 readiness_ms=0.02070000022649765 cpu_pre_egui_ms=0.0 cpu_egui_ms=0.0 cpu_post_egui_ms=0.0 gpu_gap_ms=0.0
2026-05-23T04:28:10.687866Z  INFO visual_diag: VISUAL_DIAG hud_shell frame=120 cmd_shell=false overlay_tray=false transmission=false
2026-05-23T04:28:10.687887Z  INFO perf: PERF wall=34.46 instr=0.03 gap=34.43 | cpu_pre_egui=23.69 cpu_egui=9.45 cpu_post_egui=1.32 gpu_gap=0.00 | spine=0.00 world_repr=0.01 graph=0.00 merge=0.00 atm=0.00 readiness=0.02 raster=0.00 (idle) | upd_attrib sum=5.83 pv_cpu=0.00 pv_gpu=0.00 fire=0.09 stream=5.64 map_fit=0.00 hud=0.10 wgen=0.00 | budget_sum=0.64 hud=0.10 overlay=0.00 raster_b=0.46 particles=0.00 residency=0.03 tex_reg=0.00 render_x=0.05 | egui_unbudgeted=9.36 | stall first+preupd=0.05 update=0.00 post_dom=0.00 post_vt=0.01 postÔåÆready=0.00 ready=9.10 postÔåÆegui=6.04 egui=0.35 post_egui=1.27 | stall_hits=[after_tile_storage_apply:17.6,pre_egui:6.0,after_readiness:9.1]
2026-05-23T04:28:10.687903Z  INFO perf: PERF frame=34.5ms update=23.7ms egui=9.5ms preview=0.0ms streaming=5.6ms tile_apply=0.0ms viewport=0.0ms map_fit=0.0ms repr=0.0ms raster=0.0ms
2026-05-23T04:28:10.687907Z  INFO stall: STALL culprit=after_tile_storage_apply duration=17.6ms frame=34.5ms
2026-05-23T04:28:10.688365Z  INFO viewport_authority: VIEWPORT_AUTHORITY source=ResolvedViewport valid=true min=Vec2(0.0, 0.0) max=Vec2(1280.0, 720.0) w=1280.0 h=720.0
2026-05-23T04:28:10.689318Z  INFO construction_finish_todos: CONSTRUCTION_FINISH_COMPLETE done=8/8
2026-05-23T04:28:10.689327Z  INFO construction_round2_todos: CONSTRUCTION_ROUND2_COMPLETE done=15/15
2026-05-23T04:28:10.689330Z  INFO construction_round3_todos: CONSTRUCTION_ROUND3_COMPLETE done=27/27
2026-05-23T04:28:10.689336Z  INFO construction_operational_todos: CONSTRUCTION_OPERATIONAL_GREEN
2026-05-23T04:28:10.700152Z  INFO stage5_live_todos: STAGE5_MAP_CAMERA_HOOK post_mirror desired_xy=(160.00,160.00) zoom=2.0250 world_main_xy=(160.00,160.00) zoom=2.0250 bridge_drift=0.0000
2026-05-23T04:28:10.703872Z  INFO stage5_live_todos: STAGE5_FIRE_HOOK fire_visual_producer_count=1 (expect 1 for FIRE-01)
2026-05-23T04:28:10.706420Z  INFO stall: STALL after_tile_storage_apply: 18.23ms
2026-05-23T04:28:10.709481Z  INFO stage5_live_todos: STAGE5_SPINE_HOOK policy_present=true graph_present=true fence_committed=true fence_fire_tick=122 world_frame_present=true overlay_rev=3 overlay_chunk_cells=28 atm_partial_dispatch=1 atm_gpu_tex_uploads=0 atm_full_field_fallback=false
2026-05-23T04:28:10.712552Z  INFO industrial_activation_todos: INDUSTRIAL_ACTIVATION_GREEN
2026-05-23T04:28:10.712592Z  INFO stall: STALL pre_egui: 6.17ms
2026-05-23T04:28:10.712602Z  INFO viewport_authority: VIEWPORT_AUTHORITY source=UiMeasured valid=true min=Vec2(0.0, 0.0) max=Vec2(1280.0, 720.0) w=1280.0 h=720.0
2026-05-23T04:28:10.712608Z  INFO viewport_authority::solver: VIEWPORT_SOLVER_TARGET node=SimMapFill valid=true rect.source=SimMapFill w=1280.0 h=720.0
2026-05-23T04:28:10.712612Z  INFO viewport_authority: VIEWPORT_AUTHORITY source=LayoutSolver valid=true min=Vec2(0.0, 0.0) max=Vec2(1280.0, 720.0) w=1280.0 h=720.0
2026-05-23T04:28:10.712615Z  INFO viewport_authority: VIEWPORT_AUTHORITY source=LayoutSolver valid=true min=Vec2(0.0, 0.0) max=Vec2(1280.0, 720.0) w=1280.0 h=720.0
2026-05-23T04:28:10.712617Z  INFO viewport_authority: VIEWPORT_AUTHORITY source=UiCommitted valid=true min=Vec2(0.0, 0.0) max=Vec2(1280.0, 720.0) w=1280.0 h=720.0
2026-05-23T04:28:10.712628Z  INFO viewport_authority: VIEWPORT_AUTHORITY source=CameraApplied valid=true min=Vec2(0.0, 0.0) max=Vec2(1280.0, 720.0) w=1280.0 h=720.0
2026-05-23T04:28:10.712652Z  INFO stage5_live_todos: STAGE5_READINESS_HOOK passes=true violations_first=(none) producer_count=1
2026-05-23T04:28:10.712658Z  INFO visual_aidv2_live_todos: VISUAL_AID_V2_BOARD done=3/6 footprint_ok=false readability=true icons=0
2026-05-23T04:28:10.713798Z  INFO stage5_live_todos: STAGE5_GPU_HOOK indirect_instances=0 dispatch_count=0 draw_instances=0 (PHF-01 alignment)
2026-05-23T04:28:10.714284Z  INFO visual_diag: VISUAL_DIAG window frame=121 periodic=false win_logical=(1280, 720) win_physical=(1280, 720) scale=1.0 app=2 base=2 flow=3 worldgen=5 readiness_profile=Stage5ReadinessProfile { require_vt4: true, require_vt5: true, require_preview: true, require_partial_metrics: true, require_world_frame: true, require_phase_f_proof: true, require_instanced_draw: true }
2026-05-23T04:28:10.714294Z  INFO visual_diag: VISUAL_DIAG sim_viewport frame=121 sim_valid=true sim_adequate=true sim_min=Vec2(0.0, 0.0) sim_max=Vec2(1280.0, 720.0) sim_wh=(1280, 720) measured_valid=true measured_wh=(1280, 720) committed_wh=(1280, 720) sim_held=true settle_streak=4 layout_settled=true frozen=true last_commit="hole_hold" pending_wh=(1280, 720) pending_min=Vec2(0.0, 0.0) pending_max=Vec2(1280.0, 720.0)
2026-05-23T04:28:10.714300Z  INFO visual_diag: VISUAL_DIAG camera frame=121 cam_desired_x=160.0 cam_desired_y=160.0 cam_zoom=2.0249998569488525 latch_hole=true render_hole=true latch_invalid_streak=0 latch_valid_streak=120 cam_scissor=Some((0, 0, 1280, 720)) ortho_fixed_w=632 ortho_fixed_h=356 map_view_px_w=1280 map_view_px_h=720 world_w=320 world_h=320
2026-05-23T04:28:10.714304Z  INFO visual_diag: VISUAL_DIAG resolved_viewports frame=121 resolved_rev=114 primary_valid=true primary_wh=(1280, 720) sim_resolved_valid=true sim_resolved_wh=(1280, 720) preview_valid=true preview_wh=(372, 362) minimap_valid=true minimap_wh=(397, 160) mismatch_preview=false mismatch_minimap=false mismatch_sim_map=false mismatch_stale_tex=false
2026-05-23T04:28:10.714310Z  INFO visual_diag: VISUAL_DIAG map_view_frames frame=121 world_preview_proj_rev=1554780161534 minimap_proj_rev=687224767849 sim_map_proj_rev=3092406454492
2026-05-23T04:28:10.714313Z  INFO visual_diag: VISUAL_DIAG map_presentation frame=121 wp_fit=Contain wp_viewport=UVec2(372, 362) wp_fit_scale=1.10595703125 wp_expected_fit_scale=1.10595703125 wp_zoom=1.0407500267028809 mm_fit=Cover mm_viewport=UVec2(397, 160) mm_fit_scale=1.2409179210662842
2026-05-23T04:28:10.714317Z  INFO visual_diag: VISUAL_DIAG render_spine frame=121 raster_rev=30 repr_band=0 repr_lod="LocalTactical" particle_rows_cap=262144 visual_intent="Strategic" visual_zoom_alpha=0.01843632385134697 fire_particle_rows=0 fire_particle_stamp=122 overlay_rev=3 overlay_chunk_cells=28 graph_fire_inst=0 graph_fire_heat=0 gpu_instance_rows=0 gpu_dispatch=1 gpu_draw=0
2026-05-23T04:28:10.714322Z  INFO visual_diag: VISUAL_DIAG perf frame=121 tile_raster_ms=0.0 tile_raster_ran=false world_repr_ms=0.009600000455975533 projection_graph_ms=0.0003000000142492354 domain_merge_ms=0.00010000000474974513 readiness_ms=0.016300000250339508 cpu_pre_egui_ms=0.0 cpu_egui_ms=0.0 cpu_post_egui_ms=0.0 gpu_gap_ms=0.0
2026-05-23T04:28:10.714326Z  INFO visual_diag: VISUAL_DIAG hud_shell frame=121 cmd_shell=false overlay_tray=false transmission=false
2026-05-23T04:28:10.714349Z  INFO perf: PERF wall=26.18 instr=0.03 gap=26.15 | cpu_pre_egui=24.45 cpu_egui=0.41 cpu_post_egui=1.32 gpu_gap=0.00 | spine=0.00 world_repr=0.01 graph=0.00 merge=0.00 atm=0.00 readiness=0.02 raster=0.00 (idle) | upd_attrib sum=5.76 pv_cpu=0.00 pv_gpu=0.00 fire=0.08 stream=5.56 map_fit=0.00 hud=0.11 wgen=0.00 | budget_sum=0.65 hud=0.11 overlay=0.00 raster_b=0.46 particles=0.00 residency=0.03 tex_reg=0.00 render_x=0.05 | stall first+preupd=0.03 update=0.00 post_dom=0.00 post_vt=0.02 postÔåÆready=0.00 ready=0.05 postÔåÆegui=6.17 egui=0.35 post_egui=1.26 | stall_hits=[after_tile_storage_apply:18.2,pre_egui:6.2]
2026-05-23T04:28:10.714355Z  INFO perf: PERF frame=26.2ms update=24.5ms egui=0.4ms preview=0.0ms streaming=5.6ms tile_apply=0.0ms viewport=0.0ms map_fit=0.0ms repr=0.0ms raster=0.0ms
2026-05-23T04:28:10.714358Z  INFO stall: STALL culprit=after_tile_storage_apply duration=18.2ms frame=26.2ms
2026-05-23T04:28:10.715004Z  INFO viewport_authority: VIEWPORT_AUTHORITY source=ResolvedViewport valid=true min=Vec2(0.0, 0.0) max=Vec2(1280.0, 720.0) w=1280.0 h=720.0
2026-05-23T04:28:10.715856Z  INFO construction_finish_todos: CONSTRUCTION_FINISH_COMPLETE done=8/8
2026-05-23T04:28:10.715864Z  INFO construction_round2_todos: CONSTRUCTION_ROUND2_COMPLETE done=15/15
2026-05-23T04:28:10.715868Z  INFO construction_round3_todos: CONSTRUCTION_ROUND3_COMPLETE done=27/27
2026-05-23T04:28:10.715871Z  INFO construction_operational_todos: CONSTRUCTION_OPERATIONAL_GREEN
2026-05-23T04:28:10.727574Z  INFO stage5_live_todos: STAGE5_MAP_CAMERA_HOOK post_mirror desired_xy=(160.00,160.00) zoom=2.0250 world_main_xy=(160.00,160.00) zoom=2.0250 bridge_drift=0.0000
2026-05-23T04:28:10.731345Z  INFO stage5_live_todos: STAGE5_FIRE_HOOK fire_visual_producer_count=1 (expect 1 for FIRE-01)
2026-05-23T04:28:10.733928Z  INFO stall: STALL after_tile_storage_apply: 19.26ms
2026-05-23T04:28:10.737061Z  INFO stage5_live_todos: STAGE5_SPINE_HOOK policy_present=true graph_present=true fence_committed=true fence_fire_tick=123 world_frame_present=true overlay_rev=3 overlay_chunk_cells=28 atm_partial_dispatch=1 atm_gpu_tex_uploads=0 atm_full_field_fallback=false
2026-05-23T04:28:10.740415Z  INFO industrial_activation_todos: INDUSTRIAL_ACTIVATION_GREEN
2026-05-23T04:28:10.740472Z  INFO stall: STALL pre_egui: 6.54ms
2026-05-23T04:28:10.740481Z  INFO viewport_authority: VIEWPORT_AUTHORITY source=UiMeasured valid=true min=Vec2(0.0, 0.0) max=Vec2(1280.0, 720.0) w=1280.0 h=720.0
2026-05-23T04:28:10.740491Z  INFO viewport_authority::solver: VIEWPORT_SOLVER_TARGET node=SimMapFill valid=true rect.source=SimMapFill w=1280.0 h=720.0
2026-05-23T04:28:10.740494Z  INFO viewport_authority: VIEWPORT_AUTHORITY source=LayoutSolver valid=true min=Vec2(0.0, 0.0) max=Vec2(1280.0, 720.0) w=1280.0 h=720.0
2026-05-23T04:28:10.740497Z  INFO viewport_authority: VIEWPORT_AUTHORITY source=LayoutSolver valid=true min=Vec2(0.0, 0.0) max=Vec2(1280.0, 720.0) w=1280.0 h=720.0
2026-05-23T04:28:10.740500Z  INFO viewport_authority: VIEWPORT_AUTHORITY source=UiCommitted valid=true min=Vec2(0.0, 0.0) max=Vec2(1280.0, 720.0) w=1280.0 h=720.0
2026-05-23T04:28:10.740517Z  INFO viewport_authority: VIEWPORT_AUTHORITY source=CameraApplied valid=true min=Vec2(0.0, 0.0) max=Vec2(1280.0, 720.0) w=1280.0 h=720.0
2026-05-23T04:28:10.740542Z  INFO stage5_live_todos: STAGE5_READINESS_HOOK passes=true violations_first=(none) producer_count=1
2026-05-23T04:28:10.740551Z  INFO visual_aidv2_live_todos: VISUAL_AID_V2_BOARD done=3/6 footprint_ok=false readability=true icons=0
2026-05-23T04:28:10.741821Z  INFO stage5_live_todos: STAGE5_GPU_HOOK indirect_instances=0 dispatch_count=0 draw_instances=0 (PHF-01 alignment)
2026-05-23T04:28:10.742354Z  INFO visual_diag: VISUAL_DIAG window frame=122 periodic=false win_logical=(1280, 720) win_physical=(1280, 720) scale=1.0 app=2 base=2 flow=3 worldgen=5 readiness_profile=Stage5ReadinessProfile { require_vt4: true, require_vt5: true, require_preview: true, require_partial_metrics: true, require_world_frame: true, require_phase_f_proof: true, require_instanced_draw: true }
2026-05-23T04:28:10.742365Z  INFO visual_diag: VISUAL_DIAG sim_viewport frame=122 sim_valid=true sim_adequate=true sim_min=Vec2(0.0, 0.0) sim_max=Vec2(1280.0, 720.0) sim_wh=(1280, 720) measured_valid=true measured_wh=(1280, 720) committed_wh=(1280, 720) sim_held=true settle_streak=4 layout_settled=true frozen=true last_commit="hole_hold" pending_wh=(1280, 720) pending_min=Vec2(0.0, 0.0) pending_max=Vec2(1280.0, 720.0)
2026-05-23T04:28:10.742372Z  INFO visual_diag: VISUAL_DIAG camera frame=122 cam_desired_x=160.0 cam_desired_y=160.0 cam_zoom=2.0249998569488525 latch_hole=true render_hole=true latch_invalid_streak=0 latch_valid_streak=121 cam_scissor=Some((0, 0, 1280, 720)) ortho_fixed_w=632 ortho_fixed_h=356 map_view_px_w=1280 map_view_px_h=720 world_w=320 world_h=320
2026-05-23T04:28:10.742376Z  INFO visual_diag: VISUAL_DIAG resolved_viewports frame=122 resolved_rev=114 primary_valid=true primary_wh=(1280, 720) sim_resolved_valid=true sim_resolved_wh=(1280, 720) preview_valid=true preview_wh=(372, 362) minimap_valid=true minimap_wh=(397, 160) mismatch_preview=false mismatch_minimap=false mismatch_sim_map=false mismatch_stale_tex=false
2026-05-23T04:28:10.742380Z  INFO visual_diag: VISUAL_DIAG map_view_frames frame=122 world_preview_proj_rev=1554780161534 minimap_proj_rev=687224767849 sim_map_proj_rev=3092406454492
2026-05-23T04:28:10.742383Z  INFO visual_diag: VISUAL_DIAG map_presentation frame=122 wp_fit=Contain wp_viewport=UVec2(372, 362) wp_fit_scale=1.10595703125 wp_expected_fit_scale=1.10595703125 wp_zoom=1.0407500267028809 mm_fit=Cover mm_viewport=UVec2(397, 160) mm_fit_scale=1.2409179210662842
2026-05-23T04:28:10.742388Z  INFO visual_diag: VISUAL_DIAG render_spine frame=122 raster_rev=30 repr_band=0 repr_lod="LocalTactical" particle_rows_cap=262144 visual_intent="Strategic" visual_zoom_alpha=0.01843632385134697 fire_particle_rows=0 fire_particle_stamp=123 overlay_rev=3 overlay_chunk_cells=28 graph_fire_inst=0 graph_fire_heat=0 gpu_instance_rows=0 gpu_dispatch=1 gpu_draw=0
2026-05-23T04:28:10.742393Z  INFO visual_diag: VISUAL_DIAG perf frame=122 tile_raster_ms=0.0 tile_raster_ran=false world_repr_ms=0.010900000110268593 projection_graph_ms=0.0003000000142492354 domain_merge_ms=0.0 readiness_ms=0.02329999953508377 cpu_pre_egui_ms=0.0 cpu_egui_ms=0.0 cpu_post_egui_ms=0.0 gpu_gap_ms=0.0
2026-05-23T04:28:10.742396Z  INFO visual_diag: VISUAL_DIAG hud_shell frame=122 cmd_shell=false overlay_tray=false transmission=false
2026-05-23T04:28:10.742417Z  INFO perf: PERF wall=27.77 instr=0.03 gap=27.74 | cpu_pre_egui=25.85 cpu_egui=0.53 cpu_post_egui=1.39 gpu_gap=0.00 | spine=0.00 world_repr=0.01 graph=0.00 merge=0.00 atm=0.00 readiness=0.02 raster=0.00 (idle) | upd_attrib sum=5.90 pv_cpu=0.00 pv_gpu=0.00 fire=0.10 stream=5.66 map_fit=0.00 hud=0.14 wgen=0.00 | budget_sum=0.68 hud=0.14 overlay=0.00 raster_b=0.46 particles=0.00 residency=0.03 tex_reg=0.00 render_x=0.05 | stall first+preupd=0.03 update=0.01 post_dom=0.00 post_vt=0.01 postÔåÆready=0.00 ready=0.07 postÔåÆegui=6.54 egui=0.44 post_egui=1.34 | stall_hits=[after_tile_storage_apply:19.3,pre_egui:6.5]
2026-05-23T04:28:10.742422Z  INFO perf: PERF frame=27.8ms update=25.8ms egui=0.5ms preview=0.0ms streaming=5.7ms tile_apply=0.0ms viewport=0.0ms map_fit=0.0ms repr=0.0ms raster=0.0ms
2026-05-23T04:28:10.742426Z  INFO stall: STALL culprit=after_tile_storage_apply duration=19.3ms frame=27.8ms
2026-05-23T04:28:10.742952Z  INFO viewport_authority: VIEWPORT_AUTHORITY source=ResolvedViewport valid=true min=Vec2(0.0, 0.0) max=Vec2(1280.0, 720.0) w=1280.0 h=720.0
2026-05-23T04:28:10.743955Z  INFO construction_finish_todos: CONSTRUCTION_FINISH_COMPLETE done=8/8
2026-05-23T04:28:10.743966Z  INFO construction_round2_todos: CONSTRUCTION_ROUND2_COMPLETE done=15/15
2026-05-23T04:28:10.743971Z  INFO construction_round3_todos: CONSTRUCTION_ROUND3_COMPLETE done=27/27
2026-05-23T04:28:10.743975Z  INFO construction_operational_todos: CONSTRUCTION_OPERATIONAL_GREEN
2026-05-23T04:28:10.758872Z  INFO stage5_live_todos: STAGE5_MAP_CAMERA_HOOK post_mirror desired_xy=(160.00,160.00) zoom=2.0250 world_main_xy=(160.00,160.00) zoom=2.0250 bridge_drift=0.0000
2026-05-23T04:28:10.762735Z  INFO stage5_live_todos: STAGE5_FIRE_HOOK fire_visual_producer_count=1 (expect 1 for FIRE-01)
2026-05-23T04:28:10.765432Z  INFO stall: STALL after_tile_storage_apply: 22.70ms
2026-05-23T04:28:10.768801Z  INFO stage5_live_todos: STAGE5_SPINE_HOOK policy_present=true graph_present=true fence_committed=true fence_fire_tick=124 world_frame_present=true overlay_rev=3 overlay_chunk_cells=28 atm_partial_dispatch=1 atm_gpu_tex_uploads=0 atm_full_field_fallback=false
2026-05-23T04:28:10.771900Z  INFO industrial_activation_todos: INDUSTRIAL_ACTIVATION_GREEN
2026-05-23T04:28:10.771954Z  INFO viewport_authority: VIEWPORT_AUTHORITY source=UiMeasured valid=true min=Vec2(0.0, 0.0) max=Vec2(1280.0, 720.0) w=1280.0 h=720.0
2026-05-23T04:28:10.771957Z  INFO stall: STALL pre_egui: 6.52ms
2026-05-23T04:28:10.771963Z  INFO viewport_authority::solver: VIEWPORT_SOLVER_TARGET node=SimMapFill valid=true rect.source=SimMapFill w=1280.0 h=720.0
2026-05-23T04:28:10.771970Z  INFO viewport_authority: VIEWPORT_AUTHORITY source=LayoutSolver valid=true min=Vec2(0.0, 0.0) max=Vec2(1280.0, 720.0) w=1280.0 h=720.0
2026-05-23T04:28:10.771975Z  INFO viewport_authority: VIEWPORT_AUTHORITY source=LayoutSolver valid=true min=Vec2(0.0, 0.0) max=Vec2(1280.0, 720.0) w=1280.0 h=720.0
2026-05-23T04:28:10.771978Z  INFO viewport_authority: VIEWPORT_AUTHORITY source=UiCommitted valid=true min=Vec2(0.0, 0.0) max=Vec2(1280.0, 720.0) w=1280.0 h=720.0
2026-05-23T04:28:10.771991Z  INFO viewport_authority: VIEWPORT_AUTHORITY source=CameraApplied valid=true min=Vec2(0.0, 0.0) max=Vec2(1280.0, 720.0) w=1280.0 h=720.0
2026-05-23T04:28:10.772024Z  INFO stage5_live_todos: STAGE5_READINESS_HOOK passes=true violations_first=(none) producer_count=1
2026-05-23T04:28:10.772034Z  INFO visual_aidv2_live_todos: VISUAL_AID_V2_BOARD done=3/6 footprint_ok=false readability=true icons=0
2026-05-23T04:28:10.773194Z  INFO stage5_live_todos: STAGE5_GPU_HOOK indirect_instances=0 dispatch_count=0 draw_instances=0 (PHF-01 alignment)
2026-05-23T04:28:10.773703Z  INFO visual_diag: VISUAL_DIAG window frame=123 periodic=false win_logical=(1280, 720) win_physical=(1280, 720) scale=1.0 app=2 base=2 flow=3 worldgen=5 readiness_profile=Stage5ReadinessProfile { require_vt4: true, require_vt5: true, require_preview: true, require_partial_metrics: true, require_world_frame: true, require_phase_f_proof: true, require_instanced_draw: true }
2026-05-23T04:28:10.773713Z  INFO visual_diag: VISUAL_DIAG sim_viewport frame=123 sim_valid=true sim_adequate=true sim_min=Vec2(0.0, 0.0) sim_max=Vec2(1280.0, 720.0) sim_wh=(1280, 720) measured_valid=true measured_wh=(1280, 720) committed_wh=(1280, 720) sim_held=true settle_streak=4 layout_settled=true frozen=true last_commit="hole_hold" pending_wh=(1280, 720) pending_min=Vec2(0.0, 0.0) pending_max=Vec2(1280.0, 720.0)
2026-05-23T04:28:10.773719Z  INFO visual_diag: VISUAL_DIAG camera frame=123 cam_desired_x=160.0 cam_desired_y=160.0 cam_zoom=2.0249998569488525 latch_hole=true render_hole=true latch_invalid_streak=0 latch_valid_streak=122 cam_scissor=Some((0, 0, 1280, 720)) ortho_fixed_w=632 ortho_fixed_h=356 map_view_px_w=1280 map_view_px_h=720 world_w=320 world_h=320
2026-05-23T04:28:10.773724Z  INFO visual_diag: VISUAL_DIAG resolved_viewports frame=123 resolved_rev=114 primary_valid=true primary_wh=(1280, 720) sim_resolved_valid=true sim_resolved_wh=(1280, 720) preview_valid=true preview_wh=(372, 362) minimap_valid=true minimap_wh=(397, 160) mismatch_preview=false mismatch_minimap=false mismatch_sim_map=false mismatch_stale_tex=false
2026-05-23T04:28:10.773728Z  INFO visual_diag: VISUAL_DIAG map_view_frames frame=123 world_preview_proj_rev=1554780161534 minimap_proj_rev=687224767849 sim_map_proj_rev=3092406454492
2026-05-23T04:28:10.773730Z  INFO visual_diag: VISUAL_DIAG map_presentation frame=123 wp_fit=Contain wp_viewport=UVec2(372, 362) wp_fit_scale=1.10595703125 wp_expected_fit_scale=1.10595703125 wp_zoom=1.0407500267028809 mm_fit=Cover mm_viewport=UVec2(397, 160) mm_fit_scale=1.2409179210662842
2026-05-23T04:28:10.773736Z  INFO visual_diag: VISUAL_DIAG render_spine frame=123 raster_rev=30 repr_band=0 repr_lod="LocalTactical" particle_rows_cap=262144 visual_intent="Strategic" visual_zoom_alpha=0.01843632385134697 fire_particle_rows=0 fire_particle_stamp=124 overlay_rev=3 overlay_chunk_cells=28 graph_fire_inst=0 graph_fire_heat=0 gpu_instance_rows=0 gpu_dispatch=1 gpu_draw=0
2026-05-23T04:28:10.773741Z  INFO visual_diag: VISUAL_DIAG perf frame=123 tile_raster_ms=0.0 tile_raster_ran=false world_repr_ms=0.012600000016391277 projection_graph_ms=0.00020000000949949026 domain_merge_ms=0.00010000000474974513 readiness_ms=0.02199999988079071 cpu_pre_egui_ms=0.0 cpu_egui_ms=0.0 cpu_post_egui_ms=0.0 gpu_gap_ms=0.0
2026-05-23T04:28:10.773744Z  INFO visual_diag: VISUAL_DIAG hud_shell frame=123 cmd_shell=false overlay_tray=false transmission=false
2026-05-23T04:28:10.773760Z  INFO perf: PERF wall=31.05 instr=0.04 gap=31.01 | cpu_pre_egui=29.25 cpu_egui=0.47 cpu_post_egui=1.33 gpu_gap=0.00 | spine=0.00 world_repr=0.01 graph=0.00 merge=0.00 atm=0.00 readiness=0.02 raster=0.00 (idle) | upd_attrib sum=6.24 pv_cpu=0.00 pv_gpu=0.00 fire=0.12 stream=6.00 map_fit=0.00 hud=0.12 wgen=0.00 | budget_sum=0.67 hud=0.12 overlay=0.00 raster_b=0.46 particles=0.00 residency=0.04 tex_reg=0.00 render_x=0.05 | stall first+preupd=0.03 update=0.00 post_dom=0.00 post_vt=0.01 postÔåÆready=0.00 ready=0.07 postÔåÆegui=6.52 egui=0.38 post_egui=1.27 | stall_hits=[after_tile_storage_apply:22.7,pre_egui:6.5]
2026-05-23T04:28:10.773765Z  INFO perf: PERF frame=31.0ms update=29.2ms egui=0.5ms preview=0.0ms streaming=6.0ms tile_apply=0.0ms viewport=0.0ms map_fit=0.0ms repr=0.0ms raster=0.0ms
2026-05-23T04:28:10.773769Z  INFO stall: STALL culprit=after_tile_storage_apply duration=22.7ms frame=31.0ms
2026-05-23T04:28:10.773782Z  INFO stage5_full_app_harness: visual test proof committed ÔÇö requesting graceful AppExit
